-- phpMyAdmin SQL Dump
-- version 5.2.2
-- https://www.phpmyadmin.net/
--
-- Host: mysql:3306
-- Generation Time: Apr 06, 2025 at 04:38 PM
-- Server version: 9.2.0
-- PHP Version: 8.2.27

SET SQL_MODE = "NO_AUTO_VALUE_ON_ZERO";
START TRANSACTION;
SET time_zone = "+00:00";


/*!40101 SET @OLD_CHARACTER_SET_CLIENT=@@CHARACTER_SET_CLIENT */;
/*!40101 SET @OLD_CHARACTER_SET_RESULTS=@@CHARACTER_SET_RESULTS */;
/*!40101 SET @OLD_COLLATION_CONNECTION=@@COLLATION_CONNECTION */;
/*!40101 SET NAMES utf8mb4 */;

--
-- Database: `cars24`
--

-- --------------------------------------------------------

--
-- Table structure for table `customer`
--

CREATE TABLE `customer` (
  `id_customer` varchar(255) NOT NULL,
  `first_name` varchar(100) DEFAULT NULL,
  `last_name` varchar(100) DEFAULT NULL,
  `email` varchar(255) DEFAULT NULL,
  `rating` varchar(10) DEFAULT NULL
) ENGINE=InnoDB DEFAULT CHARSET=utf8mb4 COLLATE=utf8mb4_0900_ai_ci;

--
-- Dumping data for table `customer`
--

INSERT INTO `customer` (`id_customer`, `first_name`, `last_name`, `email`, `rating`) VALUES
('007e7b4c-2b23-4f5e-8c25-e640693776f0', 'David', 'Cox', 'sullivanjonathon@example.com', '2 star'),
('0164f8cc-f157-4be2-ad52-d75c20349364', 'Sara', 'Jordan', 'rachelyoung@example.net', '3 star'),
('02e14553-e9c5-4e8a-bbb3-7f3983fc6d2a', 'David', 'Haley', 'brandigray@example.com', '1 star'),
('03feaffa-d14f-440b-847c-8ae04fd11520', 'Amber', 'Collins', 'christopher73@example.org', '4 star'),
('06605eb6-c185-45f9-8f5e-b0cc75252842', 'Brian', 'Davis', 'fscott@example.net', '1 star'),
('06d935fe-5a9b-463e-a8ab-84b4e6820502', 'Mallory', 'Wilcox', 'bradley18@example.org', '3 star'),
('08dcf23c-29a0-4522-ba5b-c8d07b4ac122', 'Jacob', 'Miller', 'nkane@example.net', '5 star'),
('0c119b17-923c-4d54-ac59-5ac7acbdcf47', 'Dustin', 'Blevins', 'jason20@example.com', '1 star'),
('0ceb83c7-6b16-4370-8a30-05163004c5cc', 'Christopher', 'Thomas', 'stacywood@example.com', '4 star'),
('0cf9c0a7-8bf6-4e7d-ba3d-fc6a78405821', 'Justin', 'Adams', 'malonejesse@example.org', '3 star'),
('0d58d88d-2122-436e-8e51-1ce3e440a540', 'Brian', 'Jones', 'patricia78@example.com', '4 star'),
('0f23090d-793c-4d8d-9ab3-c95e5a923042', 'Madeline', 'Turner', 'gina59@example.net', '3 star'),
('10fd5aca-9a7c-443f-908e-842517f8eff0', 'Kathleen', 'Collins', 'morganwilson@example.com', '2 star'),
('114d6c59-aeba-4256-bc46-2e105d699a3b', 'Aaron', 'Douglas', 'krystal99@example.net', '2 star'),
('116b5dbc-0172-44ab-b153-740aa9c9d31e', 'Brian', 'Howe', 'brennanmaria@example.com', '1 star'),
('118530da-751c-4315-aa68-35cedc58f005', 'Carrie', 'Oneill', 'kingjennifer@example.org', '5 star'),
('13c665e0-3022-4741-bd6b-a31dea918ff3', 'Jenny', 'Vazquez', 'stoneian@example.org', '1 star'),
('142ca075-7e70-4f03-a78f-70fb64e08faf', 'Anthony', 'Smith', 'lutzlisa@example.com', '2 star'),
('15499ef6-e07b-4271-b45e-d82d10f3f513', 'Kelly', 'Martin', 'lanejulie@example.org', '1 star'),
('1628e71e-a690-4826-b88f-6551d38118fb', 'Megan', 'Santos', 'klinedenise@example.org', '2 star'),
('166355a9-f27a-4036-b72a-37f1ade8a102', 'Crystal', 'Davis', 'nwalton@example.com', '5 star'),
('16c0d5aa-c5da-4b5d-85f7-8d6f4dd71e30', 'Susan', 'Morales', 'ksilva@example.net', '2 star'),
('19000518-af0c-4b0b-947d-4979801c2dfc', 'Sydney', 'Koch', 'todd82@example.com', '2 star'),
('191c3114-50ef-4043-989f-1e97f8e9a877', 'Ellen', 'Johnson', 'mitchelllisa@example.org', '1 star'),
('1eed0924-316f-4758-b1c3-75d3dbde732f', 'Miguel', 'Hardy', 'kennethgordon@example.org', '4 star'),
('1f9a7cb0-bf24-4a40-9f11-eaacfcca5638', 'Robyn', 'Green', 'gregtaylor@example.org', '2 star'),
('20ac8e30-279a-4e34-a0d0-8daa587220a8', 'Mason', 'Murillo', 'coneal@example.com', '3 star'),
('2283c75e-e44d-4077-a1af-fa95d9a7cdbf', 'Karen', 'Houston', 'ghampton@example.net', '2 star'),
('239a6410-a8af-49fd-a1a3-7a2e3ff891bb', 'Nancy', 'Paul', 'rodriguezbruce@example.net', '3 star'),
('239b96fe-2e77-4cc6-b16c-87d7d2972f14', 'Adam', 'Shepard', 'tford@example.com', '1 star'),
('242ef8b6-5909-4f0f-b895-d021ecbfb00d', 'Marc', 'Lynch', 'marshallmichelle@example.net', '3 star'),
('25547234-a84e-4fba-be08-c0ea3436124b', 'Samuel', 'Carter', 'travisperez@example.org', '5 star'),
('258dc7e9-3291-4ab5-bbc5-5e480a3800a5', 'Lisa', 'Bean', 'james96@example.com', '3 star'),
('25b45a83-70e7-4685-b5f2-6b78b2e7ed2c', 'Gina', 'Soto', 'shelbynelson@example.org', '2 star'),
('264b0790-82ed-41b3-b08e-16eb4a2b2aa7', 'Amanda', 'Kennedy', 'bshort@example.com', '5 star'),
('2677ef4a-2fd4-43cd-a9cf-63c68c578191', 'Danielle', 'Mcdaniel', 'robertdavis@example.net', '3 star'),
('2857cce6-cb7d-46db-8ac2-c1bc6f1da9c1', 'Alex', 'Gonzales', 'gstewart@example.net', '2 star'),
('2b696c5d-9cc6-4f15-b533-47b7a35f64d2', 'Mary', 'Olsen', 'alvaradochristopher@example.net', '1 star'),
('2b88c01e-9e9e-4687-8a9e-6906337f0343', 'Robert', 'Dennis', 'christinaward@example.net', '1 star'),
('2c61e4d6-b3bf-49b4-8c0b-ba9924bb9f6c', 'Debra', 'Reynolds', 'maryrobinson@example.org', '4 star'),
('2c6a0988-53be-4807-96cb-c69e352ce7e9', 'Austin', 'House', 'wilsondouglas@example.net', '5 star'),
('2ca59f3d-0c0b-4265-9bd3-af5216f30573', 'Joseph', 'Hernandez', 'gina09@example.org', '2 star'),
('2ec800ee-9be2-48ef-b47d-745663373076', 'Matthew', 'Vargas', 'amandacampos@example.org', '2 star'),
('2f94a7ad-e780-461e-8863-56a64bd44e8a', 'Joseph', 'Flynn', 'ashleyyoung@example.org', '5 star'),
('2fd09d39-0dee-4727-8c13-22d3911955c3', 'Richard', 'Stewart', 'debrahowe@example.net', '4 star'),
('318960ba-4ecf-4289-82c6-e92f74f6748a', 'Michael', 'Jennings', 'rlynn@example.org', '4 star'),
('31a7f8a5-68bb-45ae-b1c4-0f867f1ec398', 'Samantha', 'Brewer', 'castillonatalie@example.net', '1 star'),
('31b5d41b-9825-440b-8c83-db7fab6cf750', 'Nina', 'Jones', 'williamwhite@example.org', '5 star'),
('31c4b675-0fc8-4cf3-8b90-f404b0b5d62d', 'Barbara', 'Bond', 'bowmanlee@example.net', '4 star'),
('31fb5182-7e7c-4f49-89dd-73c9d2f72997', 'Curtis', 'Hogan', 'luis82@example.net', '4 star'),
('327004bb-5c70-40a2-aca7-359c59fa7069', 'Breanna', 'Mooney', 'hortonfrederick@example.org', '3 star'),
('32832771-b0d6-48af-863e-acdb17c0a35d', 'Drew', 'Vazquez', 'toddcarla@example.org', '3 star'),
('363d9210-f1a5-410f-b615-851541dafc47', 'Christopher', 'Oneal', 'russellmoore@example.org', '1 star'),
('3b632977-5123-43ca-a97f-f2e40b4eae10', 'Bailey', 'Cochran', 'paula86@example.net', '4 star'),
('3e5b5e71-ba49-4a30-8d9a-4459b72f4fa2', 'Regina', 'Torres', 'mduncan@example.com', '3 star'),
('44b82fa5-ab25-4b3e-ad61-f62647dfa54c', 'Matthew', 'Stevens', 'nlopez@example.org', '3 star'),
('44fd9227-f64f-4afc-875a-e10e4fd75f59', 'William', 'Graham', 'amanda96@example.org', '1 star'),
('4765ee38-5f57-4a74-964c-a14565a0378e', 'Tony', 'Banks', 'stevenwong@example.com', '2 star'),
('4a08fd06-768a-4b84-a37e-ec87ccf54a8e', 'Scott', 'Ramirez', 'justin08@example.net', '4 star'),
('4a67ebdf-6c32-426d-b92b-cbd6aa0bbb09', 'Matthew', 'Patterson', 'brewerkatherine@example.net', '2 star'),
('4ab451b2-8921-415b-8c8e-3934fca1f5da', 'Kevin', 'Nguyen', 'pholmes@example.net', '2 star'),
('4af1de4a-34ce-41de-9b07-382ebefe73e5', 'Kimberly', 'Becker', 'andres63@example.org', '2 star'),
('4b99d2e0-6df1-4205-8d47-b6494ec399e8', 'Elizabeth', 'Levine', 'stephanie87@example.org', '3 star'),
('51c16919-816c-4c0c-b1c9-37f4d01fa133', 'Jeffrey', 'Sampson', 'townsendjason@example.com', '5 star'),
('520a7045-c07f-4711-8f71-eb04ce262de3', 'Michael', 'Bell', 'ariaskevin@example.net', '2 star'),
('530d78e8-e1a2-40a8-bae1-82c2b1f9c521', 'Rebecca', 'Lee', 'jennifer95@example.org', '1 star'),
('537a49fc-6a72-45c1-9f14-d1fb6d65f683', 'Christopher', 'Grant', 'julia92@example.com', '1 star'),
('53c1a694-97db-4576-902a-c07d49a907be', 'Joseph', 'Jones', 'gabriellecollier@example.org', '2 star'),
('54b273be-e37c-4aa7-838b-cbd8e5b9f81e', 'Caitlyn', 'Anderson', 'tonybrown@example.com', '2 star'),
('57ccd994-133e-47f8-aaeb-f98610b4ff49', 'Terri', 'Stephens', 'twheeler@example.com', '1 star'),
('5aa9281f-6881-42c6-8422-4548a2fee763', 'Ryan', 'Bullock', 'johnsonjeffrey@example.net', '2 star'),
('5ae99da1-2bc2-462f-99fb-7f766f44f49e', 'Kimberly', 'Scott', 'clarkekathleen@example.net', '2 star'),
('5ba308b2-5e06-4e87-b6e3-a428062e5a45', 'Janet', 'Arroyo', 'tonya94@example.org', '2 star'),
('5bb8d34c-2297-4bdb-a4c2-10068f803d45', 'Melissa', 'Baird', 'bobbybryant@example.com', '3 star'),
('5d7d44c0-ef9b-44c2-9297-4ae01e5e14e7', 'Logan', 'Copeland', 'webercharles@example.org', '2 star'),
('5f25da18-6be6-4ffa-94f2-40b4e761b6f0', 'Erika', 'Mercado', 'cjones@example.com', '2 star'),
('61019ff3-a3fc-4d26-a954-6d23f1562696', 'Nicole', 'White', 'mcmillankimberly@example.net', '1 star'),
('63b55129-ca1d-49de-8a7e-bb08d8260565', 'Emily', 'Montes', 'jhoffman@example.org', '3 star'),
('65cc32f9-d4c0-4313-a625-3b7dbd8c91e3', 'Jeff', 'Martinez', 'megan76@example.org', '2 star'),
('66bbd2f8-041c-438b-a514-03541a161906', 'David', 'Johnston', 'dstone@example.net', '4 star'),
('6701adba-0d86-497c-8c6b-e9547571a2d9', 'Michael', 'Choi', 'reynoldssamantha@example.org', '1 star'),
('678bd763-e901-4966-836a-f22e26e8c802', 'Jason', 'Cortez', 'ronaldwalker@example.net', '1 star'),
('68065598-0a46-4648-b330-de4f847073d0', 'Matthew', 'Mills', 'davidlester@example.org', '2 star'),
('6ac95144-ca5d-4519-a196-2b10e5391e00', 'Jonathan', 'Williams', 'mcgrathelizabeth@example.com', '1 star'),
('6d875df7-faa2-42e3-80bb-c134323e87a7', 'Elizabeth', 'Jensen', 'mcguirechristina@example.net', '4 star'),
('6f40b8c1-c12a-447e-a190-8f2576977578', 'Jennifer', 'Lyons', 'serranojesse@example.com', '1 star'),
('6f78dd60-44b4-4b30-b65b-0004b1586697', 'Joanna', 'Anderson', 'emilyclark@example.com', '1 star'),
('6f9b3391-3742-4786-8807-63c13888afc3', 'Meghan', 'Hunt', 'wbrooks@example.net', '3 star'),
('6fc31d18-db80-4823-b4f5-03c9f4f9ec7c', 'Teresa', 'Gonzales', 'wlong@example.net', '2 star'),
('7103fd54-00c1-4a99-99cb-cecc23ba7c03', 'Stephanie', 'Casey', 'riley37@example.net', '2 star'),
('712cff10-292e-41a3-ac7a-420f7bc02803', 'Carrie', 'Austin', 'ashleybrown@example.com', '4 star'),
('717f7653-75ca-40a4-8c15-c95b8271eb20', 'Amy', 'Robertson', 'griffithjames@example.net', '4 star'),
('72828d79-0796-4b70-a3ef-b3815093e160', 'Nathaniel', 'Kelley', 'jennifercaldwell@example.org', '2 star'),
('728d06b2-3a72-4e5b-9338-f04ecf5f8b4a', 'David', 'Cervantes', 'david23@example.net', '1 star'),
('7302a95e-73f5-4a5a-bdf3-51c2bec90173', 'Karen', 'Hernandez', 'beckerheidi@example.com', '2 star'),
('741d3006-aa27-4331-9dfe-ada10ac544b7', 'Katie', 'Malone', 'juan11@example.com', '5 star'),
('745a9aad-fb95-4ea4-9503-8c8105882862', 'Tracy', 'Hartman', 'ryanyork@example.com', '4 star'),
('74dd689f-2aab-4cf1-9a46-9b4d2114514e', 'Charles', 'Jones', 'joshuawilson@example.net', '2 star'),
('74ea14fe-10a2-42a8-a647-cd54f61fe382', 'Jennifer', 'Rodriguez', 'alexandra07@example.net', '2 star'),
('7531bbae-cb98-4f0b-8486-ebe6b1797d24', 'Samantha', 'Smith', 'gary93@example.com', '5 star'),
('756d4b02-1593-4094-b44d-6e1ff441361f', 'Benjamin', 'Summers', 'jmonroe@example.org', '4 star'),
('75d89fb0-2033-44d5-afc3-2e57faf58126', 'Jeffrey', 'Simmons', 'jason49@example.org', '2 star'),
('7607003a-212c-41c9-a1a4-02dc5ca212ba', 'John', 'Norris', 'garyperry@example.com', '2 star'),
('7693a493-2521-4c2d-8264-c94a7cb31a92', 'Matthew', 'Scott', 'brandonporter@example.com', '1 star'),
('7718d74e-e6eb-4932-aad1-167105a11a3a', 'Vanessa', 'Espinoza', 'christopher18@example.net', '2 star'),
('78f782d3-7199-4210-821c-afc336390cd4', 'Lauren', 'Black', 'cynthia34@example.org', '5 star'),
('79f6d774-8966-4497-ab9d-1aa8111e9be6', 'Christina', 'Irwin', 'jesse77@example.com', '4 star'),
('7aba5951-af19-4be0-8aa7-753843bdfb0f', 'Keith', 'Aguilar', 'rgriffith@example.org', '2 star'),
('7ec5e70b-bca7-4a25-a2c6-f75dcbf87638', 'Jamie', 'Anderson', 'sandra19@example.org', '5 star'),
('81649930-dcde-459b-8e4f-1509111127eb', 'Stephanie', 'Stewart', 'amber46@example.com', '1 star'),
('83c58405-ed5d-46fa-96f5-307fcd96ad92', 'Mike', 'Evans', 'martinjoseph@example.org', '1 star'),
('84cb19dd-389d-45e7-a812-6cf038b2345e', 'Sabrina', 'Hayes', 'olsontravis@example.com', '4 star'),
('856e28a2-7e5b-492d-89ae-8567f59eac85', 'Felicia', 'Rodriguez', 'johnsonedward@example.net', '2 star'),
('8694a7f8-7bd2-4422-ab4f-b61ac6106554', 'Shawn', 'Stewart', 'ageorge@example.net', '2 star'),
('86c6f89c-ae6d-4ece-ac79-0047b5d0fcdd', 'Michael', 'Davis', 'jasondecker@example.org', '5 star'),
('890c4621-6455-46ea-81f9-d4638b592f3d', 'Manuel', 'Torres', 'alexanderroberts@example.org', '2 star'),
('891c34da-b563-4412-9d7d-936f880b21c8', 'Natalie', 'Lester', 'jorgesmith@example.net', '4 star'),
('89be7c40-19b9-4117-b5e6-855fc80ffbe4', 'Bobby', 'Donaldson', 'krauseamy@example.org', '2 star'),
('8a32412e-51a7-448e-9467-79869e9e7e99', 'Cheryl', 'Hurst', 'powellrachel@example.net', '5 star'),
('8d65ff84-99fc-402e-bf22-37ae8bfd5e43', 'Joseph', 'Savage', 'richardlevy@example.net', '4 star'),
('8ea42c75-661f-4f60-bd3c-a595b6ca15bc', 'Pamela', 'Johnson', 'mccarthyalicia@example.net', '3 star'),
('900f20b0-da96-4175-93d8-2b8364b47c42', 'Angelica', 'Jarvis', 'esandoval@example.net', '2 star'),
('912109a7-705c-4242-87f3-10033bf26005', 'Haley', 'Thomas', 'wpowell@example.org', '4 star'),
('924e7e20-eebc-495c-b7a1-ae04ebe45a5a', 'Catherine', 'Preston', 'johnstonbetty@example.com', '5 star'),
('9490722f-a305-4625-a7bb-38271ccfa2fd', 'Andres', 'Gilmore', 'brandonmartin@example.net', '3 star'),
('95d655a2-f8b2-4943-8e40-f29d4ed4c57b', 'Donald', 'Hull', 'benjaminsmith@example.com', '2 star'),
('9b1b1996-8a61-4236-9916-ca06e4c021a4', 'Jesse', 'Peters', 'osbornsamantha@example.org', '4 star'),
('9b518155-c6c7-4e01-8dd4-032531246f7c', 'Angela', 'Long', 'adam59@example.org', '1 star'),
('9b576a1b-9739-426a-afa7-b811ffddf74a', 'Jennifer', 'Brown', 'jose88@example.com', '2 star'),
('9bfd83de-0b5d-4ee8-86cb-490fd55eced2', 'Benjamin', 'Dalton', 'thompsoncarol@example.org', '4 star'),
('9cce89e1-efed-4ae2-8c1f-a16b9ae919f0', 'Kimberly', 'Mills', 'angelafuller@example.com', '4 star'),
('9dd4b85b-01be-4d00-9e47-cb0944c97456', 'Heather', 'Miller', 'bdavis@example.net', '4 star'),
('9ff0119f-6851-48da-ad2f-a946bd980cae', 'Christopher', 'Miller', 'coxanthony@example.net', '3 star'),
('a0063fba-d481-40aa-b01e-d065e4da3cc4', 'Charles', 'Howell', 'maryreyes@example.com', '1 star'),
('a21a4edd-5d3c-4bf9-9357-b6202d613cd8', 'Nathan', 'Brown', 'barry15@example.com', '2 star'),
('a590eb1b-23d3-4f42-af8f-b507de6d2788', 'Megan', 'Torres', 'hsimon@example.com', '1 star'),
('a61b1347-d898-4170-bc27-dc9bd73d7303', 'Lori', 'Gray', 'wolfejose@example.com', '4 star'),
('a6805054-4191-4d43-ada3-a807a78f15ef', 'Seth', 'Harris', 'katelynsantos@example.com', '2 star'),
('aa93b8ad-a974-42a9-9764-aaaffaa21a5f', 'Christian', 'Fletcher', 'patricia44@example.org', '5 star'),
('aab374a7-b02f-415e-bbdd-9378435e82b2', 'Shelly', 'Kelley', 'rturner@example.org', '2 star'),
('ac0b5068-38a4-4102-9192-13df8abc616d', 'Mariah', 'Cook', 'gonzalezjennifer@example.org', '1 star'),
('ad384e62-1875-43d3-9878-6da45dc20e4b', 'James', 'Boyd', 'qroberts@example.org', '4 star'),
('b26d4a6b-6589-4d53-8893-57e3fb62785c', 'Devon', 'Gonzales', 'ramosnathan@example.net', '5 star'),
('b43bc10d-c549-4d90-80f1-a517a1ca6683', 'Matthew', 'Costa', 'smithsamantha@example.com', '1 star'),
('b4860a2b-94b1-4bf0-af52-46b477a4aab3', 'Christina', 'Macias', 'mark10@example.com', '4 star'),
('b556def5-8570-4c4a-9772-03d838551420', 'Amanda', 'Smith', 'davismegan@example.com', '4 star'),
('b63763de-568b-4525-85c9-b65fb31c7883', 'Daniel', 'Peterson', 'xbrown@example.org', '3 star'),
('b988f6f0-43be-4f45-9b80-d95ec51257e2', 'Jeffrey', 'Brewer', 'rking@example.net', '1 star'),
('bc88bec2-dd71-4811-a01c-ff0602c4a4a6', 'Rebecca', 'Johnson', 'mitchell02@example.org', '5 star'),
('bccd78fd-4338-4211-92aa-404e9a8ca067', 'Gina', 'Phillips', 'barbara72@example.org', '3 star'),
('bd7a62fa-18c1-4da1-a4ad-7fc7585926f1', 'John', 'Johnson', 'whiteclinton@example.net', '2 star'),
('bff7cfc3-0e79-4f10-b65f-73f59aecde2a', 'Katherine', 'Johnson', 'guerratristan@example.net', '3 star'),
('c0cf50dd-4a25-4863-8f54-5cfcf13166b7', 'Kimberly', 'Scott', 'campbellmichael@example.com', '1 star'),
('c0d3bde6-36cc-4d93-8f1f-5cb70ab92c97', 'Amanda', 'Roberson', 'cherrykatherine@example.net', '3 star'),
('c71446ba-868f-4ff8-951d-0005c98617e1', 'Jamie', 'Duran', 'elizabeth21@example.net', '4 star'),
('c7d91e97-86ee-4d10-8bf5-3b495590ebee', 'David', 'White', 'jasongoodman@example.com', '5 star'),
('cc93600a-918d-4cd2-8fb5-091f018b74a8', 'Sabrina', 'Robinson', 'chill@example.com', '2 star'),
('cdc72b68-8d08-43e6-824d-8677f5a057aa', 'Marissa', 'Oneill', 'pettybenjamin@example.com', '1 star'),
('ce1df218-757e-4cce-90c0-3fe9780bb377', 'Victoria', 'Rhodes', 'sabrina77@example.org', '4 star'),
('cf01b625-dba6-47d6-92d7-2287b9850437', 'Brandon', 'Hooper', 'williamslisa@example.com', '5 star'),
('cf24e1f0-154f-48f8-ab3f-f55d6c2c342f', 'Heather', 'Johnson', 'davidreynolds@example.net', '2 star'),
('cfa36bf5-82a4-4bb6-8b3e-ba65037531b6', 'Thomas', 'Garcia', 'alexis60@example.com', '2 star'),
('d134b1fa-4e7e-4912-ad9a-38df1e24fc37', 'Daniel', 'Camacho', 'emily18@example.net', '3 star'),
('d1dde2d1-6883-4667-a9fe-a5a9d587076a', 'Luis', 'Hall', 'dorr@example.com', '1 star'),
('d229d796-50be-457d-9a2e-78bec74957ac', 'Samantha', 'Bell', 'lisaellis@example.com', '3 star'),
('d2333b8f-9c2a-4f8b-a69c-a33f4abfd441', 'Aaron', 'Johnson', 'elucas@example.com', '4 star'),
('d3353655-885c-4d30-9295-fa0af724217d', 'William', 'Gray', 'williamssteven@example.org', '1 star'),
('d3d9e1f5-b590-4042-8ef8-63783f1d8249', 'Donald', 'Greene', 'stephaniescott@example.com', '4 star'),
('d58dbf41-cd08-4a6c-a4e8-c093f378c534', 'Shannon', 'Kaiser', 'riveraedward@example.org', '1 star'),
('d6e852a0-e98d-4632-93c5-bb3e80b42c48', 'Robert', 'Valdez', 'sharon84@example.net', '3 star'),
('d79b2a18-ba4f-4116-b8e8-1c20ea3ac317', 'John', 'Thornton', 'frenchmichael@example.org', '4 star'),
('d93d8e87-522c-4547-afd5-a8dafa582394', 'Jonathan', 'Carroll', 'charlesmurphy@example.net', '4 star'),
('d9de8d89-f2c8-4860-b17f-3f522ee5aa72', 'Michael', 'Jones', 'lori61@example.net', '3 star'),
('dc2738b7-63c0-4fca-86ad-a63a56121b93', 'Paul', 'Pitts', 'kevinowens@example.net', '1 star'),
('dc749658-9697-4547-9ed7-93e82e9e36a7', 'Lance', 'Bowman', 'sarahfrey@example.com', '4 star'),
('deafc0e5-4441-4115-87ef-aa70d3ef2d96', 'Margaret', 'Rose', 'richard68@example.com', '1 star'),
('e07b43cd-2481-41d2-977b-13d3eabb4750', 'Lisa', 'Quinn', 'lisa11@example.com', '4 star'),
('e2f1826b-7d18-422b-8c20-8e2511d5775d', 'Jasmin', 'Monroe', 'richardsoncynthia@example.org', '3 star'),
('e5ec8885-d79c-4f6b-8bd8-2651e400466a', 'Leslie', 'Morgan', 'kmeyer@example.net', '5 star'),
('e69a14b3-ae9c-4962-879e-f5fad70b7eb5', 'Debra', 'Park', 'lewisnancy@example.net', '1 star'),
('e7ddb23b-dab8-4d30-be71-c37dff75bde7', 'Victoria', 'Fritz', 'nelsonchristopher@example.net', '4 star'),
('e957aaf0-325c-4d18-ae3f-51ff22169868', 'Glen', 'Stevens', 'vramos@example.net', '4 star'),
('ea396f95-de4c-45a4-88e0-4420e8b3a58a', 'Angela', 'Flynn', 'zdavies@example.com', '5 star'),
('ea64f028-7031-4058-94a3-c6a5f48308ce', 'Angelica', 'Zimmerman', 'adamscourtney@example.org', '3 star'),
('ebae3726-cfa4-4413-9eff-b5ce669e62f4', 'John', 'Miller', 'jzuniga@example.org', '3 star'),
('ed28d6c8-caf1-4dfe-8da9-ada2b3b372f9', 'Ronald', 'Sharp', 'jaimehodge@example.org', '3 star'),
('eeb92d79-d4e4-495a-9e91-4ef883faeb52', 'Cynthia', 'Johnston', 'fbarber@example.com', '2 star'),
('f0b90cdf-8983-4137-ac16-ac558f22a892', 'Crystal', 'Olson', 'williamsdanielle@example.org', '3 star'),
('f22e23ec-8865-4c22-a211-4f043b9cde9d', 'David', 'Walls', 'meaganrobinson@example.com', '2 star'),
('f3069ab9-1b09-4a0d-b0cf-913c680be71b', 'Amanda', 'Foster', 'veronicayang@example.org', '3 star'),
('f5215375-f4d1-455d-8e9c-6268a0d693a3', 'Allison', 'Campbell', 'lesterrebecca@example.net', '2 star'),
('f586bfe1-bb09-49b9-b841-f55cb3aa9d1a', 'Theresa', 'Mckee', 'timothylowe@example.net', '2 star'),
('f71c082a-7648-4a50-b161-bc36cbd1f9b1', 'Hannah', 'Beck', 'vincent95@example.org', '2 star'),
('f8480810-59a0-4c17-b861-163d2f74e875', 'Nicole', 'Arias', 'lopezashley@example.net', '5 star'),
('f8e6b14b-a3fa-4e29-aedc-546199104084', 'Elizabeth', 'Perez', 'georgemartin@example.net', '4 star'),
('fc2b0402-8e33-4055-a4be-87b82b5659a5', 'Jose', 'Villarreal', 'krystalgreene@example.net', '4 star'),
('fd2ea378-8485-4a52-bc66-d6d2dc91d12a', 'David', 'Parker', 'thomaskelly@example.com', '1 star'),
('fe3c2e15-3ff0-463b-b9a1-d23d39df3cd3', 'Jeremy', 'Christensen', 'aespinoza@example.org', '5 star'),
('ff53fa3e-d666-408d-a1f3-e4a07edead4e', 'Peter', 'Taylor', 'xbradley@example.com', '2 star'),
('ff9bef60-c661-47b7-b308-c3d09f71aca8', 'Jack', 'Perez', 'kroberts@example.com', '3 star');

-- --------------------------------------------------------

--
-- Table structure for table `engine`
--

CREATE TABLE `engine` (
  `id_engine` varchar(255) NOT NULL,
  `fuel_type` varchar(50) DEFAULT NULL,
  `capacity` varchar(50) DEFAULT NULL
) ENGINE=InnoDB DEFAULT CHARSET=utf8mb4 COLLATE=utf8mb4_0900_ai_ci;

--
-- Dumping data for table `engine`
--

INSERT INTO `engine` (`id_engine`, `fuel_type`, `capacity`) VALUES
('0f5f4c3e-150f-49d4-9e6b-915ee207a43a', 'Petrol', '1196.0'),
('2343f91d-5291-47ee-96a4-33b827968fca', 'Petrol', '1197.0'),
('3a4c6a69-05c2-4597-95d6-b0f71a474f76', 'Petrol', '1462.0'),
('433f8970-ea23-4e07-8294-e82821e11f1d', 'Petrol', '998.0'),
('485f23bd-ca7a-4ad2-9d84-4e7908ef60a4', 'CNG', '1197.0'),
('53f68bf4-bf17-468d-8c1c-4381e7d47445', 'Petrol', '1373.0'),
('58812d8a-7c0b-4786-9686-1ab87d0d8ddb', 'CNG', '796.0'),
('5b16ac17-1268-4078-afd1-2aba6819a246', 'Diesel', '1248.0'),
('62dfee90-91b1-4b51-9946-55968362a1f6', 'Petrol', '1248.0'),
('7b92fd64-a65f-4f79-98c9-ffe4c7a81aca', 'CNG', '1373.0'),
('a254380f-ea84-4018-8fed-4551854ac95f', 'Petrol', '796.0'),
('b41d47d6-baca-4aad-9cf2-04a065156d70', 'CNG', '1196.0'),
('d749186d-ea85-4e96-a8e0-6a5c94de85b8', 'CNG', '998.0'),
('e3eac3de-fb90-4f78-8da5-a0cf2519af50', 'CNG', '1462.0');

-- --------------------------------------------------------

--
-- Table structure for table `model`
--

CREATE TABLE `model` (
  `id_model` varchar(255) NOT NULL,
  `model_name` varchar(100) DEFAULT NULL,
  `id_engine` varchar(255) DEFAULT NULL,
  `id_transmission` varchar(255) DEFAULT NULL,
  `manufacturing_year` int DEFAULT NULL
) ENGINE=InnoDB DEFAULT CHARSET=utf8mb4 COLLATE=utf8mb4_0900_ai_ci;

--
-- Dumping data for table `model`
--

INSERT INTO `model` (`id_model`, `model_name`, `id_engine`, `id_transmission`, `manufacturing_year`) VALUES
('0083c164-2c40-4c77-820b-7e0bf0f75316', '2022 Maruti Baleno ZETA PETROL 1.2', '2343f91d-5291-47ee-96a4-33b827968fca', '81df1b3c-ec67-46bc-9afd-0ef81974be74', 2022),
('009b6e18-e973-4faf-b18a-d8c7e5f09aef', '2016 Maruti Swift Dzire VXI', '2343f91d-5291-47ee-96a4-33b827968fca', '81df1b3c-ec67-46bc-9afd-0ef81974be74', 2016),
('00bcf0d5-8fd5-48e0-8df1-7c3903033a68', '2018 Maruti Dzire VDI', '5b16ac17-1268-4078-afd1-2aba6819a246', '81df1b3c-ec67-46bc-9afd-0ef81974be74', 2018),
('00df7d69-c0cb-42b0-8df5-0be6e2c6513b', '2018 Maruti Baleno DELTA PETROL 1.2', '2343f91d-5291-47ee-96a4-33b827968fca', '81df1b3c-ec67-46bc-9afd-0ef81974be74', 2018),
('019de520-d410-4384-be92-66e5ba9ac74e', '2019 Maruti Swift VXI', '2343f91d-5291-47ee-96a4-33b827968fca', '81df1b3c-ec67-46bc-9afd-0ef81974be74', 2019),
('01dbd824-5745-49d6-af97-5d21d3d8c3f1', '2022 Maruti Ciaz ALPHA 1.5 SHVS PETROL', '3a4c6a69-05c2-4597-95d6-b0f71a474f76', '81df1b3c-ec67-46bc-9afd-0ef81974be74', 2022),
('01f54677-62c6-4a73-acf2-28ea75d74334', '2013 Maruti Wagon R 1.0 LXI', '433f8970-ea23-4e07-8294-e82821e11f1d', '81df1b3c-ec67-46bc-9afd-0ef81974be74', 2013),
('02a92752-3f36-49e8-93f2-c1323bfdc2e3', '2018 Maruti Celerio ZXI (O)', '433f8970-ea23-4e07-8294-e82821e11f1d', '81df1b3c-ec67-46bc-9afd-0ef81974be74', 2018),
('02ca4635-65c8-4aeb-81a5-9e2c708df1c5', '2017 Maruti Celerio ZXI AMT', '433f8970-ea23-4e07-8294-e82821e11f1d', 'aa54da78-124c-4a4e-a240-9b1026a8b453', 2017),
('03340e84-f19e-4262-807d-f1466e6be2a5', '2020 Maruti Baleno ZETA PETROL 1.2', '2343f91d-5291-47ee-96a4-33b827968fca', '81df1b3c-ec67-46bc-9afd-0ef81974be74', 2020),
('0379f222-0131-410e-8e3a-6961683f17af', '2021 Maruti Baleno DELTA PETROL 1.2', '2343f91d-5291-47ee-96a4-33b827968fca', '81df1b3c-ec67-46bc-9afd-0ef81974be74', 2021),
('049fbaee-c85d-4440-ba8f-02a2eabd3f5b', '2011 Maruti Ritz VXI', '2343f91d-5291-47ee-96a4-33b827968fca', '81df1b3c-ec67-46bc-9afd-0ef81974be74', 2011),
('060dcfa1-5c7e-41cf-b0d0-3c872ea82b47', '2022 Maruti Vitara Brezza ZXI PLUS AT SHVS', '3a4c6a69-05c2-4597-95d6-b0f71a474f76', 'aa54da78-124c-4a4e-a240-9b1026a8b453', 2022),
('065585df-48ed-4864-a046-5c066d7aa3c7', '2015 Maruti Alto 800 LXI', 'a254380f-ea84-4018-8fed-4551854ac95f', '81df1b3c-ec67-46bc-9afd-0ef81974be74', 2015),
('06f3fc73-a612-4df3-99a6-7e916f9ab2ae', '2019 Maruti Baleno ALPHA CVT PETROL 1.2', '2343f91d-5291-47ee-96a4-33b827968fca', 'aa54da78-124c-4a4e-a240-9b1026a8b453', 2019),
('0795fc5e-4898-43b7-976d-4fbe121cde2f', '2021 Maruti Alto LXI', 'a254380f-ea84-4018-8fed-4551854ac95f', '81df1b3c-ec67-46bc-9afd-0ef81974be74', 2021),
('084f0d5e-0050-4b2c-ae0f-d124d018dac5', '2018 Maruti Celerio X ZXI', '433f8970-ea23-4e07-8294-e82821e11f1d', '81df1b3c-ec67-46bc-9afd-0ef81974be74', 2018),
('08b1eb08-3e65-452b-86eb-aed4b9cec228', '2012 Maruti Swift Dzire VXI', '2343f91d-5291-47ee-96a4-33b827968fca', '81df1b3c-ec67-46bc-9afd-0ef81974be74', 2012),
('097b914b-6599-423a-8bd3-851e87e39a9c', '2023 Maruti IGNIS SIGMA 1.2', '2343f91d-5291-47ee-96a4-33b827968fca', '81df1b3c-ec67-46bc-9afd-0ef81974be74', 2023),
('09ff45d8-bb3f-45cf-9e87-d92628b68dab', '2015 Maruti Baleno ZETA DIESEL 1.3', '5b16ac17-1268-4078-afd1-2aba6819a246', '81df1b3c-ec67-46bc-9afd-0ef81974be74', 2015),
('0a0cbaac-86a5-4d7e-8f7a-2b7d09008e22', '2020 Maruti Alto VXI', 'a254380f-ea84-4018-8fed-4551854ac95f', '81df1b3c-ec67-46bc-9afd-0ef81974be74', 2020),
('0a113c00-c983-4198-87c1-5e83624f5bb6', '2019 Maruti Ciaz ALPHA 1.5 SHVS PETROL', '3a4c6a69-05c2-4597-95d6-b0f71a474f76', '81df1b3c-ec67-46bc-9afd-0ef81974be74', 2019),
('0a3296bf-bb38-49c8-9dfa-91efa369ca3b', '2016 Maruti Celerio VXI AMT (O)', '433f8970-ea23-4e07-8294-e82821e11f1d', 'aa54da78-124c-4a4e-a240-9b1026a8b453', 2016),
('0aa1f391-252a-4a31-b775-d1c3ab082b5d', '2016 Maruti Baleno DELTA CVT PETROL 1.2', '2343f91d-5291-47ee-96a4-33b827968fca', 'aa54da78-124c-4a4e-a240-9b1026a8b453', 2016),
('0ba2d2c5-1b17-4adf-bb68-e7f563a67b0f', '2018 Maruti Wagon R 1.0 LXI CNG', 'd749186d-ea85-4e96-a8e0-6a5c94de85b8', '81df1b3c-ec67-46bc-9afd-0ef81974be74', 2018),
('0c6de6de-000b-42f4-b40b-e7cadfdee515', '2014 Maruti Celerio VXI', '433f8970-ea23-4e07-8294-e82821e11f1d', '81df1b3c-ec67-46bc-9afd-0ef81974be74', 2014),
('0d2c6794-f0ef-4ab6-8873-9bd84f5181a2', '2022 Maruti XL6 ZETA AT', '3a4c6a69-05c2-4597-95d6-b0f71a474f76', 'aa54da78-124c-4a4e-a240-9b1026a8b453', 2022),
('0d303161-026a-4c10-98ef-e7e286469912', '2022 Maruti Celerio VXI', '433f8970-ea23-4e07-8294-e82821e11f1d', '81df1b3c-ec67-46bc-9afd-0ef81974be74', 2022),
('0d79ef9b-0025-489a-b6bf-92f237322875', '2018 Maruti Celerio ZXI', '433f8970-ea23-4e07-8294-e82821e11f1d', '81df1b3c-ec67-46bc-9afd-0ef81974be74', 2018),
('0d8659c1-1ee9-4d30-9e77-dc2e0ab522f5', '2018 Maruti Dzire ZXI AMT', '2343f91d-5291-47ee-96a4-33b827968fca', 'aa54da78-124c-4a4e-a240-9b1026a8b453', 2018),
('0deeaafb-1c44-4df7-a16e-ec26d1fad85d', '2017 Maruti Baleno ZETA DIESEL 1.3', '5b16ac17-1268-4078-afd1-2aba6819a246', '81df1b3c-ec67-46bc-9afd-0ef81974be74', 2017),
('0e2af91b-0409-4b3d-a2ad-8f2e6e91b47f', '2022 Maruti Swift ZXI PLUS DUAL TONE', '2343f91d-5291-47ee-96a4-33b827968fca', '81df1b3c-ec67-46bc-9afd-0ef81974be74', 2022),
('0e6a4903-4c3a-47b0-aa60-176e160e73c9', '2022 Maruti New Wagon-R LXI CNG 1.0', 'd749186d-ea85-4e96-a8e0-6a5c94de85b8', '81df1b3c-ec67-46bc-9afd-0ef81974be74', 2022),
('0ee5637e-45f1-4c6d-a47d-131bbf2920e4', '2019 Maruti Celerio X ZXI AMT', '433f8970-ea23-4e07-8294-e82821e11f1d', 'aa54da78-124c-4a4e-a240-9b1026a8b453', 2019),
('0f43cc3a-b4ce-4736-b0ee-658abe023ce8', '2018 Maruti IGNIS ZETA 1.2', '2343f91d-5291-47ee-96a4-33b827968fca', '81df1b3c-ec67-46bc-9afd-0ef81974be74', 2018),
('0f7733b4-7e1c-46e7-88e8-d53288c0fa51', '2020 Maruti Ciaz ALPHA AT 1.5 SHVS PETROL', '3a4c6a69-05c2-4597-95d6-b0f71a474f76', 'aa54da78-124c-4a4e-a240-9b1026a8b453', 2020),
('1033b853-fb7e-4f0a-bd51-6cac89e3d4bd', '2011 Maruti Swift Dzire VXI', '2343f91d-5291-47ee-96a4-33b827968fca', '81df1b3c-ec67-46bc-9afd-0ef81974be74', 2011),
('1091a45b-f346-4307-a316-a81e9c5bb2a6', '2019 Maruti Eeco 5 STR WITH A/C+HTR', '0f5f4c3e-150f-49d4-9e6b-915ee207a43a', '81df1b3c-ec67-46bc-9afd-0ef81974be74', 2019),
('10ab361d-49a5-4236-af93-642292077370', '2020 Maruti Celerio VXI (O)', '433f8970-ea23-4e07-8294-e82821e11f1d', '81df1b3c-ec67-46bc-9afd-0ef81974be74', 2020),
('114d99a6-7190-434c-bef6-4b979c1917e5', '2015 Maruti Swift Dzire VDI ABS', '5b16ac17-1268-4078-afd1-2aba6819a246', '81df1b3c-ec67-46bc-9afd-0ef81974be74', 2015),
('1156db84-1d00-40d4-a887-67903b181f31', '2020 Maruti Vitara Brezza VXI', '3a4c6a69-05c2-4597-95d6-b0f71a474f76', '81df1b3c-ec67-46bc-9afd-0ef81974be74', 2020),
('11b3c61c-910f-4abf-9a44-d5a0493fe7f1', '2020 Maruti IGNIS ZETA 1.2 AMT', '2343f91d-5291-47ee-96a4-33b827968fca', 'aa54da78-124c-4a4e-a240-9b1026a8b453', 2020),
('11e6bca8-a333-4def-b0ed-258c094bdd9f', '2022 Maruti Swift VXI', '2343f91d-5291-47ee-96a4-33b827968fca', '81df1b3c-ec67-46bc-9afd-0ef81974be74', 2022),
('12163731-0e55-4c84-9af2-8ba6434eef2c', '2022 Maruti S PRESSO VXI', '433f8970-ea23-4e07-8294-e82821e11f1d', '81df1b3c-ec67-46bc-9afd-0ef81974be74', 2022),
('12670aa9-74a1-42c8-98f5-a25d91252396', '2021 Maruti Dzire ZXI', '2343f91d-5291-47ee-96a4-33b827968fca', '81df1b3c-ec67-46bc-9afd-0ef81974be74', 2021),
('13957560-c601-46a2-b2e8-90e0b49f142e', '2014 Maruti Swift Dzire VXI', '2343f91d-5291-47ee-96a4-33b827968fca', '81df1b3c-ec67-46bc-9afd-0ef81974be74', 2014),
('13e728c6-1508-4219-b5c9-0646fff88a1c', '2015 Maruti Ertiga VXI CNG', '7b92fd64-a65f-4f79-98c9-ffe4c7a81aca', '81df1b3c-ec67-46bc-9afd-0ef81974be74', 2015),
('14a8ad2f-be49-4ba2-8119-fef5113985f6', '2020 Maruti Vitara Brezza ZXI', '3a4c6a69-05c2-4597-95d6-b0f71a474f76', '81df1b3c-ec67-46bc-9afd-0ef81974be74', 2020),
('1500274f-a6a7-4f34-9e9f-8e2e4377560a', '2021 Maruti XL6 ZETA MT', '3a4c6a69-05c2-4597-95d6-b0f71a474f76', '81df1b3c-ec67-46bc-9afd-0ef81974be74', 2021),
('150ea407-422a-4348-bc3f-854bad2b4e31', '2019 Maruti Swift ZXI PLUS AMT', '2343f91d-5291-47ee-96a4-33b827968fca', 'aa54da78-124c-4a4e-a240-9b1026a8b453', 2019),
('15293007-4ab8-4bcb-8f4d-8cacc89706dd', '2021 Maruti New Wagon-R VXI (O) 1.0', '433f8970-ea23-4e07-8294-e82821e11f1d', '81df1b3c-ec67-46bc-9afd-0ef81974be74', 2021),
('1583a3bb-8441-4bb4-b4a2-5a537edba153', '2016 Maruti Celerio ZXI', '433f8970-ea23-4e07-8294-e82821e11f1d', '81df1b3c-ec67-46bc-9afd-0ef81974be74', 2016),
('1591c5fd-f29f-48a5-9a4b-2b03559efd4c', '2020 Maruti Baleno DELTA CVT PETROL 1.2', '2343f91d-5291-47ee-96a4-33b827968fca', 'aa54da78-124c-4a4e-a240-9b1026a8b453', 2020),
('15b4559f-18e6-4b14-a91c-67f1691e1190', '2020 Maruti S PRESSO VXI PLUS AMT', '433f8970-ea23-4e07-8294-e82821e11f1d', 'aa54da78-124c-4a4e-a240-9b1026a8b453', 2020),
('1673c431-f218-4ef3-b157-b354455eefd0', '2016 Maruti Ertiga VDI SHVS', '5b16ac17-1268-4078-afd1-2aba6819a246', '81df1b3c-ec67-46bc-9afd-0ef81974be74', 2016),
('16cdf0ae-fd55-43d4-9868-85245c52b2c0', '2019 Maruti IGNIS DELTA 1.2', '2343f91d-5291-47ee-96a4-33b827968fca', '81df1b3c-ec67-46bc-9afd-0ef81974be74', 2019),
('1735c955-f431-470f-81f0-86fb2641b743', '2017 Maruti Swift LXI (O)', '485f23bd-ca7a-4ad2-9d84-4e7908ef60a4', '81df1b3c-ec67-46bc-9afd-0ef81974be74', 2017),
('19ced1d9-222d-4df6-8a16-02a70424c4d2', '2014 Maruti Wagon R 1.0 LXI', '433f8970-ea23-4e07-8294-e82821e11f1d', '81df1b3c-ec67-46bc-9afd-0ef81974be74', 2014),
('1a156320-155c-4c17-ae55-5c76e9145732', '2021 Maruti IGNIS SIGMA 1.2', '2343f91d-5291-47ee-96a4-33b827968fca', '81df1b3c-ec67-46bc-9afd-0ef81974be74', 2021),
('1a9410c7-c2d0-4597-923e-0d1f92a8cce3', '2015 Maruti Celerio ZXI (O)', '433f8970-ea23-4e07-8294-e82821e11f1d', '81df1b3c-ec67-46bc-9afd-0ef81974be74', 2015),
('1a9682c8-90e9-438c-9230-1cfa088e9f07', '2020 Maruti New Wagon-R VXI (O) 1.2 AMT', '2343f91d-5291-47ee-96a4-33b827968fca', 'aa54da78-124c-4a4e-a240-9b1026a8b453', 2020),
('1c12c6f4-4bf9-4fde-adeb-68719c38436a', '2017 Maruti Ciaz ZETA 1.4 AT PETROL', '53f68bf4-bf17-468d-8c1c-4381e7d47445', 'aa54da78-124c-4a4e-a240-9b1026a8b453', 2017),
('1c16a4b8-5409-40b9-8da1-c8ec210ea902', '2016 Maruti Baleno DELTA PETROL 1.2', '2343f91d-5291-47ee-96a4-33b827968fca', '81df1b3c-ec67-46bc-9afd-0ef81974be74', 2016),
('1c608df5-8352-4b5b-b223-a0e32698e454', '2019 Maruti IGNIS DELTA 1.2 AMT', '2343f91d-5291-47ee-96a4-33b827968fca', 'aa54da78-124c-4a4e-a240-9b1026a8b453', 2019),
('1c8721ae-12de-43ec-9ed7-99587776dbac', '2021 Maruti New Wagon-R VXI (O) 1.2', '2343f91d-5291-47ee-96a4-33b827968fca', '81df1b3c-ec67-46bc-9afd-0ef81974be74', 2021),
('1da733f2-7f72-401d-af57-0499da8dbbda', '2016 Maruti Vitara Brezza VDI', '5b16ac17-1268-4078-afd1-2aba6819a246', '81df1b3c-ec67-46bc-9afd-0ef81974be74', 2016),
('1e02da2b-ae88-48d6-bae0-b62ae76e53b7', '2020 Maruti Celerio VXI (O) CNG', 'd749186d-ea85-4e96-a8e0-6a5c94de85b8', '81df1b3c-ec67-46bc-9afd-0ef81974be74', 2020),
('1e2b00fd-23b5-41b2-9ee6-6d0244d5c7c5', '2017 Maruti Ciaz SIGMA DIESEL 1.3', '5b16ac17-1268-4078-afd1-2aba6819a246', '81df1b3c-ec67-46bc-9afd-0ef81974be74', 2017),
('1e47f51b-6a61-477d-9897-391ed06c30ae', '2017 Maruti IGNIS DELTA 1.2', '2343f91d-5291-47ee-96a4-33b827968fca', '81df1b3c-ec67-46bc-9afd-0ef81974be74', 2017),
('20c254d4-b841-4503-9cf6-e5b0e3fc9a34', '2021 Maruti New Wagon-R VXI 1.2', '2343f91d-5291-47ee-96a4-33b827968fca', '81df1b3c-ec67-46bc-9afd-0ef81974be74', 2021),
('213eed41-0ff1-49a9-80a2-e4a1dc6b2521', '2021 Maruti S PRESSO VXI PLUS AMT', '433f8970-ea23-4e07-8294-e82821e11f1d', 'aa54da78-124c-4a4e-a240-9b1026a8b453', 2021),
('225ab07c-6418-43b2-b1c8-b02ba89e57e5', '2023 Maruti Ciaz ALPHA 1.5 SHVS PETROL', '3a4c6a69-05c2-4597-95d6-b0f71a474f76', '81df1b3c-ec67-46bc-9afd-0ef81974be74', 2023),
('22f8736e-a819-4488-a223-b24521f6b886', '2018 Maruti Celerio VXI AMT (O)', '433f8970-ea23-4e07-8294-e82821e11f1d', 'aa54da78-124c-4a4e-a240-9b1026a8b453', 2018),
('23596897-e22b-46f4-a203-0d15e75cfb4a', '2016 Maruti Baleno ZETA PETROL 1.2', '2343f91d-5291-47ee-96a4-33b827968fca', '81df1b3c-ec67-46bc-9afd-0ef81974be74', 2016),
('237d3df3-31bf-4887-9efb-446e59ba9bb3', '2021 Maruti S PRESSO LXI', '433f8970-ea23-4e07-8294-e82821e11f1d', '81df1b3c-ec67-46bc-9afd-0ef81974be74', 2021),
('23b27b01-f37f-4133-b4dd-6d9c3a558bb1', '2018 Maruti Baleno ZETA PETROL 1.2', '2343f91d-5291-47ee-96a4-33b827968fca', '81df1b3c-ec67-46bc-9afd-0ef81974be74', 2018),
('23c484ac-d178-46c8-bf39-ca3157a90af9', '2016 Maruti Swift VXI', '2343f91d-5291-47ee-96a4-33b827968fca', '81df1b3c-ec67-46bc-9afd-0ef81974be74', 2016),
('23e2ba54-5936-4743-b267-ecd2330075f1', '2022 Maruti Alto K10 VXI PLUS', '433f8970-ea23-4e07-8294-e82821e11f1d', '81df1b3c-ec67-46bc-9afd-0ef81974be74', 2022),
('244f88f7-44c0-453c-8eb9-dd045d0337e1', '2013 Maruti Wagon R 1.0 VXI', '433f8970-ea23-4e07-8294-e82821e11f1d', '81df1b3c-ec67-46bc-9afd-0ef81974be74', 2013),
('24b40531-904b-4b3f-bdb4-d240cf56ec43', '2013 Maruti Swift ZDI', '5b16ac17-1268-4078-afd1-2aba6819a246', '81df1b3c-ec67-46bc-9afd-0ef81974be74', 2013),
('258d5f55-cff3-4da5-84f7-5e72d9e933bf', '2019 Maruti Swift LXI', '2343f91d-5291-47ee-96a4-33b827968fca', '81df1b3c-ec67-46bc-9afd-0ef81974be74', 2019),
('2590dac6-2b72-46fc-863f-366b1edc71bf', '2023 Maruti BREZZA VXI SMART HYBRID', '3a4c6a69-05c2-4597-95d6-b0f71a474f76', '81df1b3c-ec67-46bc-9afd-0ef81974be74', 2023),
('263fd9f2-4a3f-46a9-a66f-abb8a1623351', '2017 Maruti IGNIS DELTA 1.2 AMT', '2343f91d-5291-47ee-96a4-33b827968fca', 'aa54da78-124c-4a4e-a240-9b1026a8b453', 2017),
('26da1e46-d15c-4cb4-bebd-efe51e317ab8', '2020 Maruti Ciaz ALPHA 1.5 SHVS PETROL', '3a4c6a69-05c2-4597-95d6-b0f71a474f76', '81df1b3c-ec67-46bc-9afd-0ef81974be74', 2020),
('2795a635-8c36-4ac4-a777-2555af78cf66', '2021 Maruti Ertiga VXI AT SHVS', '3a4c6a69-05c2-4597-95d6-b0f71a474f76', 'aa54da78-124c-4a4e-a240-9b1026a8b453', 2021),
('27b7a2d2-9341-466f-9339-57fd76efc28d', '2011 Maruti Ritz LXI', '2343f91d-5291-47ee-96a4-33b827968fca', '81df1b3c-ec67-46bc-9afd-0ef81974be74', 2011),
('27c9d79a-0ad8-4f2e-9c9f-bfb62d75ca0b', '2018 Maruti Alto K10 VXI AMT', '433f8970-ea23-4e07-8294-e82821e11f1d', 'aa54da78-124c-4a4e-a240-9b1026a8b453', 2018),
('28186e97-2e96-4359-83f9-a84eedaacb75', '2019 Maruti Alto K10 VXI', '433f8970-ea23-4e07-8294-e82821e11f1d', '81df1b3c-ec67-46bc-9afd-0ef81974be74', 2019),
('2952b5c7-b01b-4b46-9565-6c1fa1341edc', '2015 Maruti Wagon R 1.0 LXI CNG', 'd749186d-ea85-4e96-a8e0-6a5c94de85b8', '81df1b3c-ec67-46bc-9afd-0ef81974be74', 2015),
('29f5c74b-e9a8-4c52-8bd5-2e7b8ecbc1df', '2017 Maruti Celerio X ZXI (O) AMT', '433f8970-ea23-4e07-8294-e82821e11f1d', 'aa54da78-124c-4a4e-a240-9b1026a8b453', 2017),
('2b00c04d-aab8-421a-a5d1-20c4258dd467', '2011 Maruti Swift Dzire VDI', '5b16ac17-1268-4078-afd1-2aba6819a246', '81df1b3c-ec67-46bc-9afd-0ef81974be74', 2011),
('2b23541e-0e9b-42a7-b2b7-944a33805348', '2020 Maruti Vitara Brezza VXI AT SHVS', '3a4c6a69-05c2-4597-95d6-b0f71a474f76', 'aa54da78-124c-4a4e-a240-9b1026a8b453', 2020),
('2b42c817-b15f-4ab5-b835-22158aa407c8', '2013 Maruti Alto 800 LXI CNG', '58812d8a-7c0b-4786-9686-1ab87d0d8ddb', '81df1b3c-ec67-46bc-9afd-0ef81974be74', 2013),
('2b42f7c0-5203-463d-a018-ce2ce4c21754', '2019 Maruti Celerio VXI AMT', '433f8970-ea23-4e07-8294-e82821e11f1d', 'aa54da78-124c-4a4e-a240-9b1026a8b453', 2019),
('2c5269bd-4afd-43ce-ad22-1e4259a0017d', '2019 Maruti Dzire LXI', '2343f91d-5291-47ee-96a4-33b827968fca', '81df1b3c-ec67-46bc-9afd-0ef81974be74', 2019),
('2e714645-ca1b-4854-9e99-7601a3b0d5fe', '2012 Maruti Wagon R 1.0 VXI', '433f8970-ea23-4e07-8294-e82821e11f1d', '81df1b3c-ec67-46bc-9afd-0ef81974be74', 2012),
('2ea1e2ce-3033-4750-a0c2-4c2f94ef6a19', '2020 Maruti Dzire ZXI Plus', '2343f91d-5291-47ee-96a4-33b827968fca', '81df1b3c-ec67-46bc-9afd-0ef81974be74', 2020),
('2eac2a44-14f8-43b2-975d-821110862dbf', '2018 Maruti Ciaz ALPHA 1.5 SHVS PETROL', '3a4c6a69-05c2-4597-95d6-b0f71a474f76', '81df1b3c-ec67-46bc-9afd-0ef81974be74', 2018),
('30835a47-e53a-4ef8-86ec-dbac947872a1', '2014 Maruti Ertiga VXI', '53f68bf4-bf17-468d-8c1c-4381e7d47445', '81df1b3c-ec67-46bc-9afd-0ef81974be74', 2014),
('30ba45a4-a6d3-4334-b2d8-eb790d0d5dd5', '2017 Maruti Ciaz VXI+', '53f68bf4-bf17-468d-8c1c-4381e7d47445', '81df1b3c-ec67-46bc-9afd-0ef81974be74', 2017),
('314f1c9b-a3a5-471e-86b3-1010abf1675d', '2021 Maruti XL6 ALPHA MT', '3a4c6a69-05c2-4597-95d6-b0f71a474f76', '81df1b3c-ec67-46bc-9afd-0ef81974be74', 2021),
('315ba5ca-1c17-4f81-8374-4bf7080621c1', '2018 Maruti Ertiga ZDI + SHVS', '5b16ac17-1268-4078-afd1-2aba6819a246', '81df1b3c-ec67-46bc-9afd-0ef81974be74', 2018),
('325c0bd4-dab7-4bbf-8f12-b1a9cc732dd8', '2023 Maruti S PRESSO VXI PLUS (O) AMT', '433f8970-ea23-4e07-8294-e82821e11f1d', 'aa54da78-124c-4a4e-a240-9b1026a8b453', 2023),
('325fa923-f991-4b64-a477-395976a159c1', '2021 Maruti S PRESSO VXI (O) CNG', 'd749186d-ea85-4e96-a8e0-6a5c94de85b8', '81df1b3c-ec67-46bc-9afd-0ef81974be74', 2021),
('3409214a-8848-4a89-b06c-956c4621ba92', '2016 Maruti S Cross ZETA 1.3', '5b16ac17-1268-4078-afd1-2aba6819a246', '81df1b3c-ec67-46bc-9afd-0ef81974be74', 2016),
('3558f832-137c-4fa5-b23e-31467278fdbe', '2020 Maruti Vitara Brezza LXI', '3a4c6a69-05c2-4597-95d6-b0f71a474f76', '81df1b3c-ec67-46bc-9afd-0ef81974be74', 2020),
('357d07dd-7c0b-44e4-9f9e-5ebfe061e818', '2019 Maruti IGNIS SIGMA 1.2', '2343f91d-5291-47ee-96a4-33b827968fca', '81df1b3c-ec67-46bc-9afd-0ef81974be74', 2019),
('36288c8c-4343-4a51-98e9-b1da5b60f0e9', '2018 Maruti Swift ZXI AMT', '2343f91d-5291-47ee-96a4-33b827968fca', 'aa54da78-124c-4a4e-a240-9b1026a8b453', 2018),
('36c9fe29-ff34-4cd2-b342-edc62f0f77e3', '2015 Maruti Swift Dzire LXI (O)', '2343f91d-5291-47ee-96a4-33b827968fca', '81df1b3c-ec67-46bc-9afd-0ef81974be74', 2015),
('379a6721-7b80-4393-8784-64850f89bd9f', '2015 Maruti Swift Dzire ZXI', '2343f91d-5291-47ee-96a4-33b827968fca', '81df1b3c-ec67-46bc-9afd-0ef81974be74', 2015),
('38162518-3ce2-48fd-957c-1a2bda4b6b81', '2015 Maruti Ciaz ZXI AT', '53f68bf4-bf17-468d-8c1c-4381e7d47445', 'aa54da78-124c-4a4e-a240-9b1026a8b453', 2015),
('3827fb8c-281b-4320-a7fe-ac0e54200765', '2017 Maruti Wagon R 1.0 VXI+', '433f8970-ea23-4e07-8294-e82821e11f1d', '81df1b3c-ec67-46bc-9afd-0ef81974be74', 2017),
('38311a45-5b15-49ce-8373-3eac576f51f7', '2016 Maruti Ciaz VXI', '53f68bf4-bf17-468d-8c1c-4381e7d47445', '81df1b3c-ec67-46bc-9afd-0ef81974be74', 2016),
('38b8d81d-346f-48d6-8996-8099b97c8f67', '2022 Maruti Alto LXI OPT CNG', '58812d8a-7c0b-4786-9686-1ab87d0d8ddb', '81df1b3c-ec67-46bc-9afd-0ef81974be74', 2022),
('38cb550d-eef2-4484-9cc6-32fa71f200f5', '2017 Maruti Celerio ZXI (O)', '433f8970-ea23-4e07-8294-e82821e11f1d', '81df1b3c-ec67-46bc-9afd-0ef81974be74', 2017),
('3940933d-fab7-4f72-b884-63bf54d0c559', '2018 Maruti Ciaz SIGMA 1.5 SHVS MT PETROL', '3a4c6a69-05c2-4597-95d6-b0f71a474f76', '81df1b3c-ec67-46bc-9afd-0ef81974be74', 2018),
('398baaf8-da70-40c6-a39b-6e118a193d12', '2017 Maruti Celerio ZXI AMT (O)', '433f8970-ea23-4e07-8294-e82821e11f1d', 'aa54da78-124c-4a4e-a240-9b1026a8b453', 2017),
('39d424fc-d714-4747-a7af-e209d5704b70', '2018 Maruti Alto K10 VXI (O) AMT', '433f8970-ea23-4e07-8294-e82821e11f1d', 'aa54da78-124c-4a4e-a240-9b1026a8b453', 2018),
('39e5e191-93a9-401f-b205-45e73ab228d9', '2022 Maruti BREZZA ZXI SMART HYBRID', '3a4c6a69-05c2-4597-95d6-b0f71a474f76', '81df1b3c-ec67-46bc-9afd-0ef81974be74', 2022),
('39e5edb7-9a1f-4817-9228-c4bf4ee2bfa6', '2023 Maruti Baleno ALPHA PETROL 1.2', '2343f91d-5291-47ee-96a4-33b827968fca', '81df1b3c-ec67-46bc-9afd-0ef81974be74', 2023),
('39ef50ff-9ba1-400a-987b-d7d5b7a8826d', '2017 Maruti Ciaz ZETA DIESEL 1.3', '5b16ac17-1268-4078-afd1-2aba6819a246', '81df1b3c-ec67-46bc-9afd-0ef81974be74', 2017),
('3ab187e8-900d-4c38-84e5-45b3742a1c77', '2017 Maruti Swift VXI O', '2343f91d-5291-47ee-96a4-33b827968fca', '81df1b3c-ec67-46bc-9afd-0ef81974be74', 2017),
('3ae6380f-1ef0-48dd-b4fc-a7206a7ff266', '2022 Maruti Ciaz S 1.5 MT PETROL', '3a4c6a69-05c2-4597-95d6-b0f71a474f76', '81df1b3c-ec67-46bc-9afd-0ef81974be74', 2022),
('3b173797-00de-4616-b196-d5d829ea41df', '2022 Maruti Baleno DELTA PETROL 1.2', '2343f91d-5291-47ee-96a4-33b827968fca', '81df1b3c-ec67-46bc-9afd-0ef81974be74', 2022),
('3b1d405c-eb07-4e80-a489-9e7c1df3a198', '2021 Maruti Alto VXI', 'a254380f-ea84-4018-8fed-4551854ac95f', '81df1b3c-ec67-46bc-9afd-0ef81974be74', 2021),
('3ba749c6-b815-4335-8fd6-935dd2d5b66e', '2018 Maruti Celerio VXI', '433f8970-ea23-4e07-8294-e82821e11f1d', '81df1b3c-ec67-46bc-9afd-0ef81974be74', 2018),
('3c1f4ea3-66dd-42b6-94d5-2e9c0d276c1d', '2015 Maruti Baleno DELTA PETROL 1.2', '2343f91d-5291-47ee-96a4-33b827968fca', '81df1b3c-ec67-46bc-9afd-0ef81974be74', 2015),
('3c56c214-290f-4833-99c7-a9fd52a5d24e', '2016 Maruti Celerio ZXI AMT (O)', '433f8970-ea23-4e07-8294-e82821e11f1d', 'aa54da78-124c-4a4e-a240-9b1026a8b453', 2016),
('3c733468-38a1-44ce-bbf5-64d00be84466', '2015 Maruti Baleno DELTA DIESEL 1.3', '5b16ac17-1268-4078-afd1-2aba6819a246', '81df1b3c-ec67-46bc-9afd-0ef81974be74', 2015),
('3d1034f5-eed9-49f8-89fd-1ab1dea0560d', '2014 Maruti Wagon R 1.0 LXI', 'd749186d-ea85-4e96-a8e0-6a5c94de85b8', '81df1b3c-ec67-46bc-9afd-0ef81974be74', 2014),
('3dbbfecf-b9cd-4b3b-a17d-bb097df0f06b', '2019 Maruti Baleno ZETA PETROL 1.2', '2343f91d-5291-47ee-96a4-33b827968fca', '81df1b3c-ec67-46bc-9afd-0ef81974be74', 2019),
('3e292e11-a39d-4f6d-a9cc-a64d1ebdca3e', '2019 Maruti Baleno DELTA CVT PETROL 1.2', '2343f91d-5291-47ee-96a4-33b827968fca', 'aa54da78-124c-4a4e-a240-9b1026a8b453', 2019),
('3ea794af-a0e1-42f8-9f17-7b862466d029', '2022 Maruti Dzire ZXI Plus AMT', '2343f91d-5291-47ee-96a4-33b827968fca', 'aa54da78-124c-4a4e-a240-9b1026a8b453', 2022),
('3eb9bb8c-58de-4622-9bf0-848467e29710', '2016 Maruti Celerio VXI AMT', '433f8970-ea23-4e07-8294-e82821e11f1d', 'aa54da78-124c-4a4e-a240-9b1026a8b453', 2016),
('3eddc70d-963e-4a2f-b9b0-e35f46d0c151', '2021 Maruti Vitara Brezza VXI AT SHVS', '3a4c6a69-05c2-4597-95d6-b0f71a474f76', 'aa54da78-124c-4a4e-a240-9b1026a8b453', 2021),
('3f3c5759-aab5-477c-9756-ad6e89197b66', '2021 Maruti Celerio VXI', '433f8970-ea23-4e07-8294-e82821e11f1d', '81df1b3c-ec67-46bc-9afd-0ef81974be74', 2021),
('3f518d41-fbc5-4067-8ddb-bc1e2e6049c3', '2022 Maruti XL6 ZETA MT', '3a4c6a69-05c2-4597-95d6-b0f71a474f76', '81df1b3c-ec67-46bc-9afd-0ef81974be74', 2022),
('3f67d20c-42d8-42ba-9b68-f9ac473d0336', '2018 Maruti Swift VXI AMT', '2343f91d-5291-47ee-96a4-33b827968fca', 'aa54da78-124c-4a4e-a240-9b1026a8b453', 2018),
('3fa9d589-eb66-4f09-b85c-3b89b7eb41dc', '2018 Maruti Ciaz DELTA AT 1.5 SHVS PETROL', '3a4c6a69-05c2-4597-95d6-b0f71a474f76', 'aa54da78-124c-4a4e-a240-9b1026a8b453', 2018),
('4050cc94-6040-4a52-a6e5-048d898ea24b', '2016 Maruti Baleno ALPHA PETROL 1.2', '2343f91d-5291-47ee-96a4-33b827968fca', '81df1b3c-ec67-46bc-9afd-0ef81974be74', 2016),
('405eeadb-0f79-4fc9-bff0-30f203af393a', '2014 Maruti Wagon R Stingray VXI', '433f8970-ea23-4e07-8294-e82821e11f1d', '81df1b3c-ec67-46bc-9afd-0ef81974be74', 2014),
('40a2bee7-e404-4446-b8bd-bf1259d1fd22', '2015 Maruti Alto K10 VXI AMT', '433f8970-ea23-4e07-8294-e82821e11f1d', 'aa54da78-124c-4a4e-a240-9b1026a8b453', 2015),
('40c1c497-d703-4585-a01e-d2a08ab4d73f', '2017 Maruti Ertiga VXI', '53f68bf4-bf17-468d-8c1c-4381e7d47445', '81df1b3c-ec67-46bc-9afd-0ef81974be74', 2017),
('40ced1c5-bdaa-4aac-8f55-fa174094fb3f', '2017 Maruti Vitara Brezza VDI (O)', '5b16ac17-1268-4078-afd1-2aba6819a246', '81df1b3c-ec67-46bc-9afd-0ef81974be74', 2017),
('40df8f72-d124-4ec3-83e3-a30ef1d3f155', '2012 Maruti Swift Dzire ZXI', '2343f91d-5291-47ee-96a4-33b827968fca', '81df1b3c-ec67-46bc-9afd-0ef81974be74', 2012),
('4115ee3c-d12b-4087-8691-aa86d2108b0e', '2021 Maruti Alto LXI O', 'a254380f-ea84-4018-8fed-4551854ac95f', '81df1b3c-ec67-46bc-9afd-0ef81974be74', 2021),
('411c946f-2537-4d3d-9ff8-925dcedfe134', '2014 Maruti Ciaz ZXI', '53f68bf4-bf17-468d-8c1c-4381e7d47445', '81df1b3c-ec67-46bc-9afd-0ef81974be74', 2014),
('417ed55e-dd51-4aed-9a8b-e676763f3057', '2018 Maruti Celerio X ZXI AMT', '433f8970-ea23-4e07-8294-e82821e11f1d', 'aa54da78-124c-4a4e-a240-9b1026a8b453', 2018),
('419867ae-2853-4e28-9ed4-d9bd4268357d', '2020 Maruti Swift ZXI AMT', '2343f91d-5291-47ee-96a4-33b827968fca', 'aa54da78-124c-4a4e-a240-9b1026a8b453', 2020),
('4220c2b2-e3c0-4538-a731-dd77bd610881', '2018 Maruti Baleno ALPHA DIESEL 1.3', '5b16ac17-1268-4078-afd1-2aba6819a246', '81df1b3c-ec67-46bc-9afd-0ef81974be74', 2018),
('429c756a-949b-424f-a9af-ef452f261617', '2014 Maruti Swift LXI (O)', '2343f91d-5291-47ee-96a4-33b827968fca', '81df1b3c-ec67-46bc-9afd-0ef81974be74', 2014),
('431597df-5774-4bc7-9637-cf9018295845', '2022 Maruti Ertiga VXI AT SHVS', '3a4c6a69-05c2-4597-95d6-b0f71a474f76', 'aa54da78-124c-4a4e-a240-9b1026a8b453', 2022),
('433b499c-5daf-4399-9e4c-81855f2a6935', '2014 Maruti OMNI E STD', 'a254380f-ea84-4018-8fed-4551854ac95f', '81df1b3c-ec67-46bc-9afd-0ef81974be74', 2014),
('437c1759-f7fb-48c8-b06c-abd535e828db', '2016 Maruti Ciaz ZXI+ AT', '53f68bf4-bf17-468d-8c1c-4381e7d47445', 'aa54da78-124c-4a4e-a240-9b1026a8b453', 2016),
('43895574-95df-4fdb-98d4-b3a5bc0e8c31', '2017 Maruti Celerio ZXI', '433f8970-ea23-4e07-8294-e82821e11f1d', '81df1b3c-ec67-46bc-9afd-0ef81974be74', 2017),
('438fa9bb-7c29-4755-af99-9d578fcecb21', '2015 Maruti Swift VXI', '2343f91d-5291-47ee-96a4-33b827968fca', '81df1b3c-ec67-46bc-9afd-0ef81974be74', 2015),
('43e765c4-1648-4e8f-b18e-b9c0f7baba0c', '2018 Maruti Celerio VXI (O) CNG', 'd749186d-ea85-4e96-a8e0-6a5c94de85b8', '81df1b3c-ec67-46bc-9afd-0ef81974be74', 2018),
('44167c1c-3668-4ece-9814-ba016014619c', '2022 Maruti S PRESSO VXI+', '433f8970-ea23-4e07-8294-e82821e11f1d', '81df1b3c-ec67-46bc-9afd-0ef81974be74', 2022),
('44d80cc5-f6a9-47cf-b7d9-a111ee774172', '2017 Maruti Alto K10 LXI CNG (AIRBAG)', 'd749186d-ea85-4e96-a8e0-6a5c94de85b8', '81df1b3c-ec67-46bc-9afd-0ef81974be74', 2017),
('458ac8b1-59eb-43e7-aaea-69e57d169205', '2020 Maruti S PRESSO LXI (O) CNG', 'd749186d-ea85-4e96-a8e0-6a5c94de85b8', '81df1b3c-ec67-46bc-9afd-0ef81974be74', 2020),
('45faa110-a90c-41db-929f-9f811a335e28', '2022 Maruti S Cross SIGMA 1.5', '3a4c6a69-05c2-4597-95d6-b0f71a474f76', '81df1b3c-ec67-46bc-9afd-0ef81974be74', 2022),
('461d5792-38dc-4afb-acbf-d7ed99ec3685', '2019 Maruti Vitara Brezza ZDI', '5b16ac17-1268-4078-afd1-2aba6819a246', '81df1b3c-ec67-46bc-9afd-0ef81974be74', 2019),
('4647e894-5846-44d2-856e-60ae94946fcf', '2022 Maruti Dzire VXI', '2343f91d-5291-47ee-96a4-33b827968fca', '81df1b3c-ec67-46bc-9afd-0ef81974be74', 2022),
('46e53719-a1d0-4ef6-9bba-e947cb71f859', '2021 Maruti Ertiga VXI SHVS', '3a4c6a69-05c2-4597-95d6-b0f71a474f76', '81df1b3c-ec67-46bc-9afd-0ef81974be74', 2021),
('47f88a26-6f33-4ee3-a4e0-d6009f6cc2d3', '2021 Maruti S PRESSO VXI+', '433f8970-ea23-4e07-8294-e82821e11f1d', '81df1b3c-ec67-46bc-9afd-0ef81974be74', 2021),
('4898eb2b-9514-41fe-b535-246be86f7087', '2019 Maruti New Wagon-R LXI CNG (O) 1.0', 'd749186d-ea85-4e96-a8e0-6a5c94de85b8', '81df1b3c-ec67-46bc-9afd-0ef81974be74', 2019),
('49fb7327-e138-44dc-bffd-485569204f2e', '2015 Maruti Wagon R 1.0 VXI', '433f8970-ea23-4e07-8294-e82821e11f1d', '81df1b3c-ec67-46bc-9afd-0ef81974be74', 2015),
('4b3168f1-0c0c-41cc-905d-8c720a35d70a', '2023 Maruti Alto VXI PLUS', 'a254380f-ea84-4018-8fed-4551854ac95f', '81df1b3c-ec67-46bc-9afd-0ef81974be74', 2023),
('4bcdbfd0-32dd-445e-9366-0f03db7fd6f8', '2013 Maruti Swift Dzire ZDI', '5b16ac17-1268-4078-afd1-2aba6819a246', '81df1b3c-ec67-46bc-9afd-0ef81974be74', 2013),
('4bf922ad-4051-4c63-9717-f9c462624b67', '2013 Maruti Ritz ZDI', '5b16ac17-1268-4078-afd1-2aba6819a246', '81df1b3c-ec67-46bc-9afd-0ef81974be74', 2013),
('4c2fd0ab-741e-4d4a-b4a4-5064fd0fa2db', '2018 Maruti Wagon R 1.0 VXI AMT', '433f8970-ea23-4e07-8294-e82821e11f1d', 'aa54da78-124c-4a4e-a240-9b1026a8b453', 2018),
('4cc23a4f-870b-4c4f-b09f-34dd83dc44b0', '2016 Maruti Ciaz ZXI+ RS', '62dfee90-91b1-4b51-9946-55968362a1f6', '81df1b3c-ec67-46bc-9afd-0ef81974be74', 2016),
('4cc6936c-6be7-4bc4-ac12-c74bf7237f02', '2022 Maruti Swift ZXI PLUS', '2343f91d-5291-47ee-96a4-33b827968fca', '81df1b3c-ec67-46bc-9afd-0ef81974be74', 2022),
('4cc7ce52-0b36-4f12-89e9-0828d33aca11', '2017 Maruti Wagon R 1.0 VXI OPT', '433f8970-ea23-4e07-8294-e82821e11f1d', '81df1b3c-ec67-46bc-9afd-0ef81974be74', 2017),
('4cd092b8-e12c-4725-8379-e558a88c033b', '2022 Maruti Ciaz ZETA AT 1.5 SHVS PETROL', '3a4c6a69-05c2-4597-95d6-b0f71a474f76', 'aa54da78-124c-4a4e-a240-9b1026a8b453', 2022),
('4cd7c3a6-9e56-4f3c-b84a-275de46b2389', '2011 Maruti Swift LXI', '2343f91d-5291-47ee-96a4-33b827968fca', '81df1b3c-ec67-46bc-9afd-0ef81974be74', 2011),
('4ce2c914-a280-4772-8b95-86bc3743d3e6', '2022 Maruti New Wagon-R ZXI 1.2 AMT', '433f8970-ea23-4e07-8294-e82821e11f1d', 'aa54da78-124c-4a4e-a240-9b1026a8b453', 2022),
('4d3d2b26-9032-40b1-a493-4ee6ff9fe7c8', '2022 Maruti Ciaz ZETA 1.5 SHVS MT PETROL', '3a4c6a69-05c2-4597-95d6-b0f71a474f76', '81df1b3c-ec67-46bc-9afd-0ef81974be74', 2022),
('4e6f0a56-719e-46ce-8eeb-25d2535b44bd', '2020 Maruti Celerio LXI (O)', '433f8970-ea23-4e07-8294-e82821e11f1d', '81df1b3c-ec67-46bc-9afd-0ef81974be74', 2020),
('4e728322-a1d2-4307-bda9-4c65c123cc66', '2023 Maruti XL6 ALPHA PLUS MT', '3a4c6a69-05c2-4597-95d6-b0f71a474f76', '81df1b3c-ec67-46bc-9afd-0ef81974be74', 2023),
('4eb11987-cc34-4b88-b315-f3344839d4a6', '2023 Maruti IGNIS ZETA 1.2 AMT', '2343f91d-5291-47ee-96a4-33b827968fca', 'aa54da78-124c-4a4e-a240-9b1026a8b453', 2023),
('4f9274e8-21f0-41e8-845c-0d948ee6ff23', '2016 Maruti Swift VDI', '5b16ac17-1268-4078-afd1-2aba6819a246', '81df1b3c-ec67-46bc-9afd-0ef81974be74', 2016),
('4fae2722-1851-4ac7-bb12-d3d1b36f0e90', '2022 Maruti Ertiga VXI SHVS', '3a4c6a69-05c2-4597-95d6-b0f71a474f76', '81df1b3c-ec67-46bc-9afd-0ef81974be74', 2022),
('4fec65ea-00ab-4bda-9b56-b9a526fd407a', '2017 Maruti Wagon R 1.0 VXI (O) AMT', '433f8970-ea23-4e07-8294-e82821e11f1d', 'aa54da78-124c-4a4e-a240-9b1026a8b453', 2017),
('4ff83af9-0714-41d0-8281-759005b25124', '2013 Maruti Alto K10 LXI', '433f8970-ea23-4e07-8294-e82821e11f1d', '81df1b3c-ec67-46bc-9afd-0ef81974be74', 2013),
('511eba9d-96c9-4add-9ab9-f4fafdab4a1c', '2016 Maruti Vitara Brezza ZDI PLUS DUAL TONE', '5b16ac17-1268-4078-afd1-2aba6819a246', '81df1b3c-ec67-46bc-9afd-0ef81974be74', 2016),
('535d38a2-6c18-47a1-99d9-f0c5ef58bb6c', '2014 Maruti Ciaz VDI', '5b16ac17-1268-4078-afd1-2aba6819a246', '81df1b3c-ec67-46bc-9afd-0ef81974be74', 2014),
('54a465be-4224-4483-90aa-51fbea7100fe', '2016 Maruti Ciaz ZXI AT', '53f68bf4-bf17-468d-8c1c-4381e7d47445', 'aa54da78-124c-4a4e-a240-9b1026a8b453', 2016),
('54b0ba5e-c7ea-4eeb-b01f-1218b7ace302', '2017 Maruti Alto 800 VXI', 'a254380f-ea84-4018-8fed-4551854ac95f', '81df1b3c-ec67-46bc-9afd-0ef81974be74', 2017),
('54f94144-a118-4af7-b8ce-69700d029e3a', '2019 Maruti Dzire ZXI AMT', '2343f91d-5291-47ee-96a4-33b827968fca', 'aa54da78-124c-4a4e-a240-9b1026a8b453', 2019),
('5530a626-86fc-42e2-be6e-fbf4e31f67e0', '2021 Maruti Dzire ZXI Plus AMT', '2343f91d-5291-47ee-96a4-33b827968fca', 'aa54da78-124c-4a4e-a240-9b1026a8b453', 2021),
('558dcb45-673b-4f7b-b493-a551a96b2aca', '2019 Maruti S PRESSO VXI', '433f8970-ea23-4e07-8294-e82821e11f1d', '81df1b3c-ec67-46bc-9afd-0ef81974be74', 2019),
('5619fd40-32d4-4122-b65a-da3a956c5613', '2023 Maruti Alto K10 VXI PLUS', '433f8970-ea23-4e07-8294-e82821e11f1d', '81df1b3c-ec67-46bc-9afd-0ef81974be74', 2023),
('5631c156-1b6a-4e8c-957e-78238e9fb918', '2017 Maruti Alto 800 VXI O', 'a254380f-ea84-4018-8fed-4551854ac95f', '81df1b3c-ec67-46bc-9afd-0ef81974be74', 2017),
('585ad6d3-d963-4719-9625-162a6caaa72b', '2022 Maruti New Wagon-R ZXI 1.2', '2343f91d-5291-47ee-96a4-33b827968fca', '81df1b3c-ec67-46bc-9afd-0ef81974be74', 2022),
('58accfe3-580e-49ac-bfb3-514863ca55bd', '2017 Maruti Swift Dzire ZXI', '2343f91d-5291-47ee-96a4-33b827968fca', '81df1b3c-ec67-46bc-9afd-0ef81974be74', 2017),
('59650bad-855b-4ed5-a4ac-930aa490bc42', '2020 Maruti Swift VXI', '2343f91d-5291-47ee-96a4-33b827968fca', '81df1b3c-ec67-46bc-9afd-0ef81974be74', 2020),
('5a69eb86-ba19-4c65-86ba-e185bba721e6', '2018 Maruti Ciaz SIGMA 1.4 MT PETROL', '53f68bf4-bf17-468d-8c1c-4381e7d47445', '81df1b3c-ec67-46bc-9afd-0ef81974be74', 2018),
('5abea582-6ebb-4dde-b0fd-faa2d24d8970', '2017 Maruti Dzire LXI', '2343f91d-5291-47ee-96a4-33b827968fca', '81df1b3c-ec67-46bc-9afd-0ef81974be74', 2017),
('5ac0d6fe-dbcf-4ccc-b589-c307fb448748', '2019 Maruti Alto 800 LXI', 'a254380f-ea84-4018-8fed-4551854ac95f', '81df1b3c-ec67-46bc-9afd-0ef81974be74', 2019),
('5ae1d52e-f24e-4c46-a19a-35f96a6cb432', '2020 Maruti Baleno ZETA CVT PETROL 1.2', '2343f91d-5291-47ee-96a4-33b827968fca', 'aa54da78-124c-4a4e-a240-9b1026a8b453', 2020),
('5c48381c-b15a-4e0c-bca5-527a8c8db115', '2017 Maruti Celerio VXI AMT', '433f8970-ea23-4e07-8294-e82821e11f1d', 'aa54da78-124c-4a4e-a240-9b1026a8b453', 2017),
('5c6d911a-58ca-40eb-8e30-5f177c77e2b7', '2011 Maruti Zen Estilo VXI', '433f8970-ea23-4e07-8294-e82821e11f1d', '81df1b3c-ec67-46bc-9afd-0ef81974be74', 2011),
('5cc76971-71ff-42ae-8de2-f833f64f99ac', '2014 Maruti Swift Dzire ZDI', '5b16ac17-1268-4078-afd1-2aba6819a246', '81df1b3c-ec67-46bc-9afd-0ef81974be74', 2014),
('5cf843fc-f01b-42ae-998e-080a6a5c58be', '2022 Maruti Eeco 5 STR AC CNG', '485f23bd-ca7a-4ad2-9d84-4e7908ef60a4', '81df1b3c-ec67-46bc-9afd-0ef81974be74', 2022),
('5d556af6-512d-4d9a-9d66-9ad087f7b48d', '2012 Maruti Swift LXI', '2343f91d-5291-47ee-96a4-33b827968fca', '81df1b3c-ec67-46bc-9afd-0ef81974be74', 2012),
('5dd0a1d9-6e5d-4dc9-8aae-bb3ffc0b28e1', '2023 Maruti Alto K10 VXI', '433f8970-ea23-4e07-8294-e82821e11f1d', '81df1b3c-ec67-46bc-9afd-0ef81974be74', 2023),
('5e5192fb-9fc8-4a76-afe5-7aa8c038423c', '2019 Maruti S PRESSO VXI PLUS AMT', '433f8970-ea23-4e07-8294-e82821e11f1d', 'aa54da78-124c-4a4e-a240-9b1026a8b453', 2019),
('5e552a6b-e2b1-4726-ac76-7a91e86d36d2', '2015 Maruti Swift Dzire VXI', '2343f91d-5291-47ee-96a4-33b827968fca', '81df1b3c-ec67-46bc-9afd-0ef81974be74', 2015),
('5eae7d1b-2315-4f93-87ef-e8ade81a4e63', '2018 Maruti Swift LXI', '2343f91d-5291-47ee-96a4-33b827968fca', '81df1b3c-ec67-46bc-9afd-0ef81974be74', 2018),
('5ef414bb-ceb8-41b6-80f9-2d51049f0487', '2017 Maruti Wagon R 1.0 LXI CNG', 'd749186d-ea85-4e96-a8e0-6a5c94de85b8', '81df1b3c-ec67-46bc-9afd-0ef81974be74', 2017),
('5f117654-25f3-4d23-a242-fd7686b2e21e', '2016 Maruti Ciaz ZDI SHVS', '5b16ac17-1268-4078-afd1-2aba6819a246', '81df1b3c-ec67-46bc-9afd-0ef81974be74', 2016),
('5fb8be9b-9516-4a0c-9d1b-a6c6d4c5f64d', '2019 Maruti Alto VXI', 'a254380f-ea84-4018-8fed-4551854ac95f', '81df1b3c-ec67-46bc-9afd-0ef81974be74', 2019),
('6013379d-3e95-48fb-9f71-de602dcff7fa', '2023 Maruti New Wagon-R LXI 1.0', '433f8970-ea23-4e07-8294-e82821e11f1d', '81df1b3c-ec67-46bc-9afd-0ef81974be74', 2023),
('60ffe228-fb7e-479e-aea7-cecb53ee0232', '2017 Maruti Dzire VDI AMT', '5b16ac17-1268-4078-afd1-2aba6819a246', 'aa54da78-124c-4a4e-a240-9b1026a8b453', 2017),
('6244fc62-2457-4789-af76-f8e06e37990b', '2016 Maruti Alto K10 VXI', '433f8970-ea23-4e07-8294-e82821e11f1d', '81df1b3c-ec67-46bc-9afd-0ef81974be74', 2016),
('62f812d6-b141-4305-b758-64058d9e13ca', '2017 Maruti Dzire VXI', '2343f91d-5291-47ee-96a4-33b827968fca', '81df1b3c-ec67-46bc-9afd-0ef81974be74', 2017),
('6398d33e-e963-42a8-b37e-5d7e78ad9388', '2019 Maruti New Wagon-R ZXI 1.2 AMT', '2343f91d-5291-47ee-96a4-33b827968fca', 'aa54da78-124c-4a4e-a240-9b1026a8b453', 2019),
('63ed47ba-69a8-47c2-a7b8-2355001cbdd8', '2022 Maruti XL6 ALPHA PLUS AT DUAL TONE', '3a4c6a69-05c2-4597-95d6-b0f71a474f76', 'aa54da78-124c-4a4e-a240-9b1026a8b453', 2022),
('64764942-1aa9-4677-8d69-5f2f8d15d5b0', '2018 Maruti Dzire VXI', '2343f91d-5291-47ee-96a4-33b827968fca', '81df1b3c-ec67-46bc-9afd-0ef81974be74', 2018),
('649a6e9f-8ff1-4d47-8b84-5d6711895ac2', '2017 Maruti Ciaz ALPHA AT 1.4 PETROL', '7b92fd64-a65f-4f79-98c9-ffe4c7a81aca', 'aa54da78-124c-4a4e-a240-9b1026a8b453', 2017),
('657eae9a-40b6-4e8d-957d-44732ad23389', '2014 Maruti Swift ZXI', '2343f91d-5291-47ee-96a4-33b827968fca', '81df1b3c-ec67-46bc-9afd-0ef81974be74', 2014),
('65808d75-c6a5-4558-972e-f19994b256fd', '2020 Maruti Baleno ALPHA CVT PETROL 1.2', '2343f91d-5291-47ee-96a4-33b827968fca', 'aa54da78-124c-4a4e-a240-9b1026a8b453', 2020),
('65d03885-0e57-4fda-a0c2-64dec4dd6f23', '2015 Maruti Wagon R 1.0 VXI AMT', '433f8970-ea23-4e07-8294-e82821e11f1d', 'aa54da78-124c-4a4e-a240-9b1026a8b453', 2015),
('65e0c609-4607-46a7-bcf7-7afe61614411', '2020 Maruti Baleno SIGMA PETROL 1.2', '2343f91d-5291-47ee-96a4-33b827968fca', '81df1b3c-ec67-46bc-9afd-0ef81974be74', 2020),
('665e8cc5-72e9-41a5-8ec7-a7eef7e45125', '2020 Maruti Swift ZXI PLUS AMT', '2343f91d-5291-47ee-96a4-33b827968fca', 'aa54da78-124c-4a4e-a240-9b1026a8b453', 2020),
('666606d3-3f16-419d-a90e-64ac290ade39', '2023 Maruti Grand Vitara SIGMA SMART HYBRID', '3a4c6a69-05c2-4597-95d6-b0f71a474f76', '81df1b3c-ec67-46bc-9afd-0ef81974be74', 2023),
('669b2dee-32cf-4be6-9fcf-a37b67444c7b', '2021 Maruti Alto LXI OPT CNG', '58812d8a-7c0b-4786-9686-1ab87d0d8ddb', '81df1b3c-ec67-46bc-9afd-0ef81974be74', 2021),
('66ab9be8-a25a-41d5-9390-f8aed2c50e74', '2023 Maruti S PRESSO VXI+', '433f8970-ea23-4e07-8294-e82821e11f1d', '81df1b3c-ec67-46bc-9afd-0ef81974be74', 2023),
('66acce66-9f4e-46d7-9d98-a2d2378e0032', '2023 Maruti Celerio ZXI', '433f8970-ea23-4e07-8294-e82821e11f1d', '81df1b3c-ec67-46bc-9afd-0ef81974be74', 2023),
('66eb3d98-f1f9-4238-af62-507068ab55c4', '2018 Maruti Celerio VXI AMT', '433f8970-ea23-4e07-8294-e82821e11f1d', 'aa54da78-124c-4a4e-a240-9b1026a8b453', 2018),
('66eecc82-ab15-4961-bb16-460832e5f125', '2022 Maruti Swift ZXI PLUS AMT', '2343f91d-5291-47ee-96a4-33b827968fca', 'aa54da78-124c-4a4e-a240-9b1026a8b453', 2022),
('679f2404-f8b6-4fcd-a12f-e71bfc129314', '2021 Maruti New Wagon-R LXI CNG (O) 1.0', 'd749186d-ea85-4e96-a8e0-6a5c94de85b8', '81df1b3c-ec67-46bc-9afd-0ef81974be74', 2021),
('67ed6f07-1a95-4e30-8e54-1fd1918b4850', '2023 Maruti Alto K10 LXI', '433f8970-ea23-4e07-8294-e82821e11f1d', '81df1b3c-ec67-46bc-9afd-0ef81974be74', 2023),
('681b47f6-0bd3-47bf-94ed-9fa3dc8b6848', '2017 Maruti Swift LXI (O)', '2343f91d-5291-47ee-96a4-33b827968fca', '81df1b3c-ec67-46bc-9afd-0ef81974be74', 2017),
('68ecfcb4-65f1-42a5-b999-b6c67f2d52d5', '2022 Maruti New Wagon-R VXI 1.0 AMT', '433f8970-ea23-4e07-8294-e82821e11f1d', 'aa54da78-124c-4a4e-a240-9b1026a8b453', 2022),
('69720727-22f0-4475-b9eb-29e22713ae76', '2017 Maruti Ciaz ALPHA 1.4 PETROL', '53f68bf4-bf17-468d-8c1c-4381e7d47445', '81df1b3c-ec67-46bc-9afd-0ef81974be74', 2017),
('6a12f727-f061-4653-b898-da1a4ecc77fa', '2017 Maruti Baleno ALPHA CVT PETROL 1.2', '2343f91d-5291-47ee-96a4-33b827968fca', 'aa54da78-124c-4a4e-a240-9b1026a8b453', 2017),
('6b41fed8-a7ff-4708-991c-53385a6c64b0', '2018 Maruti Baleno RS 1.0 PETROL', '433f8970-ea23-4e07-8294-e82821e11f1d', '81df1b3c-ec67-46bc-9afd-0ef81974be74', 2018),
('6cb7c068-6473-40a2-b38a-251f365b8765', '2019 Maruti Swift ZXI AMT', '2343f91d-5291-47ee-96a4-33b827968fca', 'aa54da78-124c-4a4e-a240-9b1026a8b453', 2019),
('6d1c3a57-4ebc-4137-b3c5-0698e2989560', '2020 Maruti S PRESSO LXI', '433f8970-ea23-4e07-8294-e82821e11f1d', '81df1b3c-ec67-46bc-9afd-0ef81974be74', 2020),
('6d38f48d-8877-41d4-8e46-402645d151e4', '2023 Maruti S PRESSO VXI (O) AMT', '433f8970-ea23-4e07-8294-e82821e11f1d', 'aa54da78-124c-4a4e-a240-9b1026a8b453', 2023),
('6dc841f5-5b5f-4c64-bf87-f735f2d544a8', '2017 Maruti Alto 800 LXI CNG O', '58812d8a-7c0b-4786-9686-1ab87d0d8ddb', '81df1b3c-ec67-46bc-9afd-0ef81974be74', 2017),
('6e1137eb-5a0f-4a10-a91a-d70b01f98536', '2011 Maruti Ritz VDI', '5b16ac17-1268-4078-afd1-2aba6819a246', '81df1b3c-ec67-46bc-9afd-0ef81974be74', 2011),
('6e334776-5c1c-401e-807b-22fcc1cb1cfc', '2013 Maruti Swift ZXI', '2343f91d-5291-47ee-96a4-33b827968fca', '81df1b3c-ec67-46bc-9afd-0ef81974be74', 2013),
('6e4aaf6b-bc74-4137-a470-046befb6092c', '2016 Maruti Swift Dzire ZXI', '2343f91d-5291-47ee-96a4-33b827968fca', '81df1b3c-ec67-46bc-9afd-0ef81974be74', 2016),
('6edd845b-a8e5-45a0-8b84-09043a7124e5', '2016 Maruti Alto 800 LXI', 'a254380f-ea84-4018-8fed-4551854ac95f', '81df1b3c-ec67-46bc-9afd-0ef81974be74', 2016),
('6f247095-143f-42bc-bd0b-c3eac7333ddf', '2018 Maruti Dzire VXI AMT', '2343f91d-5291-47ee-96a4-33b827968fca', 'aa54da78-124c-4a4e-a240-9b1026a8b453', 2018),
('6f270a5c-5580-4835-910f-568779558a5d', '2012 Maruti Omni 5 STR', 'a254380f-ea84-4018-8fed-4551854ac95f', '81df1b3c-ec67-46bc-9afd-0ef81974be74', 2012),
('6f880f73-a718-4fa6-bdf6-1899c0b7c111', '2017 Maruti Baleno RS 1.0 PETROL', '433f8970-ea23-4e07-8294-e82821e11f1d', '81df1b3c-ec67-46bc-9afd-0ef81974be74', 2017),
('6f8c5067-9ee9-4b2b-a325-d6109c782654', '2021 Maruti Celerio ZXI AMT', '433f8970-ea23-4e07-8294-e82821e11f1d', 'aa54da78-124c-4a4e-a240-9b1026a8b453', 2021),
('6fa7b740-6a02-4be1-bea0-d43a1c2b994c', '2019 Maruti Baleno SIGMA PETROL 1.2', '2343f91d-5291-47ee-96a4-33b827968fca', '81df1b3c-ec67-46bc-9afd-0ef81974be74', 2019),
('6fcb523a-1efb-4e95-8d68-09189bf60866', '2021 Maruti S PRESSO VXI (O)', '433f8970-ea23-4e07-8294-e82821e11f1d', '81df1b3c-ec67-46bc-9afd-0ef81974be74', 2021),
('7075b91a-c39f-46f7-9205-861568d51a0e', '2015 Maruti Celerio ZXI AMT', '433f8970-ea23-4e07-8294-e82821e11f1d', 'aa54da78-124c-4a4e-a240-9b1026a8b453', 2015),
('70ae7c89-ba94-4854-ae9c-88918e8130aa', '2016 Maruti Swift Dzire VXI (O)', '2343f91d-5291-47ee-96a4-33b827968fca', '81df1b3c-ec67-46bc-9afd-0ef81974be74', 2016),
('70b43f20-3f13-4813-b13e-f2fb302b0db2', '2018 Maruti Celerio X ZXI (O)', '433f8970-ea23-4e07-8294-e82821e11f1d', '81df1b3c-ec67-46bc-9afd-0ef81974be74', 2018),
('711a1ab9-a557-48eb-b452-88c10a5da3ea', '2023 Maruti New Wagon-R ZXI 1.2', '2343f91d-5291-47ee-96a4-33b827968fca', '81df1b3c-ec67-46bc-9afd-0ef81974be74', 2023),
('71578d5b-1fb8-40df-b9e1-e38220cc2860', '2022 Maruti IGNIS SIGMA 1.2', '2343f91d-5291-47ee-96a4-33b827968fca', '81df1b3c-ec67-46bc-9afd-0ef81974be74', 2022),
('7284ae19-8d50-4e2b-bfef-8fa73e301439', '2021 Maruti S PRESSO VXI AMT', '433f8970-ea23-4e07-8294-e82821e11f1d', 'aa54da78-124c-4a4e-a240-9b1026a8b453', 2021),
('728a8686-5855-4239-8e62-b7e998aebf9a', '2021 Maruti Swift VXI AMT', '2343f91d-5291-47ee-96a4-33b827968fca', 'aa54da78-124c-4a4e-a240-9b1026a8b453', 2021),
('72c79ccd-2e7d-4ec7-a496-68d163ebced9', '2018 Maruti Swift VXI', '2343f91d-5291-47ee-96a4-33b827968fca', '81df1b3c-ec67-46bc-9afd-0ef81974be74', 2018),
('734581bb-6417-4aa5-b35a-34f543688bfe', '2020 Maruti New Wagon-R VXI 1.0 AMT', '433f8970-ea23-4e07-8294-e82821e11f1d', 'aa54da78-124c-4a4e-a240-9b1026a8b453', 2020),
('7352299d-ea97-4c88-807a-5511da23f8ef', '2022 Maruti IGNIS DELTA 1.2', '2343f91d-5291-47ee-96a4-33b827968fca', '81df1b3c-ec67-46bc-9afd-0ef81974be74', 2022),
('736e4920-7f08-41bc-bfca-64357c8bd99c', '2023 Maruti BREZZA ZXI SMART HYBRID', '3a4c6a69-05c2-4597-95d6-b0f71a474f76', '81df1b3c-ec67-46bc-9afd-0ef81974be74', 2023),
('73a5e118-2c5d-44fb-b0c9-dcd7cf5efba1', '2017 Maruti Dzire ZXI PLUS AMT', '2343f91d-5291-47ee-96a4-33b827968fca', 'aa54da78-124c-4a4e-a240-9b1026a8b453', 2017),
('73af1cad-f55c-4a86-9274-0c18098d1aa3', '2017 Maruti Eeco 5 STR WITH A/C+HTR', 'b41d47d6-baca-4aad-9cf2-04a065156d70', '81df1b3c-ec67-46bc-9afd-0ef81974be74', 2017),
('743876ac-e205-4b2c-8644-16dec61ee572', '2018 Maruti Ciaz ALPHA AT 1.5 SHVS PETROL', '3a4c6a69-05c2-4597-95d6-b0f71a474f76', 'aa54da78-124c-4a4e-a240-9b1026a8b453', 2018),
('74543236-3e54-4360-8ed6-63eed2d905ab', '2020 Maruti Ciaz SIGMA 1.5 SHVS MT PETROL', '3a4c6a69-05c2-4597-95d6-b0f71a474f76', '81df1b3c-ec67-46bc-9afd-0ef81974be74', 2020),
('749952d8-360e-4b90-a65c-070901223564', '2019 Maruti Swift ZXI PLUS', '2343f91d-5291-47ee-96a4-33b827968fca', '81df1b3c-ec67-46bc-9afd-0ef81974be74', 2019),
('75150972-e07f-4c0e-891b-1b84d437520d', '2018 Maruti Dzire VDI AMT', '5b16ac17-1268-4078-afd1-2aba6819a246', 'aa54da78-124c-4a4e-a240-9b1026a8b453', 2018),
('7553b1ca-8d60-4a2e-82d6-ddc3fd3e6633', '2017 Maruti IGNIS ZETA 1.2 AMT DUAL TONE', '2343f91d-5291-47ee-96a4-33b827968fca', 'aa54da78-124c-4a4e-a240-9b1026a8b453', 2017),
('75a79bdc-5efc-4917-98aa-0090a4eab982', '2014 Maruti Wagon R 1.0 VXI', '433f8970-ea23-4e07-8294-e82821e11f1d', '81df1b3c-ec67-46bc-9afd-0ef81974be74', 2014),
('767078fe-2a7d-4cd7-95ee-9e8b944d1b9a', '2023 Maruti Ertiga ZXI+ AT SHVS', '3a4c6a69-05c2-4597-95d6-b0f71a474f76', 'aa54da78-124c-4a4e-a240-9b1026a8b453', 2023),
('76dfe560-820a-4f15-b15b-ffe8b7b13ab1', '2021 Maruti New Wagon-R VXI (O) 1.2 AMT', '2343f91d-5291-47ee-96a4-33b827968fca', 'aa54da78-124c-4a4e-a240-9b1026a8b453', 2021),
('7703a979-2405-454f-932a-e410fbaeec64', '2020 Maruti Dzire VXI AMT', '62dfee90-91b1-4b51-9946-55968362a1f6', 'aa54da78-124c-4a4e-a240-9b1026a8b453', 2020),
('7746e8a6-6bc5-435e-b1dd-6e8a7d40ca60', '2020 Maruti Ciaz DELTA 1.5 SHVS MT PETROL', '3a4c6a69-05c2-4597-95d6-b0f71a474f76', '81df1b3c-ec67-46bc-9afd-0ef81974be74', 2020),
('780651e9-fe61-4615-9ddb-5f7713d2eded', '2015 Maruti Swift VDI ABS', '5b16ac17-1268-4078-afd1-2aba6819a246', '81df1b3c-ec67-46bc-9afd-0ef81974be74', 2015),
('7809b32d-88fc-4a24-8be4-2b43bc33ce31', '2017 Maruti Vitara Brezza VDI', '5b16ac17-1268-4078-afd1-2aba6819a246', '81df1b3c-ec67-46bc-9afd-0ef81974be74', 2017),
('783395b2-8450-4b44-a0e7-bbd4a75d1cf4', '2017 Maruti Alto 800 LXI', 'a254380f-ea84-4018-8fed-4551854ac95f', '81df1b3c-ec67-46bc-9afd-0ef81974be74', 2017),
('7ad112e8-9526-4952-894d-20660745cda9', '2021 Maruti Ciaz ALPHA AT 1.5 SHVS PETROL', '3a4c6a69-05c2-4597-95d6-b0f71a474f76', 'aa54da78-124c-4a4e-a240-9b1026a8b453', 2021),
('7b1c3116-0549-4dd2-b18a-b8bd9638df4b', '2017 Maruti Dzire VDI', '5b16ac17-1268-4078-afd1-2aba6819a246', '81df1b3c-ec67-46bc-9afd-0ef81974be74', 2017),
('7b71d4c5-5629-48c3-b2c3-2dd0ff2cad8a', '2017 Maruti Baleno DELTA CVT PETROL 1.2', '2343f91d-5291-47ee-96a4-33b827968fca', 'aa54da78-124c-4a4e-a240-9b1026a8b453', 2017),
('7c3e8ce0-e41d-4cfa-b96c-f5ab53477659', '2013 Maruti Alto 800 LXI', 'a254380f-ea84-4018-8fed-4551854ac95f', '81df1b3c-ec67-46bc-9afd-0ef81974be74', 2013),
('7c724a4c-2758-4790-87d2-9619efaefca7', '2015 Maruti Celerio VXI', '433f8970-ea23-4e07-8294-e82821e11f1d', '81df1b3c-ec67-46bc-9afd-0ef81974be74', 2015),
('7c876495-d936-4ad2-80b2-94e8d8e20654', '2018 Maruti Celerio X VXI (O)', '433f8970-ea23-4e07-8294-e82821e11f1d', '81df1b3c-ec67-46bc-9afd-0ef81974be74', 2018),
('7cacc8c5-edcb-41c9-9d98-03c4885d54b4', '2020 Maruti S Cross ALPHA AT SMART HYBRID', '3a4c6a69-05c2-4597-95d6-b0f71a474f76', 'aa54da78-124c-4a4e-a240-9b1026a8b453', 2020),
('7cc156ba-e53f-4790-99d1-3751f1863f81', '2017 Maruti Celerio X ZXI', '433f8970-ea23-4e07-8294-e82821e11f1d', '81df1b3c-ec67-46bc-9afd-0ef81974be74', 2017),
('7cd5669b-f177-4830-907e-2aa040c5b8c7', '2020 Maruti S PRESSO VXI CNG', 'd749186d-ea85-4e96-a8e0-6a5c94de85b8', '81df1b3c-ec67-46bc-9afd-0ef81974be74', 2020),
('7dadabf7-7729-4d8b-859c-07607a548e0a', '2015 Maruti Ciaz VXI+', '53f68bf4-bf17-468d-8c1c-4381e7d47445', '81df1b3c-ec67-46bc-9afd-0ef81974be74', 2015),
('7dbc8339-e269-4ca2-980d-9f39a35cf8b3', '2020 Maruti New Wagon-R LXI 1.0', '433f8970-ea23-4e07-8294-e82821e11f1d', '81df1b3c-ec67-46bc-9afd-0ef81974be74', 2020),
('7e46aff2-7d1d-44b3-9683-dbd4300bb9c4', '2019 Maruti New Wagon-R VXI (O) 1.2', '2343f91d-5291-47ee-96a4-33b827968fca', '81df1b3c-ec67-46bc-9afd-0ef81974be74', 2019),
('7e92acf5-1df9-4ad7-b375-e72e1bbf491b', '2017 Maruti Celerio VXI', '433f8970-ea23-4e07-8294-e82821e11f1d', '81df1b3c-ec67-46bc-9afd-0ef81974be74', 2017),
('7eb44f25-34c2-4231-9214-780b55c1bf65', '2015 Maruti Alto 800 VXI', 'a254380f-ea84-4018-8fed-4551854ac95f', '81df1b3c-ec67-46bc-9afd-0ef81974be74', 2015),
('7ed1b475-ec9b-4c22-8192-97abc6e12b33', '2020 Maruti New Wagon-R VXI 1.2 AMT', '2343f91d-5291-47ee-96a4-33b827968fca', 'aa54da78-124c-4a4e-a240-9b1026a8b453', 2020),
('7ed4d7f1-f567-4b8f-8972-d1f0b68d8c04', '2017 Maruti Swift ZXI', '2343f91d-5291-47ee-96a4-33b827968fca', '81df1b3c-ec67-46bc-9afd-0ef81974be74', 2017),
('7f103688-016a-4aaf-ad07-170298761e77', '2020 Maruti Dzire ZXI AMT', '2343f91d-5291-47ee-96a4-33b827968fca', 'aa54da78-124c-4a4e-a240-9b1026a8b453', 2020),
('7f647d69-e5b6-4ed9-86a4-5c49606968d6', '2019 Maruti Celerio VXI', '433f8970-ea23-4e07-8294-e82821e11f1d', '81df1b3c-ec67-46bc-9afd-0ef81974be74', 2019),
('7f9ae7aa-f095-4665-b1da-b5170d83485d', '2012 Maruti Wagon R 1.0 LXI CNG', 'd749186d-ea85-4e96-a8e0-6a5c94de85b8', '81df1b3c-ec67-46bc-9afd-0ef81974be74', 2012),
('7fdf2cb3-1b73-4bcb-b11f-939c5eb7b033', '2021 Maruti New Wagon-R VXI 1.0', '433f8970-ea23-4e07-8294-e82821e11f1d', '81df1b3c-ec67-46bc-9afd-0ef81974be74', 2021),
('7fe1c508-fc15-429b-90a4-7309c75bc8f7', '2018 Maruti Celerio ZXI AMT (O)', '433f8970-ea23-4e07-8294-e82821e11f1d', 'aa54da78-124c-4a4e-a240-9b1026a8b453', 2018),
('8000f630-8a2a-4fe9-81bb-5682556866e6', '2012 Maruti Swift VXI', '2343f91d-5291-47ee-96a4-33b827968fca', '81df1b3c-ec67-46bc-9afd-0ef81974be74', 2012),
('80191672-a98b-46fb-91ca-2ffc2ed918ed', '2022 Maruti New Wagon-R VXI 1.0', '433f8970-ea23-4e07-8294-e82821e11f1d', '81df1b3c-ec67-46bc-9afd-0ef81974be74', 2022),
('807d374d-a3c7-4d5c-b865-03a1a69e94b2', '2023 Maruti Swift LXI', '2343f91d-5291-47ee-96a4-33b827968fca', '81df1b3c-ec67-46bc-9afd-0ef81974be74', 2023),
('80ff79e6-d904-454e-a000-49063491ac6b', '2020 Maruti S PRESSO VXI AMT', '433f8970-ea23-4e07-8294-e82821e11f1d', 'aa54da78-124c-4a4e-a240-9b1026a8b453', 2020),
('81300974-d081-4ac6-be39-c0c271c040a5', '2021 Maruti Baleno ZETA CVT PETROL 1.2', '2343f91d-5291-47ee-96a4-33b827968fca', 'aa54da78-124c-4a4e-a240-9b1026a8b453', 2021),
('820acad3-f8b6-492a-a775-27411217a04e', '2013 Maruti Ertiga ZXI', '53f68bf4-bf17-468d-8c1c-4381e7d47445', '81df1b3c-ec67-46bc-9afd-0ef81974be74', 2013),
('822174f6-a9eb-4e9b-9eee-33e21c2ee39a', '2021 Maruti Dzire VXI AMT', '2343f91d-5291-47ee-96a4-33b827968fca', 'aa54da78-124c-4a4e-a240-9b1026a8b453', 2021),
('830bfc08-2eec-43f7-8d5a-6ffc563df618', '2018 Maruti Baleno ALPHA PETROL 1.2', '2343f91d-5291-47ee-96a4-33b827968fca', '81df1b3c-ec67-46bc-9afd-0ef81974be74', 2018),
('8363ca3f-f917-46a3-b55b-68cdcd8377a2', '2022 Maruti Dzire ZXI CNG', '485f23bd-ca7a-4ad2-9d84-4e7908ef60a4', '81df1b3c-ec67-46bc-9afd-0ef81974be74', 2022),
('83647f78-4484-44ee-85ab-469cba0f3744', '2013 Maruti Ertiga VXI', '53f68bf4-bf17-468d-8c1c-4381e7d47445', '81df1b3c-ec67-46bc-9afd-0ef81974be74', 2013),
('841048b4-f719-4873-bc7f-0c928f7a9f83', '2019 Maruti Dzire VXI AMT', '2343f91d-5291-47ee-96a4-33b827968fca', 'aa54da78-124c-4a4e-a240-9b1026a8b453', 2019),
('8412be71-4d5b-4025-a230-e1e6e553768c', '2011 Maruti Wagon R 1.0 LX', '433f8970-ea23-4e07-8294-e82821e11f1d', '81df1b3c-ec67-46bc-9afd-0ef81974be74', 2011),
('84e6d617-3061-4840-91f3-214501563372', '2017 Maruti IGNIS ZETA 1.2 AMT', '2343f91d-5291-47ee-96a4-33b827968fca', 'aa54da78-124c-4a4e-a240-9b1026a8b453', 2017),
('8589d578-e3d9-42c6-8240-39f27035bf5f', '2022 Maruti Baleno ALPHA 1.2 AGS', '2343f91d-5291-47ee-96a4-33b827968fca', 'aa54da78-124c-4a4e-a240-9b1026a8b453', 2022);
INSERT INTO `model` (`id_model`, `model_name`, `id_engine`, `id_transmission`, `manufacturing_year`) VALUES
('85e4671d-54d7-4359-813f-831658aeec94', '2021 Maruti Swift ZXI', '2343f91d-5291-47ee-96a4-33b827968fca', '81df1b3c-ec67-46bc-9afd-0ef81974be74', 2021),
('86f7823f-f408-47bb-8751-90034442e428', '2018 Maruti Ciaz ZETA 1.4 AT PETROL', '53f68bf4-bf17-468d-8c1c-4381e7d47445', 'aa54da78-124c-4a4e-a240-9b1026a8b453', 2018),
('8706366a-9c3a-406f-8b33-70bd293a7b1e', '2016 Maruti Swift VDI ABS', '5b16ac17-1268-4078-afd1-2aba6819a246', '81df1b3c-ec67-46bc-9afd-0ef81974be74', 2016),
('871cea70-cd9e-4d70-98a8-0ed8206a62ff', '2017 Maruti Baleno ALPHA PETROL 1.2', '2343f91d-5291-47ee-96a4-33b827968fca', '81df1b3c-ec67-46bc-9afd-0ef81974be74', 2017),
('87a98ad0-785d-44e9-a63d-f9353e367bfe', '2020 Maruti S PRESSO VXI (O) AMT', '433f8970-ea23-4e07-8294-e82821e11f1d', 'aa54da78-124c-4a4e-a240-9b1026a8b453', 2020),
('87b31981-67fd-4ca4-b0f7-6193f9b7a2d2', '2017 Maruti IGNIS ALPHA 1.2', '2343f91d-5291-47ee-96a4-33b827968fca', '81df1b3c-ec67-46bc-9afd-0ef81974be74', 2017),
('87ebf916-5760-4ec8-9413-767e0efbd011', '2021 Maruti Celerio ZXI (O)', '433f8970-ea23-4e07-8294-e82821e11f1d', '81df1b3c-ec67-46bc-9afd-0ef81974be74', 2021),
('886bc6ca-59ff-4fd8-8fad-b11490d1082d', '2017 Maruti Ciaz SIGMA 1.4 MT PETROL', '53f68bf4-bf17-468d-8c1c-4381e7d47445', '81df1b3c-ec67-46bc-9afd-0ef81974be74', 2017),
('88cc2f36-a567-4441-9c90-568fcbb66499', '2013 Maruti Swift Dzire VDI', '5b16ac17-1268-4078-afd1-2aba6819a246', '81df1b3c-ec67-46bc-9afd-0ef81974be74', 2013),
('891e4a13-9372-44d6-983e-5cd46ff6560c', '2021 Maruti Vitara Brezza LXI', '3a4c6a69-05c2-4597-95d6-b0f71a474f76', '81df1b3c-ec67-46bc-9afd-0ef81974be74', 2021),
('894c9588-71e9-4f82-afee-142b6158f54d', '2012 Maruti Wagon R 1.0 LXI', '433f8970-ea23-4e07-8294-e82821e11f1d', '81df1b3c-ec67-46bc-9afd-0ef81974be74', 2012),
('8aa5159e-a79a-42ba-a615-a9819143861b', '2016 Maruti Ertiga VXI', '7b92fd64-a65f-4f79-98c9-ffe4c7a81aca', '81df1b3c-ec67-46bc-9afd-0ef81974be74', 2016),
('8ad7c554-ef5e-4962-83c4-1b6026a66d75', '2020 Maruti IGNIS ALPHA 1.2', '2343f91d-5291-47ee-96a4-33b827968fca', '81df1b3c-ec67-46bc-9afd-0ef81974be74', 2020),
('8b676aea-e48b-4eb4-ae53-505eaf28b82b', '2018 Maruti Alto K10 VXI', '433f8970-ea23-4e07-8294-e82821e11f1d', '81df1b3c-ec67-46bc-9afd-0ef81974be74', 2018),
('8b6b849b-9329-4b11-8819-1bea8e9495d3', '2021 Maruti Ciaz DELTA 1.5 SHVS MT PETROL', '3a4c6a69-05c2-4597-95d6-b0f71a474f76', '81df1b3c-ec67-46bc-9afd-0ef81974be74', 2021),
('8c952d0c-d880-44f2-b17b-639a0a10952f', '2023 Maruti Dzire ZXI AMT', '2343f91d-5291-47ee-96a4-33b827968fca', 'aa54da78-124c-4a4e-a240-9b1026a8b453', 2023),
('8d5875ab-f5e3-40af-8acf-2b82bae71228', '2016 Maruti Alto K10 VXI (O)', '433f8970-ea23-4e07-8294-e82821e11f1d', '81df1b3c-ec67-46bc-9afd-0ef81974be74', 2016),
('8e5705c2-fa99-4950-a024-919315f6a401', '2020 Maruti Baleno ALPHA PETROL 1.2', '2343f91d-5291-47ee-96a4-33b827968fca', '81df1b3c-ec67-46bc-9afd-0ef81974be74', 2020),
('8eaf6166-3a08-4dbf-94ef-cd7d6a67a814', '2022 Maruti XL6 ALPHA PLUS MT', '3a4c6a69-05c2-4597-95d6-b0f71a474f76', '81df1b3c-ec67-46bc-9afd-0ef81974be74', 2022),
('8eee50de-cc0c-474c-bb06-09da79fdd0ba', '2020 Maruti Alto LXI', 'a254380f-ea84-4018-8fed-4551854ac95f', '81df1b3c-ec67-46bc-9afd-0ef81974be74', 2020),
('900417e5-7b91-45ed-b732-befd61342ff8', '2018 Maruti Celerio VXI CNG', 'd749186d-ea85-4e96-a8e0-6a5c94de85b8', '81df1b3c-ec67-46bc-9afd-0ef81974be74', 2018),
('903b1813-4330-419e-9f5e-725f6abc803b', '2019 Maruti New Wagon-R VXI 1.0 AMT', '433f8970-ea23-4e07-8294-e82821e11f1d', 'aa54da78-124c-4a4e-a240-9b1026a8b453', 2019),
('908e408d-06ac-45ac-8d17-0ca162b5066b', '2019 Maruti Baleno DELTA PETROL 1.2', '485f23bd-ca7a-4ad2-9d84-4e7908ef60a4', '81df1b3c-ec67-46bc-9afd-0ef81974be74', 2019),
('90ae8e56-d3ca-464f-b817-6eec6fa9efd5', '2011 Maruti Alto K10 VXI', '433f8970-ea23-4e07-8294-e82821e11f1d', '81df1b3c-ec67-46bc-9afd-0ef81974be74', 2011),
('90d7b1e0-b067-43d9-a93d-b4bb2dcbf5eb', '2011 Maruti Wagon R 1.0 LXI', '433f8970-ea23-4e07-8294-e82821e11f1d', '81df1b3c-ec67-46bc-9afd-0ef81974be74', 2011),
('912edcb6-a994-4eca-9ba2-a9dba0c4895a', '2019 Maruti Swift ZXI', '2343f91d-5291-47ee-96a4-33b827968fca', '81df1b3c-ec67-46bc-9afd-0ef81974be74', 2019),
('914ccf54-b123-481a-9bc8-b2f660966854', '2022 Maruti New Wagon-R VXI (O) 1.2', '2343f91d-5291-47ee-96a4-33b827968fca', '81df1b3c-ec67-46bc-9afd-0ef81974be74', 2022),
('9160cd44-61f7-485b-9822-e8f80aa66ae4', '2023 Maruti IGNIS ZETA 1.2', '2343f91d-5291-47ee-96a4-33b827968fca', '81df1b3c-ec67-46bc-9afd-0ef81974be74', 2023),
('91cb9d00-943d-4d48-889a-37e9d10b38cb', '2022 Maruti XL6 ALPHA AT', '3a4c6a69-05c2-4597-95d6-b0f71a474f76', 'aa54da78-124c-4a4e-a240-9b1026a8b453', 2022),
('92261315-beb6-419f-b947-018c61c26ff5', '2023 Maruti New Wagon-R ZXI PLUS 1.2 AMT', '2343f91d-5291-47ee-96a4-33b827968fca', 'aa54da78-124c-4a4e-a240-9b1026a8b453', 2023),
('923d8610-1d27-4572-94bb-f1ee1d4c4c0d', '2019 Maruti Celerio ZXI AMT', '433f8970-ea23-4e07-8294-e82821e11f1d', 'aa54da78-124c-4a4e-a240-9b1026a8b453', 2019),
('931a9dc9-f8fa-4fc7-b630-e05bc6679998', '2012 Maruti Alto K10 VXI', '433f8970-ea23-4e07-8294-e82821e11f1d', '81df1b3c-ec67-46bc-9afd-0ef81974be74', 2012),
('93969c2e-d831-49a3-b7de-5b46e44a13da', '2022 Maruti Celerio ZXI', '433f8970-ea23-4e07-8294-e82821e11f1d', '81df1b3c-ec67-46bc-9afd-0ef81974be74', 2022),
('9399c9aa-c778-4d2d-9993-ff245ce46c6e', '2018 Maruti Eeco 5 STR WITH A/C+HTR', '0f5f4c3e-150f-49d4-9e6b-915ee207a43a', '81df1b3c-ec67-46bc-9afd-0ef81974be74', 2018),
('939ab999-997b-49d4-bb14-22ef43897d7d', '2014 Maruti Celerio VXI AMT', '433f8970-ea23-4e07-8294-e82821e11f1d', 'aa54da78-124c-4a4e-a240-9b1026a8b453', 2014),
('93ce9259-40f1-4eb0-a7cd-ff9c07ab0d96', '2013 Maruti Swift Dzire LXI', '2343f91d-5291-47ee-96a4-33b827968fca', '81df1b3c-ec67-46bc-9afd-0ef81974be74', 2013),
('9477c72b-67a7-4d9f-9601-eed3118bf18e', '2012 Maruti Swift Dzire VDI', '5b16ac17-1268-4078-afd1-2aba6819a246', '81df1b3c-ec67-46bc-9afd-0ef81974be74', 2012),
('94bdd3ea-de8d-4740-ba3e-1b655e557bb3', '2018 Maruti Ciaz ALPHA AT 1.4 PETROL', '53f68bf4-bf17-468d-8c1c-4381e7d47445', 'aa54da78-124c-4a4e-a240-9b1026a8b453', 2018),
('957e0a61-3c49-469c-aef8-d4ca1ba6988e', '2021 Maruti Celerio ZXI PLUS AGS', '433f8970-ea23-4e07-8294-e82821e11f1d', 'aa54da78-124c-4a4e-a240-9b1026a8b453', 2021),
('95919fa7-6b04-4eaf-8939-429ba94e3189', '2012 Maruti A Star VXI', '433f8970-ea23-4e07-8294-e82821e11f1d', '81df1b3c-ec67-46bc-9afd-0ef81974be74', 2012),
('96e5889f-f4d4-40a2-ad9b-199b237c45e3', '2018 Maruti Celerio X ZXI (O) AMT', '433f8970-ea23-4e07-8294-e82821e11f1d', 'aa54da78-124c-4a4e-a240-9b1026a8b453', 2018),
('97f9b6a3-927a-4135-9efc-0cab2a5d06af', '2014 Maruti Swift VXI', '2343f91d-5291-47ee-96a4-33b827968fca', '81df1b3c-ec67-46bc-9afd-0ef81974be74', 2014),
('9888978f-3d64-48e9-a51b-81bf13d86f12', '2022 Maruti Alto K10 VXI', '433f8970-ea23-4e07-8294-e82821e11f1d', '81df1b3c-ec67-46bc-9afd-0ef81974be74', 2022),
('98ad18de-621b-44ea-afb9-1bd7dbf7dc38', '2023 Maruti Celerio ZXI AMT', '433f8970-ea23-4e07-8294-e82821e11f1d', 'aa54da78-124c-4a4e-a240-9b1026a8b453', 2023),
('98d94858-b2b9-4f4a-94bb-aade0c66ee18', '2022 Maruti Dzire VXI AMT', '2343f91d-5291-47ee-96a4-33b827968fca', 'aa54da78-124c-4a4e-a240-9b1026a8b453', 2022),
('994c364d-71ab-44c9-b5c4-aa60098eeb9b', '2019 Maruti Alto LXI', 'a254380f-ea84-4018-8fed-4551854ac95f', '81df1b3c-ec67-46bc-9afd-0ef81974be74', 2019),
('999ab148-9e32-47e6-9e91-ac91fc590615', '2016 Maruti Vitara Brezza ZDI', '5b16ac17-1268-4078-afd1-2aba6819a246', '81df1b3c-ec67-46bc-9afd-0ef81974be74', 2016),
('99c00ccf-5edd-4af0-88a2-f49d0b4b4176', '2015 Maruti Ertiga ZXI', '53f68bf4-bf17-468d-8c1c-4381e7d47445', '81df1b3c-ec67-46bc-9afd-0ef81974be74', 2015),
('9a9709a5-36bc-4fb3-9057-2b410d9b54d0', '2014 Maruti Celerio ZXI', '433f8970-ea23-4e07-8294-e82821e11f1d', '81df1b3c-ec67-46bc-9afd-0ef81974be74', 2014),
('9b177793-0ecc-41ef-80aa-4180fe84895d', '2020 Maruti Alto LXI O', 'a254380f-ea84-4018-8fed-4551854ac95f', '81df1b3c-ec67-46bc-9afd-0ef81974be74', 2020),
('9b6f73f4-dc32-4328-98dd-9188684b8f65', '2021 Maruti Swift ZXI PLUS AMT DUAL TONE', '2343f91d-5291-47ee-96a4-33b827968fca', 'aa54da78-124c-4a4e-a240-9b1026a8b453', 2021),
('9b728712-7acc-49b9-9870-0fb499d13631', '2021 Maruti IGNIS ALPHA 1.2 AMT', '2343f91d-5291-47ee-96a4-33b827968fca', 'aa54da78-124c-4a4e-a240-9b1026a8b453', 2021),
('9b7843c9-16fa-4dda-acf2-43571e377fc5', '2023 Maruti Baleno ZETA PETROL 1.2', '485f23bd-ca7a-4ad2-9d84-4e7908ef60a4', '81df1b3c-ec67-46bc-9afd-0ef81974be74', 2023),
('9c521612-059a-4d80-9649-bdf5bdb66701', '2020 Maruti New Wagon-R LXI CNG 1.0', 'd749186d-ea85-4e96-a8e0-6a5c94de85b8', '81df1b3c-ec67-46bc-9afd-0ef81974be74', 2020),
('9c673709-234d-4c03-9bc7-d889e555f4ef', '2022 Maruti New Wagon-R VXI 1.0 AMT', '2343f91d-5291-47ee-96a4-33b827968fca', 'aa54da78-124c-4a4e-a240-9b1026a8b453', 2022),
('9cd93a3c-31e8-4565-b1a8-ab21e3ad8123', '2019 Maruti New Wagon-R VXI 1.0', '433f8970-ea23-4e07-8294-e82821e11f1d', '81df1b3c-ec67-46bc-9afd-0ef81974be74', 2019),
('9d2536a5-36b2-4c9c-934f-7618dd7cd92c', '2022 Maruti Ciaz ALPHA AT 1.5 SHVS PETROL', '3a4c6a69-05c2-4597-95d6-b0f71a474f76', 'aa54da78-124c-4a4e-a240-9b1026a8b453', 2022),
('9d986133-cec2-4c71-8e78-9a83e4514cdb', '2018 Maruti Celerio VXI (O)', '433f8970-ea23-4e07-8294-e82821e11f1d', '81df1b3c-ec67-46bc-9afd-0ef81974be74', 2018),
('9da8c5be-ab53-441f-915f-dd545f809df8', '2016 Maruti Ciaz ZXI+', '53f68bf4-bf17-468d-8c1c-4381e7d47445', '81df1b3c-ec67-46bc-9afd-0ef81974be74', 2016),
('9e275873-d0ea-47d5-bd98-ba8d83e2f664', '2013 Maruti Swift VDI', '5b16ac17-1268-4078-afd1-2aba6819a246', '81df1b3c-ec67-46bc-9afd-0ef81974be74', 2013),
('9ed0a263-d7f1-43c0-9b02-8093688f3b90', '2013 Maruti Ertiga VXI CNG', '7b92fd64-a65f-4f79-98c9-ffe4c7a81aca', '81df1b3c-ec67-46bc-9afd-0ef81974be74', 2013),
('9fb23255-3e81-4e9a-a6eb-f10a2428b867', '2013 Maruti Alto K10 VXI', '433f8970-ea23-4e07-8294-e82821e11f1d', '81df1b3c-ec67-46bc-9afd-0ef81974be74', 2013),
('a0543c7f-56f0-4f5a-8839-f90f5fa0024f', '2015 Maruti Ertiga ZDI', '5b16ac17-1268-4078-afd1-2aba6819a246', '81df1b3c-ec67-46bc-9afd-0ef81974be74', 2015),
('a15895b4-0ed5-48d8-9c72-f217bfdc8364', '2015 Maruti Baleno ALPHA PETROL 1.2', '2343f91d-5291-47ee-96a4-33b827968fca', '81df1b3c-ec67-46bc-9afd-0ef81974be74', 2015),
('a18cc286-2459-4016-b41f-3b99274c857d', '2023 Maruti New Wagon-R LXI CNG 1.0', 'd749186d-ea85-4e96-a8e0-6a5c94de85b8', '81df1b3c-ec67-46bc-9afd-0ef81974be74', 2023),
('a260a952-eb2d-4f96-956b-5838c4520512', '2014 Maruti Alto 800 LXI', 'a254380f-ea84-4018-8fed-4551854ac95f', '81df1b3c-ec67-46bc-9afd-0ef81974be74', 2014),
('a347af7d-a3e2-44ff-9423-5387be1b9d1d', '2017 Maruti Swift VXI', '2343f91d-5291-47ee-96a4-33b827968fca', '81df1b3c-ec67-46bc-9afd-0ef81974be74', 2017),
('a4a3cdf2-7399-4ab4-8d08-78fc88249c53', '2018 Maruti IGNIS ZETA 1.2 AMT', '2343f91d-5291-47ee-96a4-33b827968fca', 'aa54da78-124c-4a4e-a240-9b1026a8b453', 2018),
('a5d38a24-72f4-4712-b1b0-b7ed3bc61f5b', '2014 Maruti Ciaz VXI+', '53f68bf4-bf17-468d-8c1c-4381e7d47445', '81df1b3c-ec67-46bc-9afd-0ef81974be74', 2014),
('a60a47d5-addf-45df-99f6-4f234d0a99e8', '2015 Maruti Baleno ALPHA DIESEL 1.3', '5b16ac17-1268-4078-afd1-2aba6819a246', '81df1b3c-ec67-46bc-9afd-0ef81974be74', 2015),
('a6492ad6-2e67-4944-98be-5f3d287376a9', '2019 Maruti XL6 ZETA AT', '3a4c6a69-05c2-4597-95d6-b0f71a474f76', 'aa54da78-124c-4a4e-a240-9b1026a8b453', 2019),
('a65aa2a9-5e2a-412e-8aea-7f04b61d2218', '2018 Maruti Swift ZXI PLUS AMT', '2343f91d-5291-47ee-96a4-33b827968fca', 'aa54da78-124c-4a4e-a240-9b1026a8b453', 2018),
('a7098138-567b-4a1d-b6b7-76f48c80de4a', '2019 Maruti Ciaz DELTA AT 1.5 SHVS PETROL', '3a4c6a69-05c2-4597-95d6-b0f71a474f76', 'aa54da78-124c-4a4e-a240-9b1026a8b453', 2019),
('a78a0e60-7bf9-4ecc-8152-f0f6cac5bab7', '2021 Maruti Vitara Brezza ZXI PLUS AT SHVS', '3a4c6a69-05c2-4597-95d6-b0f71a474f76', 'aa54da78-124c-4a4e-a240-9b1026a8b453', 2021),
('a7b72118-2055-4ac9-834e-97e8ffe847bc', '2015 Maruti Celerio ZXI', '433f8970-ea23-4e07-8294-e82821e11f1d', '81df1b3c-ec67-46bc-9afd-0ef81974be74', 2015),
('a80e6a3a-2efc-41a4-80a2-bd315be963b8', '2018 Maruti Baleno DELTA CVT PETROL 1.2', '2343f91d-5291-47ee-96a4-33b827968fca', 'aa54da78-124c-4a4e-a240-9b1026a8b453', 2018),
('a856d1ce-1261-4e4e-96d6-6ba6205c8c81', '2017 Maruti Baleno ZETA CVT PETROL 1.2', '2343f91d-5291-47ee-96a4-33b827968fca', 'aa54da78-124c-4a4e-a240-9b1026a8b453', 2017),
('a88e9ddb-8bb4-4fc8-8746-9df908f919b3', '2021 Maruti New Wagon-R ZXI 1.2 AMT', '2343f91d-5291-47ee-96a4-33b827968fca', 'aa54da78-124c-4a4e-a240-9b1026a8b453', 2021),
('a9214436-5b2c-469f-b01a-71de08bb003a', '2022 Maruti New Wagon-R LXI 1.0', '433f8970-ea23-4e07-8294-e82821e11f1d', '81df1b3c-ec67-46bc-9afd-0ef81974be74', 2022),
('a93247de-265e-4544-bef0-30084a61dbf6', '2018 Maruti Wagon R 1.0 VXI', 'd749186d-ea85-4e96-a8e0-6a5c94de85b8', '81df1b3c-ec67-46bc-9afd-0ef81974be74', 2018),
('a97d89dd-9aea-483e-9f9c-95631423d2eb', '2015 Maruti Ciaz ZXI', '53f68bf4-bf17-468d-8c1c-4381e7d47445', '81df1b3c-ec67-46bc-9afd-0ef81974be74', 2015),
('a99dc110-6bfc-42fb-8047-3e1e12078df8', '2021 Maruti Ciaz ALPHA 1.5 SHVS PETROL', '3a4c6a69-05c2-4597-95d6-b0f71a474f76', '81df1b3c-ec67-46bc-9afd-0ef81974be74', 2021),
('aa669e53-0c1a-45de-97d2-66e09a92fca7', '2019 Maruti Baleno ZETA CVT PETROL 1.2', '2343f91d-5291-47ee-96a4-33b827968fca', 'aa54da78-124c-4a4e-a240-9b1026a8b453', 2019),
('aa856a7e-a83b-4a7b-9ceb-b1043c75fc0c', '2022 Maruti Ertiga ZXI (O) CNG', '7b92fd64-a65f-4f79-98c9-ffe4c7a81aca', '81df1b3c-ec67-46bc-9afd-0ef81974be74', 2022),
('aad589d8-83be-448c-9c13-534b7c1d51dc', '2018 Maruti IGNIS DELTA 1.2', '2343f91d-5291-47ee-96a4-33b827968fca', '81df1b3c-ec67-46bc-9afd-0ef81974be74', 2018),
('aaf32e95-44e4-417d-9d1c-f3ee40f6eb57', '2017 Maruti Baleno DELTA PETROL 1.2', '2343f91d-5291-47ee-96a4-33b827968fca', '81df1b3c-ec67-46bc-9afd-0ef81974be74', 2017),
('abf1557c-93d7-4fbd-8be7-a4ebe7a42da6', '2016 Maruti Ciaz VDI SHVS', '5b16ac17-1268-4078-afd1-2aba6819a246', '81df1b3c-ec67-46bc-9afd-0ef81974be74', 2016),
('ac1747c9-7666-42b2-8a4f-cdf0fddac2dc', '2022 Maruti Alto LXI O', 'a254380f-ea84-4018-8fed-4551854ac95f', '81df1b3c-ec67-46bc-9afd-0ef81974be74', 2022),
('ada2091c-91ce-4c7c-895d-42a32c575257', '2016 Maruti Celerio VXI CNG', 'd749186d-ea85-4e96-a8e0-6a5c94de85b8', '81df1b3c-ec67-46bc-9afd-0ef81974be74', 2016),
('ae02cebb-cb26-4189-b2a6-0eb5ec1c6cf2', '2015 Maruti Ciaz VXI', '53f68bf4-bf17-468d-8c1c-4381e7d47445', '81df1b3c-ec67-46bc-9afd-0ef81974be74', 2015),
('ae621735-179a-48dd-b614-af42526de641', '2018 Maruti Ciaz ALPHA 1.4 PETROL', '53f68bf4-bf17-468d-8c1c-4381e7d47445', '81df1b3c-ec67-46bc-9afd-0ef81974be74', 2018),
('aea85f32-7d60-4046-a68c-ab9557271f18', '2014 Maruti Alto 800 LXI', '58812d8a-7c0b-4786-9686-1ab87d0d8ddb', '81df1b3c-ec67-46bc-9afd-0ef81974be74', 2014),
('aed47f0e-3f66-4450-921d-c45b54d31e0c', '2012 Maruti Swift VDI', '5b16ac17-1268-4078-afd1-2aba6819a246', '81df1b3c-ec67-46bc-9afd-0ef81974be74', 2012),
('af214ab4-ec8c-446b-a50f-3127fece66e0', '2016 Maruti Ciaz ZXI', '53f68bf4-bf17-468d-8c1c-4381e7d47445', '81df1b3c-ec67-46bc-9afd-0ef81974be74', 2016),
('afe1acba-6b9f-41e7-9225-1bd75e6353ab', '2019 Maruti S PRESSO VXI AMT', '433f8970-ea23-4e07-8294-e82821e11f1d', 'aa54da78-124c-4a4e-a240-9b1026a8b453', 2019),
('b170e8e4-5372-4ddf-a9ac-e42a724e772f', '2023 Maruti Dzire VXI', '2343f91d-5291-47ee-96a4-33b827968fca', '81df1b3c-ec67-46bc-9afd-0ef81974be74', 2023),
('b1a6b3ab-dc7b-4fc5-9f45-a382980392cd', '2017 Maruti IGNIS ZETA 1.2', '2343f91d-5291-47ee-96a4-33b827968fca', '81df1b3c-ec67-46bc-9afd-0ef81974be74', 2017),
('b1c62d61-680b-4d34-9802-ae330927aa50', '2018 Maruti IGNIS SIGMA 1.2', '2343f91d-5291-47ee-96a4-33b827968fca', '81df1b3c-ec67-46bc-9afd-0ef81974be74', 2018),
('b2478d76-746a-4712-86fd-67145f4812da', '2016 Maruti Alto K10 VXI (O) AMT', '433f8970-ea23-4e07-8294-e82821e11f1d', 'aa54da78-124c-4a4e-a240-9b1026a8b453', 2016),
('b305b73b-2fe9-4b61-9667-5aab70257c96', '2018 Maruti Dzire ZXI PLUS', '2343f91d-5291-47ee-96a4-33b827968fca', '81df1b3c-ec67-46bc-9afd-0ef81974be74', 2018),
('b305e542-c3bd-463f-bfe4-09a2ee0711e1', '2021 Maruti IGNIS ALPHA 1.2', '2343f91d-5291-47ee-96a4-33b827968fca', '81df1b3c-ec67-46bc-9afd-0ef81974be74', 2021),
('b35ad8e9-c137-4d3d-bfe2-66d8d8857f40', '2014 Maruti Alto K10 VXI', '433f8970-ea23-4e07-8294-e82821e11f1d', '81df1b3c-ec67-46bc-9afd-0ef81974be74', 2014),
('b4d4ea31-62a6-4fbd-b804-861c9cf81dd6', '2014 Maruti Ciaz VXI', '53f68bf4-bf17-468d-8c1c-4381e7d47445', '81df1b3c-ec67-46bc-9afd-0ef81974be74', 2014),
('b4ed6027-353a-4883-9db5-33d6026c27f4', '2021 Maruti Alto VXI PLUS', 'a254380f-ea84-4018-8fed-4551854ac95f', '81df1b3c-ec67-46bc-9afd-0ef81974be74', 2021),
('b5353ae8-d6f2-4cf4-ac09-e8dfe8d9920e', '2020 Maruti Ciaz S 1.5 MT PETROL', '3a4c6a69-05c2-4597-95d6-b0f71a474f76', '81df1b3c-ec67-46bc-9afd-0ef81974be74', 2020),
('b5789311-6574-44e3-a092-b4fb51dfd7da', '2019 Maruti Ciaz ALPHA AT 1.5 SHVS PETROL', '3a4c6a69-05c2-4597-95d6-b0f71a474f76', 'aa54da78-124c-4a4e-a240-9b1026a8b453', 2019),
('b66d0e73-545e-4a8e-b7f1-c043d05a9fd2', '2020 Maruti Dzire VXI', '2343f91d-5291-47ee-96a4-33b827968fca', '81df1b3c-ec67-46bc-9afd-0ef81974be74', 2020),
('b6cd7025-e385-46e6-893d-fb38a507e7ff', '2014 Maruti Swift Dzire ZXI', '2343f91d-5291-47ee-96a4-33b827968fca', '81df1b3c-ec67-46bc-9afd-0ef81974be74', 2014),
('b6fb83ca-5c26-4130-8888-0d9aed9c031d', '2022 Maruti Vitara Brezza LXI', '3a4c6a69-05c2-4597-95d6-b0f71a474f76', '81df1b3c-ec67-46bc-9afd-0ef81974be74', 2022),
('b73d2094-ed79-466f-8eea-1c5eb6409b8f', '2021 Maruti Celerio ZXI PLUS', '433f8970-ea23-4e07-8294-e82821e11f1d', '81df1b3c-ec67-46bc-9afd-0ef81974be74', 2021),
('b87d7b8c-60b0-4349-a26a-8577e4da29db', '2016 Maruti Alto K10 VXI AMT', '433f8970-ea23-4e07-8294-e82821e11f1d', 'aa54da78-124c-4a4e-a240-9b1026a8b453', 2016),
('b8e8c50e-902a-4c8b-b5e9-a4ca13b66260', '2018 Maruti Ciaz DELTA 1.4 AT PETROL', '53f68bf4-bf17-468d-8c1c-4381e7d47445', 'aa54da78-124c-4a4e-a240-9b1026a8b453', 2018),
('b8fbc3cb-8dce-472e-9d85-5dcbd8c6b8ab', '2013 Maruti Wagon R 1.0 LXI CNG', 'd749186d-ea85-4e96-a8e0-6a5c94de85b8', '81df1b3c-ec67-46bc-9afd-0ef81974be74', 2013),
('bca97b13-211a-40a8-9678-091418979009', '2017 Maruti Alto 800 LXI CNG', '58812d8a-7c0b-4786-9686-1ab87d0d8ddb', '81df1b3c-ec67-46bc-9afd-0ef81974be74', 2017),
('be56ccef-90eb-44b4-aa51-0137713510ca', '2017 Maruti Dzire ZXI AMT', '2343f91d-5291-47ee-96a4-33b827968fca', 'aa54da78-124c-4a4e-a240-9b1026a8b453', 2017),
('c00e2440-9ab6-4706-a172-c44c556d8424', '2019 Maruti Dzire ZXI PLUS', '2343f91d-5291-47ee-96a4-33b827968fca', '81df1b3c-ec67-46bc-9afd-0ef81974be74', 2019),
('c1645c27-a40e-45e6-8ba8-c7a7153c8b6d', '2022 Maruti Alto K10 LXI', '433f8970-ea23-4e07-8294-e82821e11f1d', '81df1b3c-ec67-46bc-9afd-0ef81974be74', 2022),
('c25abd6c-199e-44c3-a543-5ab15892ca67', '2017 Maruti Dzire VXI AMT', '2343f91d-5291-47ee-96a4-33b827968fca', 'aa54da78-124c-4a4e-a240-9b1026a8b453', 2017),
('c27e6579-72a0-4dd4-b634-f363d330bba0', '2018 Maruti Celerio ZXI AMT', '433f8970-ea23-4e07-8294-e82821e11f1d', 'aa54da78-124c-4a4e-a240-9b1026a8b453', 2018),
('c2b42216-0440-4e7f-9a79-5acc05c56af4', '2019 Maruti New Wagon-R VXI (O) 1.2 AMT', '2343f91d-5291-47ee-96a4-33b827968fca', 'aa54da78-124c-4a4e-a240-9b1026a8b453', 2019),
('c34e7654-3d7b-4989-85db-2d1db25081e6', '2022 Maruti XL6 ALPHA PLUS AT', '3a4c6a69-05c2-4597-95d6-b0f71a474f76', 'aa54da78-124c-4a4e-a240-9b1026a8b453', 2022),
('c3daeb3b-6c52-4073-ac43-e6510672bfbe', '2019 Maruti Vitara Brezza VDI AMT', '5b16ac17-1268-4078-afd1-2aba6819a246', 'aa54da78-124c-4a4e-a240-9b1026a8b453', 2019),
('c3dda1dc-2dc7-4092-9a7b-2e791c82b939', '2012 Maruti Ritz VXI', '2343f91d-5291-47ee-96a4-33b827968fca', '81df1b3c-ec67-46bc-9afd-0ef81974be74', 2012),
('c412218c-0de8-4a73-885b-2d0e63f381f8', '2013 Maruti Alto 800 VXI', 'a254380f-ea84-4018-8fed-4551854ac95f', '81df1b3c-ec67-46bc-9afd-0ef81974be74', 2013),
('c467b53b-2bcf-4783-812f-cafbad5be7cb', '2017 Maruti IGNIS DELTA 1.2', '485f23bd-ca7a-4ad2-9d84-4e7908ef60a4', '81df1b3c-ec67-46bc-9afd-0ef81974be74', 2017),
('c48792b9-9de8-4797-8c72-a1aae71ae7f8', '2017 Maruti Ciaz ZXI+ AT', '53f68bf4-bf17-468d-8c1c-4381e7d47445', 'aa54da78-124c-4a4e-a240-9b1026a8b453', 2017),
('c495a3d1-c45e-47f4-9e1a-6f5b9165b58b', '2013 Maruti Swift Dzire VXI', '2343f91d-5291-47ee-96a4-33b827968fca', '81df1b3c-ec67-46bc-9afd-0ef81974be74', 2013),
('c5088e46-cc5c-448a-a79b-b2889d130e00', '2012 Maruti Ertiga VXI', '53f68bf4-bf17-468d-8c1c-4381e7d47445', '81df1b3c-ec67-46bc-9afd-0ef81974be74', 2012),
('c52cbf15-7b09-495b-b2d5-d75fd69246c0', '2020 Maruti New Wagon-R ZXI 1.2 AMT', '2343f91d-5291-47ee-96a4-33b827968fca', 'aa54da78-124c-4a4e-a240-9b1026a8b453', 2020),
('c5cbf1e8-f39f-41d0-badb-4d07b1d16241', '2018 Maruti IGNIS DELTA 1.2 AMT', '2343f91d-5291-47ee-96a4-33b827968fca', 'aa54da78-124c-4a4e-a240-9b1026a8b453', 2018),
('c62610ec-a17b-41c7-8824-447d864a37dc', '2019 Maruti Celerio VXI AMT (O)', '433f8970-ea23-4e07-8294-e82821e11f1d', 'aa54da78-124c-4a4e-a240-9b1026a8b453', 2019),
('c661354d-5ff1-4f74-8d84-e4503ee219f8', '2019 Maruti Celerio VXI CNG', 'd749186d-ea85-4e96-a8e0-6a5c94de85b8', '81df1b3c-ec67-46bc-9afd-0ef81974be74', 2019),
('c6764f1a-cb13-4297-9fe1-a4f3c6257531', '2016 Maruti Celerio VXI', '433f8970-ea23-4e07-8294-e82821e11f1d', '81df1b3c-ec67-46bc-9afd-0ef81974be74', 2016),
('c6a65868-1594-4ec1-a548-0a7a05bf1612', '2020 Maruti New Wagon-R VXI (O) 1.2', '2343f91d-5291-47ee-96a4-33b827968fca', '81df1b3c-ec67-46bc-9afd-0ef81974be74', 2020),
('c6bcc521-f205-4996-95a5-c1cc43938728', '2015 Maruti Eeco 5 STR WITH A/C+HTR', 'b41d47d6-baca-4aad-9cf2-04a065156d70', '81df1b3c-ec67-46bc-9afd-0ef81974be74', 2015),
('c8663f19-da60-4558-ac72-ba35890d076b', '2021 Maruti Vitara Brezza ZXI PLUS AT DUAL TONE SHVS', '3a4c6a69-05c2-4597-95d6-b0f71a474f76', 'aa54da78-124c-4a4e-a240-9b1026a8b453', 2021),
('c8752801-3dbd-448f-98c6-a257cbbd42ce', '2019 Maruti Celerio ZXI', '433f8970-ea23-4e07-8294-e82821e11f1d', '81df1b3c-ec67-46bc-9afd-0ef81974be74', 2019),
('c92fd525-581a-4ad8-80dc-9120887b0dbd', '2017 Maruti IGNIS SIGMA 1.2', '2343f91d-5291-47ee-96a4-33b827968fca', '81df1b3c-ec67-46bc-9afd-0ef81974be74', 2017),
('c9ec7d87-4498-4e5b-b233-5c589df1e951', '2017 Maruti Celerio VXI (O) CNG', 'd749186d-ea85-4e96-a8e0-6a5c94de85b8', '81df1b3c-ec67-46bc-9afd-0ef81974be74', 2017),
('caa3f236-839e-45cb-b4cd-42b5f022ed8d', '2020 Maruti Baleno DELTA PETROL 1.2', '2343f91d-5291-47ee-96a4-33b827968fca', '81df1b3c-ec67-46bc-9afd-0ef81974be74', 2020),
('cace3b90-7f84-4fd3-ac0a-6b9c964a0b3e', '2022 Maruti Eeco 5 STR STD(O)', '2343f91d-5291-47ee-96a4-33b827968fca', '81df1b3c-ec67-46bc-9afd-0ef81974be74', 2022),
('cafc1ddb-c5eb-4e74-98b5-c02759a8ed84', '2017 Maruti Celerio VXI CNG', 'd749186d-ea85-4e96-a8e0-6a5c94de85b8', '81df1b3c-ec67-46bc-9afd-0ef81974be74', 2017),
('cb0196d2-888b-4e59-a3d1-9d96267df6a1', '2021 Maruti Baleno SIGMA PETROL 1.2', '2343f91d-5291-47ee-96a4-33b827968fca', '81df1b3c-ec67-46bc-9afd-0ef81974be74', 2021),
('cb4be79c-c4e9-4ced-b6cf-8d441d63bd22', '2018 Maruti IGNIS ALPHA 1.2', '2343f91d-5291-47ee-96a4-33b827968fca', '81df1b3c-ec67-46bc-9afd-0ef81974be74', 2018),
('cc9480f2-17cd-4902-8694-2356f28213d6', '2023 Maruti XL6 ZETA CNG', 'e3eac3de-fb90-4f78-8da5-a0cf2519af50', '81df1b3c-ec67-46bc-9afd-0ef81974be74', 2023),
('cca14dc6-9bbb-4601-99f6-c688b7756189', '2015 Maruti Swift LXI (O)', '2343f91d-5291-47ee-96a4-33b827968fca', '81df1b3c-ec67-46bc-9afd-0ef81974be74', 2015),
('cda7f543-cd8f-447d-8eda-827354e3fe90', '2016 Maruti Wagon R 1.0 VXI AMT', '433f8970-ea23-4e07-8294-e82821e11f1d', 'aa54da78-124c-4a4e-a240-9b1026a8b453', 2016),
('cdca3a48-eafc-40d4-b15c-ba0c5c41d870', '2022 Maruti Swift ZXI PLUS AMT DUAL TONE', '2343f91d-5291-47ee-96a4-33b827968fca', 'aa54da78-124c-4a4e-a240-9b1026a8b453', 2022),
('cde166c3-f785-46f2-8026-8db07a402b82', '2018 Maruti Ciaz DELTA 1.5 SHVS MT PETROL', '3a4c6a69-05c2-4597-95d6-b0f71a474f76', '81df1b3c-ec67-46bc-9afd-0ef81974be74', 2018),
('cf36689f-9e1b-4083-a897-6a7851984671', '2017 Maruti Alto K10 VXI', '433f8970-ea23-4e07-8294-e82821e11f1d', '81df1b3c-ec67-46bc-9afd-0ef81974be74', 2017),
('cf42085d-bb62-421a-9bb3-713df9c32cc0', '2017 Maruti Wagon R 1.0 VXI AMT', '433f8970-ea23-4e07-8294-e82821e11f1d', 'aa54da78-124c-4a4e-a240-9b1026a8b453', 2017),
('d004bff0-6a72-495e-9d98-77e957b2dca9', '2018 Maruti Swift VDI', '5b16ac17-1268-4078-afd1-2aba6819a246', '81df1b3c-ec67-46bc-9afd-0ef81974be74', 2018),
('d0484920-475b-4c9d-94e1-4d95276c1f52', '2016 Maruti Ciaz VXI+', '53f68bf4-bf17-468d-8c1c-4381e7d47445', '81df1b3c-ec67-46bc-9afd-0ef81974be74', 2016),
('d08d67a0-acd9-44d3-bb13-f809b1e8b390', '2017 Maruti Ciaz ZETA 1.4 MT PETROL', '53f68bf4-bf17-468d-8c1c-4381e7d47445', '81df1b3c-ec67-46bc-9afd-0ef81974be74', 2017),
('d0b94df4-5b46-451f-b7cb-453b3273c96e', '2021 Maruti IGNIS DELTA 1.2 AMT', '2343f91d-5291-47ee-96a4-33b827968fca', 'aa54da78-124c-4a4e-a240-9b1026a8b453', 2021),
('d0df4670-1a6f-432c-9582-9fe31495dc4c', '2014 Maruti Alto K10 LXI', '433f8970-ea23-4e07-8294-e82821e11f1d', '81df1b3c-ec67-46bc-9afd-0ef81974be74', 2014),
('d11714ff-d970-4efe-b15a-27958b9836ce', '2020 Maruti New Wagon-R LXI CNG (O) 1.0', 'd749186d-ea85-4e96-a8e0-6a5c94de85b8', '81df1b3c-ec67-46bc-9afd-0ef81974be74', 2020),
('d19d982c-e7d7-479d-b672-a56ae015f2df', '2020 Maruti Vitara Brezza ZXI PLUS', '3a4c6a69-05c2-4597-95d6-b0f71a474f76', '81df1b3c-ec67-46bc-9afd-0ef81974be74', 2020),
('d1ed6488-4edf-4ba7-bd56-f61375828b6b', '2022 Maruti Ciaz DELTA 1.5 SHVS MT PETROL', '3a4c6a69-05c2-4597-95d6-b0f71a474f76', '81df1b3c-ec67-46bc-9afd-0ef81974be74', 2022),
('d1f104b1-eea6-4721-af65-a1918ea8d2b1', '2021 Maruti Ciaz DELTA AT 1.5 SHVS PETROL', '3a4c6a69-05c2-4597-95d6-b0f71a474f76', 'aa54da78-124c-4a4e-a240-9b1026a8b453', 2021),
('d1f6bd63-2785-4789-8933-c65bc9d0fcf3', '2016 Maruti Baleno DELTA DIESEL 1.3', '5b16ac17-1268-4078-afd1-2aba6819a246', '81df1b3c-ec67-46bc-9afd-0ef81974be74', 2016),
('d26e18a6-003f-4435-ad6c-c60bd5ff4c73', '2022 Maruti IGNIS ZETA 1.2', '2343f91d-5291-47ee-96a4-33b827968fca', '81df1b3c-ec67-46bc-9afd-0ef81974be74', 2022),
('d28ec473-2536-45f5-9d1f-1fba098efabe', '2019 Maruti S PRESSO VXI (O)', '433f8970-ea23-4e07-8294-e82821e11f1d', '81df1b3c-ec67-46bc-9afd-0ef81974be74', 2019),
('d2c8022f-7d94-4032-a87a-59eb87524c6c', '2010 Maruti A Star LXI', '433f8970-ea23-4e07-8294-e82821e11f1d', '81df1b3c-ec67-46bc-9afd-0ef81974be74', 2010),
('d332bb5f-1037-49d6-98e1-fdb651da4576', '2022 Maruti S PRESSO VXI (O)', '433f8970-ea23-4e07-8294-e82821e11f1d', '81df1b3c-ec67-46bc-9afd-0ef81974be74', 2022),
('d364ee01-1849-4021-8e90-03a5222a425b', '2016 Maruti Alto K10 LXI', '433f8970-ea23-4e07-8294-e82821e11f1d', '81df1b3c-ec67-46bc-9afd-0ef81974be74', 2016),
('d386e2ff-4036-4638-be77-f489c24d9cf5', '2022 Maruti Alto VXI', 'a254380f-ea84-4018-8fed-4551854ac95f', '81df1b3c-ec67-46bc-9afd-0ef81974be74', 2022),
('d3a786f2-f32d-4716-896b-cf9413236b7d', '2022 Maruti Ertiga ZXI AT SHVS', '3a4c6a69-05c2-4597-95d6-b0f71a474f76', 'aa54da78-124c-4a4e-a240-9b1026a8b453', 2022),
('d4194976-653c-4bfb-96a1-d741d9938060', '2018 Maruti Dzire LXI', '2343f91d-5291-47ee-96a4-33b827968fca', '81df1b3c-ec67-46bc-9afd-0ef81974be74', 2018),
('d49dbc8f-f680-4ed8-82ee-f4d715c667c8', '2020 Maruti Vitara Brezza ZXI PLUS AT SHVS', '3a4c6a69-05c2-4597-95d6-b0f71a474f76', 'aa54da78-124c-4a4e-a240-9b1026a8b453', 2020),
('d4b09c43-aaa6-46e8-b638-14a1ae70a78b', '2021 Maruti Dzire VXI', '2343f91d-5291-47ee-96a4-33b827968fca', '81df1b3c-ec67-46bc-9afd-0ef81974be74', 2021),
('d4cc8e41-9c5e-4bfc-8d36-e905fc4fd561', '2022 Maruti IGNIS ZETA 1.2 AMT', '2343f91d-5291-47ee-96a4-33b827968fca', 'aa54da78-124c-4a4e-a240-9b1026a8b453', 2022),
('d4da91c9-5076-4218-bab3-d0ca6b7037b3', '2022 Maruti Alto VXI PLUS', 'a254380f-ea84-4018-8fed-4551854ac95f', '81df1b3c-ec67-46bc-9afd-0ef81974be74', 2022),
('d57a4e43-6865-437a-a909-30e3d7268e02', '2023 Maruti Alto K10 VXI PLUS AMT', '433f8970-ea23-4e07-8294-e82821e11f1d', 'aa54da78-124c-4a4e-a240-9b1026a8b453', 2023),
('d5b4569f-8d2e-47e9-ad13-76c8fae686f0', '2020 Maruti Dzire ZXI PLUS AMT', '2343f91d-5291-47ee-96a4-33b827968fca', 'aa54da78-124c-4a4e-a240-9b1026a8b453', 2020),
('d66da056-00ae-436a-aef5-0668b6bcffcb', '2019 Maruti Celerio ZXI AMT (O)', '433f8970-ea23-4e07-8294-e82821e11f1d', 'aa54da78-124c-4a4e-a240-9b1026a8b453', 2019),
('d6a3f6bf-f03f-42a4-9e1a-b929ab34a27a', '2016 Maruti Wagon R 1.0 VXI', '433f8970-ea23-4e07-8294-e82821e11f1d', '81df1b3c-ec67-46bc-9afd-0ef81974be74', 2016),
('d6abfd38-8076-4f97-bc08-9ff3d4e8f5ce', '2012 Maruti Alto 800 LXI', 'a254380f-ea84-4018-8fed-4551854ac95f', '81df1b3c-ec67-46bc-9afd-0ef81974be74', 2012),
('d6e13744-0dc1-4865-b732-8cf396fe0cd6', '2021 Maruti Baleno ZETA PETROL 1.2', '2343f91d-5291-47ee-96a4-33b827968fca', '81df1b3c-ec67-46bc-9afd-0ef81974be74', 2021),
('d72dac21-e2bf-4878-954b-9f0818742811', '2020 Maruti IGNIS ZETA 1.2', '2343f91d-5291-47ee-96a4-33b827968fca', '81df1b3c-ec67-46bc-9afd-0ef81974be74', 2020),
('d7762f6c-9149-45b4-8251-537720ad86f3', '2018 Maruti Dzire ZXI PLUS AMT', '2343f91d-5291-47ee-96a4-33b827968fca', 'aa54da78-124c-4a4e-a240-9b1026a8b453', 2018),
('d8349991-2c7b-413c-bed0-7b3b67160fb3', '2019 Maruti New Wagon-R VXI (O) 1.0', '433f8970-ea23-4e07-8294-e82821e11f1d', '81df1b3c-ec67-46bc-9afd-0ef81974be74', 2019),
('d83a7c35-6536-41b1-a00a-a244552a4a3e', '2021 Maruti New Wagon-R LXI CNG 1.0', 'd749186d-ea85-4e96-a8e0-6a5c94de85b8', '81df1b3c-ec67-46bc-9afd-0ef81974be74', 2021),
('d84c220f-4512-4a7c-9a4c-cb8d251b46d7', '2019 Maruti Dzire VXI', '2343f91d-5291-47ee-96a4-33b827968fca', '81df1b3c-ec67-46bc-9afd-0ef81974be74', 2019),
('d897688e-31ce-4cd6-8ac3-a93e359a354a', '2023 Maruti Baleno ALPHA 1.2 AGS', '2343f91d-5291-47ee-96a4-33b827968fca', 'aa54da78-124c-4a4e-a240-9b1026a8b453', 2023),
('d89f6fec-115c-4f95-b3b7-37f4ea2d595f', '2018 Maruti IGNIS DELTA 1.2 AMT', '485f23bd-ca7a-4ad2-9d84-4e7908ef60a4', 'aa54da78-124c-4a4e-a240-9b1026a8b453', 2018),
('d8a59843-1f06-48bf-b8b7-2b4e8f868c97', '2018 Maruti Alto 800 LXI', 'a254380f-ea84-4018-8fed-4551854ac95f', '81df1b3c-ec67-46bc-9afd-0ef81974be74', 2018),
('d9d15dc1-b845-44d8-b990-35368196970c', '2018 Maruti Ciaz ZETA 1.5 SHVS MT PETROL', '3a4c6a69-05c2-4597-95d6-b0f71a474f76', '81df1b3c-ec67-46bc-9afd-0ef81974be74', 2018),
('da17a240-781f-43f2-ad76-463d784876ed', '2013 Maruti Swift LXI', '2343f91d-5291-47ee-96a4-33b827968fca', '81df1b3c-ec67-46bc-9afd-0ef81974be74', 2013),
('dbd3bb41-f089-4289-b77e-43774433bda2', '2018 Maruti Swift ZXI PLUS', '2343f91d-5291-47ee-96a4-33b827968fca', '81df1b3c-ec67-46bc-9afd-0ef81974be74', 2018),
('dc1422eb-4027-481e-b0fb-44e3396acc96', '2020 Maruti Ertiga ZXI AT SHVS', '3a4c6a69-05c2-4597-95d6-b0f71a474f76', 'aa54da78-124c-4a4e-a240-9b1026a8b453', 2020),
('dc5721cf-7ed2-4bb1-a6e4-b24de85c8533', '2022 Maruti Grand Vitara ALPHA SMART HYBRID ALLGRIP', '3a4c6a69-05c2-4597-95d6-b0f71a474f76', '81df1b3c-ec67-46bc-9afd-0ef81974be74', 2022),
('dc64c175-e1cd-43b6-b25b-0ed2de01a9be', '2022 Maruti New Wagon-R VXI CNG 1.0', 'd749186d-ea85-4e96-a8e0-6a5c94de85b8', '81df1b3c-ec67-46bc-9afd-0ef81974be74', 2022),
('dc712551-579f-4b79-8a79-3b30737ea3be', '2016 Maruti Baleno ZETA CVT PETROL 1.2', '2343f91d-5291-47ee-96a4-33b827968fca', 'aa54da78-124c-4a4e-a240-9b1026a8b453', 2016),
('dc7c88ae-9a9b-4008-9895-bad0dbef65f6', '2020 Maruti S PRESSO VXI+', '433f8970-ea23-4e07-8294-e82821e11f1d', '81df1b3c-ec67-46bc-9afd-0ef81974be74', 2020),
('dcca644c-1f45-4184-b474-bacf472bb56b', '2021 Maruti Baleno DELTA CVT PETROL 1.2', '2343f91d-5291-47ee-96a4-33b827968fca', 'aa54da78-124c-4a4e-a240-9b1026a8b453', 2021),
('dcd4514c-2b9e-4176-b0e8-2739cafcf131', '2019 Maruti IGNIS ALPHA 1.2', '2343f91d-5291-47ee-96a4-33b827968fca', '81df1b3c-ec67-46bc-9afd-0ef81974be74', 2019),
('dd2cc0e6-1c42-489d-a382-91f88391ef58', '2016 Maruti Celerio ZXI (O)', '433f8970-ea23-4e07-8294-e82821e11f1d', '81df1b3c-ec67-46bc-9afd-0ef81974be74', 2016),
('dd90fd88-ac93-410b-ab2b-ba884624677d', '2017 Maruti Baleno ALPHA DIESEL 1.3', '5b16ac17-1268-4078-afd1-2aba6819a246', '81df1b3c-ec67-46bc-9afd-0ef81974be74', 2017),
('ddff6107-9001-4d0d-a853-9bb70b9ab035', '2019 Maruti New Wagon-R LXI CNG 1.0', 'd749186d-ea85-4e96-a8e0-6a5c94de85b8', '81df1b3c-ec67-46bc-9afd-0ef81974be74', 2019),
('de75aa37-b66b-4b7b-84de-7502906266ac', '2014 Maruti Ertiga VDI', '5b16ac17-1268-4078-afd1-2aba6819a246', '81df1b3c-ec67-46bc-9afd-0ef81974be74', 2014),
('def9b528-9bd3-47c2-979f-59ddb4309d21', '2017 Maruti Ciaz S 1.4 MT PETROL', '53f68bf4-bf17-468d-8c1c-4381e7d47445', '81df1b3c-ec67-46bc-9afd-0ef81974be74', 2017),
('df143fa1-d70d-450f-8b61-6a59cfbf032c', '2016 Maruti Wagon R 1.0 VXI (O) AMT', '433f8970-ea23-4e07-8294-e82821e11f1d', 'aa54da78-124c-4a4e-a240-9b1026a8b453', 2016),
('dfb4ea38-745a-4595-82d8-4b7135f4a9c3', '2015 Maruti Celerio VXI AMT', '433f8970-ea23-4e07-8294-e82821e11f1d', 'aa54da78-124c-4a4e-a240-9b1026a8b453', 2015),
('e032f8b5-98f6-4bb9-b260-2971ac54c668', '2022 Maruti Celerio VXI CNG', 'd749186d-ea85-4e96-a8e0-6a5c94de85b8', '81df1b3c-ec67-46bc-9afd-0ef81974be74', 2022),
('e0335740-b3d8-4d26-a435-58bd2748d528', '2019 Maruti Baleno DELTA PETROL 1.2', '2343f91d-5291-47ee-96a4-33b827968fca', '81df1b3c-ec67-46bc-9afd-0ef81974be74', 2019),
('e0cb8ab6-7c72-42da-9372-f3e2e9b9817e', '2016 Maruti Swift ZXI', '2343f91d-5291-47ee-96a4-33b827968fca', '81df1b3c-ec67-46bc-9afd-0ef81974be74', 2016),
('e18531a7-31a4-4376-b3d8-b97b6d44a6c9', '2012 Maruti Swift ZXI', '2343f91d-5291-47ee-96a4-33b827968fca', '81df1b3c-ec67-46bc-9afd-0ef81974be74', 2012),
('e1a55d96-9053-414e-a57e-0b0308f1178b', '2014 Maruti Swift Dzire VDI', '5b16ac17-1268-4078-afd1-2aba6819a246', '81df1b3c-ec67-46bc-9afd-0ef81974be74', 2014),
('e1b9dff2-7786-40e1-9450-7743d18e9589', '2020 Maruti Baleno DELTA PETROL 1.2', '485f23bd-ca7a-4ad2-9d84-4e7908ef60a4', '81df1b3c-ec67-46bc-9afd-0ef81974be74', 2020),
('e295959f-4081-4c06-9ee5-47643ce298a9', '2014 Maruti Swift VXI', '485f23bd-ca7a-4ad2-9d84-4e7908ef60a4', '81df1b3c-ec67-46bc-9afd-0ef81974be74', 2014),
('e2b2b870-e438-4b41-a4fe-dec259dad2e3', '2018 Maruti Wagon R 1.0 VXI', '433f8970-ea23-4e07-8294-e82821e11f1d', '81df1b3c-ec67-46bc-9afd-0ef81974be74', 2018),
('e353fb19-d390-4760-92ac-68f63f02f8fb', '2014 Maruti Ertiga VXI CNG', '7b92fd64-a65f-4f79-98c9-ffe4c7a81aca', '81df1b3c-ec67-46bc-9afd-0ef81974be74', 2014),
('e39fccaa-68fc-4979-bec0-a7186ed506e4', '2011 Maruti Swift Dzire ZXI', '2343f91d-5291-47ee-96a4-33b827968fca', '81df1b3c-ec67-46bc-9afd-0ef81974be74', 2011),
('e47912ad-cb27-46a0-aacd-6606eb6b609e', '2016 Maruti Celerio ZXI AMT', '433f8970-ea23-4e07-8294-e82821e11f1d', 'aa54da78-124c-4a4e-a240-9b1026a8b453', 2016),
('e483cff9-fb85-4fe5-99ac-88e54a82d0f5', '2013 Maruti Swift Dzire VXI REGAL EDITION', '2343f91d-5291-47ee-96a4-33b827968fca', '81df1b3c-ec67-46bc-9afd-0ef81974be74', 2013),
('e4cb5fc2-6820-4c06-93c5-b88c77cd774c', '2023 Maruti BREZZA ZXI SMART HYBRID DUAL TONE', '3a4c6a69-05c2-4597-95d6-b0f71a474f76', '81df1b3c-ec67-46bc-9afd-0ef81974be74', 2023),
('e5ae7870-e74d-4c6f-91f1-2a4d3c34f31c', '2012 Maruti Ertiga ZDI', '5b16ac17-1268-4078-afd1-2aba6819a246', '81df1b3c-ec67-46bc-9afd-0ef81974be74', 2012),
('e5c33227-a860-4f0d-a9c6-2036c9c17047', '2021 Maruti Swift LXI', '2343f91d-5291-47ee-96a4-33b827968fca', '81df1b3c-ec67-46bc-9afd-0ef81974be74', 2021),
('e60ffab7-348c-474b-9ff2-1ab25ceabf5f', '2019 Maruti Ciaz DELTA 1.5 SHVS MT PETROL', '3a4c6a69-05c2-4597-95d6-b0f71a474f76', '81df1b3c-ec67-46bc-9afd-0ef81974be74', 2019),
('e64883c0-c012-4e07-95f9-7f8f1513e2ab', '2019 Maruti Ciaz SIGMA 1.5 SHVS MT PETROL', '3a4c6a69-05c2-4597-95d6-b0f71a474f76', '81df1b3c-ec67-46bc-9afd-0ef81974be74', 2019),
('e6908261-9ece-46ce-96c8-a5256f9dcea1', '2021 Maruti Ciaz SIGMA 1.5 SHVS MT PETROL', '3a4c6a69-05c2-4597-95d6-b0f71a474f76', '81df1b3c-ec67-46bc-9afd-0ef81974be74', 2021),
('e69ba9cc-6aa1-40df-b884-a2a4b50d6317', '2011 Maruti Swift VXI', '2343f91d-5291-47ee-96a4-33b827968fca', '81df1b3c-ec67-46bc-9afd-0ef81974be74', 2011),
('e6ecc0aa-0bf3-4342-a137-cc4b5564deb7', '2017 Maruti Baleno ZETA PETROL 1.2', '2343f91d-5291-47ee-96a4-33b827968fca', '81df1b3c-ec67-46bc-9afd-0ef81974be74', 2017),
('e81ed69b-14fa-4c67-a096-424601f4ac84', '2023 Maruti New Wagon-R VXI 1.0 AMT', '433f8970-ea23-4e07-8294-e82821e11f1d', 'aa54da78-124c-4a4e-a240-9b1026a8b453', 2023),
('e920ebc8-6866-4513-a5e1-8831ed28d6cb', '2018 Maruti Baleno ZETA CVT PETROL 1.2', '2343f91d-5291-47ee-96a4-33b827968fca', 'aa54da78-124c-4a4e-a240-9b1026a8b453', 2018),
('e93c26ba-d086-4062-8758-148a855a99d4', '2017 Maruti Ciaz DELTA 1.4 MT PETROL', '53f68bf4-bf17-468d-8c1c-4381e7d47445', '81df1b3c-ec67-46bc-9afd-0ef81974be74', 2017),
('ea0889ab-6e4b-422f-aa02-8177ce93aa01', '2016 Maruti Swift VXI O', '2343f91d-5291-47ee-96a4-33b827968fca', '81df1b3c-ec67-46bc-9afd-0ef81974be74', 2016),
('ea243219-960b-413e-9a70-6c4f83a8d184', '2016 Maruti Swift LXI (O)', '2343f91d-5291-47ee-96a4-33b827968fca', '81df1b3c-ec67-46bc-9afd-0ef81974be74', 2016),
('ea4e1156-c834-4437-8820-4ac71548fac3', '2023 Maruti Alto K10 VXI AMT', '433f8970-ea23-4e07-8294-e82821e11f1d', 'aa54da78-124c-4a4e-a240-9b1026a8b453', 2023),
('ea84aae7-ae43-4128-afb2-b96866660b33', '2017 Maruti Wagon R 1.0 VXI', '433f8970-ea23-4e07-8294-e82821e11f1d', '81df1b3c-ec67-46bc-9afd-0ef81974be74', 2017),
('ebc78789-22c1-412e-b56a-16906628423c', '2023 Maruti Swift VXI', '2343f91d-5291-47ee-96a4-33b827968fca', '81df1b3c-ec67-46bc-9afd-0ef81974be74', 2023),
('ec01d3ed-dae3-47b5-bd31-ff87146c1467', '2015 Maruti Wagon R Stingray VXI', '433f8970-ea23-4e07-8294-e82821e11f1d', '81df1b3c-ec67-46bc-9afd-0ef81974be74', 2015),
('edd4079c-baaf-4517-82c1-d41e2896d6a9', '2017 Maruti Alto K10 VXI (O) AMT', '433f8970-ea23-4e07-8294-e82821e11f1d', 'aa54da78-124c-4a4e-a240-9b1026a8b453', 2017),
('ee8c5f33-7d65-4142-a2cb-b741fa502d96', '2019 Maruti Baleno ALPHA PETROL 1.2', '2343f91d-5291-47ee-96a4-33b827968fca', '81df1b3c-ec67-46bc-9afd-0ef81974be74', 2019),
('ef179f91-b0db-4e67-965e-2b1637722a86', '2018 Maruti Baleno ALPHA CVT PETROL 1.2', '2343f91d-5291-47ee-96a4-33b827968fca', 'aa54da78-124c-4a4e-a240-9b1026a8b453', 2018),
('ef28fa57-4ead-4813-a2fa-14df25e66833', '2023 Maruti Alto LXI OPT CNG', '58812d8a-7c0b-4786-9686-1ab87d0d8ddb', '81df1b3c-ec67-46bc-9afd-0ef81974be74', 2023),
('ef5341a3-9bd4-4434-bc17-0fe48ca04ca5', '2014 Maruti Wagon R 1.0 LXI CNG', 'd749186d-ea85-4e96-a8e0-6a5c94de85b8', '81df1b3c-ec67-46bc-9afd-0ef81974be74', 2014),
('efb81396-7a2c-45b9-97cf-43d697a3eebe', '2014 Maruti Ritz VXI', '2343f91d-5291-47ee-96a4-33b827968fca', '81df1b3c-ec67-46bc-9afd-0ef81974be74', 2014),
('f00a4530-7c4c-4c42-a3c1-25b516d2cf11', '2017 Maruti Vitara Brezza ZDI', '5b16ac17-1268-4078-afd1-2aba6819a246', '81df1b3c-ec67-46bc-9afd-0ef81974be74', 2017),
('f05738c5-17a0-4de9-87d8-8fa849e428fc', '2018 Maruti IGNIS ALPHA 1.2 AMT', '2343f91d-5291-47ee-96a4-33b827968fca', 'aa54da78-124c-4a4e-a240-9b1026a8b453', 2018),
('f125c76c-f05e-4803-b28d-b8b2216d90af', '2015 Maruti Alto K10 VXI', '433f8970-ea23-4e07-8294-e82821e11f1d', '81df1b3c-ec67-46bc-9afd-0ef81974be74', 2015),
('f2a4ee2f-b27f-442d-b022-35bdb94707b3', '2012 Maruti Ertiga LXI', '53f68bf4-bf17-468d-8c1c-4381e7d47445', '81df1b3c-ec67-46bc-9afd-0ef81974be74', 2012),
('f39628d7-2ff3-49bb-9bff-c6e4c8ae0233', '2016 Maruti Swift LXI', '2343f91d-5291-47ee-96a4-33b827968fca', '81df1b3c-ec67-46bc-9afd-0ef81974be74', 2016),
('f59fa39f-d4d5-4292-9270-b776d0cc9487', '2015 Maruti Alto 800 LXI CNG', '58812d8a-7c0b-4786-9686-1ab87d0d8ddb', '81df1b3c-ec67-46bc-9afd-0ef81974be74', 2015),
('f5ba138a-93a5-4c91-b42c-e05361db723e', '2021 Maruti XL6 ALPHA AT', '3a4c6a69-05c2-4597-95d6-b0f71a474f76', 'aa54da78-124c-4a4e-a240-9b1026a8b453', 2021),
('f5f642a3-17ce-4dc0-b650-5a96b80f8243', '2018 Maruti Alto 800 LXI O', 'a254380f-ea84-4018-8fed-4551854ac95f', '81df1b3c-ec67-46bc-9afd-0ef81974be74', 2018),
('f6003f82-c40a-419e-9a2c-118fc1eadfd0', '2014 Maruti Alto K10 VXI AMT', '433f8970-ea23-4e07-8294-e82821e11f1d', 'aa54da78-124c-4a4e-a240-9b1026a8b453', 2014),
('f64388cf-a87c-44b8-9123-0eb275d3d8c3', '2019 Maruti New Wagon-R VXI 1.2', '2343f91d-5291-47ee-96a4-33b827968fca', '81df1b3c-ec67-46bc-9afd-0ef81974be74', 2019),
('f6484daa-d5d9-4561-b092-a8e44ccf9df7', '2022 Maruti Celerio ZXI PLUS', '433f8970-ea23-4e07-8294-e82821e11f1d', '81df1b3c-ec67-46bc-9afd-0ef81974be74', 2022),
('f65d4911-6c9f-47d6-b438-1520cf63f6d8', '2019 Maruti New Wagon-R VXI 1.2 AMT', '2343f91d-5291-47ee-96a4-33b827968fca', 'aa54da78-124c-4a4e-a240-9b1026a8b453', 2019),
('f6689ec3-5ec5-49f3-a4b0-a6a87e3b5db5', '2021 Maruti Swift VXI', '2343f91d-5291-47ee-96a4-33b827968fca', '81df1b3c-ec67-46bc-9afd-0ef81974be74', 2021),
('f6d70c40-6b8a-4b35-90d5-4829ee1908e4', '2019 Maruti Celerio X ZXI (O) AMT', '433f8970-ea23-4e07-8294-e82821e11f1d', 'aa54da78-124c-4a4e-a240-9b1026a8b453', 2019),
('f92ccb34-343d-4552-b59e-4b7a1ab2b70d', '2020 Maruti Celerio ZXI AMT', '433f8970-ea23-4e07-8294-e82821e11f1d', 'aa54da78-124c-4a4e-a240-9b1026a8b453', 2020),
('f93ff028-af4b-4a23-8c2f-29af54a2d684', '2019 Maruti Eeco 5 STR WITH A/C+HTR CNG', 'b41d47d6-baca-4aad-9cf2-04a065156d70', '81df1b3c-ec67-46bc-9afd-0ef81974be74', 2019),
('f947530c-8add-4b24-b7fb-c4d21ea78e0b', '2020 Maruti IGNIS DELTA 1.2', '2343f91d-5291-47ee-96a4-33b827968fca', '81df1b3c-ec67-46bc-9afd-0ef81974be74', 2020),
('f947581d-29db-4efa-a842-a4c147c6686c', '2020 Maruti New Wagon-R ZXI 1.2', '2343f91d-5291-47ee-96a4-33b827968fca', '81df1b3c-ec67-46bc-9afd-0ef81974be74', 2020),
('f96b0e67-7d38-4bc6-8911-fe8043e91071', '2017 Maruti Wagon R 1.0 VXI+ AMT', '433f8970-ea23-4e07-8294-e82821e11f1d', 'aa54da78-124c-4a4e-a240-9b1026a8b453', 2017),
('fac165a6-b74d-4281-91f5-4a528485741f', '2022 Maruti Baleno ALPHA PETROL 1.2', '2343f91d-5291-47ee-96a4-33b827968fca', '81df1b3c-ec67-46bc-9afd-0ef81974be74', 2022),
('fac923d1-39ad-4028-92fb-a0b363f65c16', '2013 Maruti Wagon R Stingray VXI', '433f8970-ea23-4e07-8294-e82821e11f1d', '81df1b3c-ec67-46bc-9afd-0ef81974be74', 2013),
('faf29645-18bf-4f9b-9491-27c508ac0bf3', '2020 Maruti New Wagon-R VXI 1.2', '2343f91d-5291-47ee-96a4-33b827968fca', '81df1b3c-ec67-46bc-9afd-0ef81974be74', 2020),
('fb0e1ee7-8a02-4afa-97aa-3df3a829df44', '2013 Maruti Swift VXI', '2343f91d-5291-47ee-96a4-33b827968fca', '81df1b3c-ec67-46bc-9afd-0ef81974be74', 2013),
('fb14b9d0-5329-4c15-8bb7-4e955d4f68d5', '2011 Maruti Wagon R 1.0 VXI', '433f8970-ea23-4e07-8294-e82821e11f1d', '81df1b3c-ec67-46bc-9afd-0ef81974be74', 2011),
('fb3551d6-a525-4d47-ae08-8af44f031069', '2016 Maruti Swift Dzire ZDI AMT', '5b16ac17-1268-4078-afd1-2aba6819a246', 'aa54da78-124c-4a4e-a240-9b1026a8b453', 2016),
('fb45784a-41ef-48b5-a50b-9765950aa24b', '2016 Maruti Ertiga VXI', '53f68bf4-bf17-468d-8c1c-4381e7d47445', '81df1b3c-ec67-46bc-9afd-0ef81974be74', 2016),
('fb822724-e893-48f1-8951-d4e8ef0bfc20', '2018 Maruti Ciaz DELTA DIESEL 1.3', '5b16ac17-1268-4078-afd1-2aba6819a246', '81df1b3c-ec67-46bc-9afd-0ef81974be74', 2018),
('fbdb27ea-f5af-459f-919f-f4bee7b63f37', '2019 Maruti New Wagon-R ZXI 1.2', '2343f91d-5291-47ee-96a4-33b827968fca', '81df1b3c-ec67-46bc-9afd-0ef81974be74', 2019),
('fd397881-9772-43f2-9be9-061ed40b281b', '2016 Maruti Alto 800 LXI O', 'a254380f-ea84-4018-8fed-4551854ac95f', '81df1b3c-ec67-46bc-9afd-0ef81974be74', 2016),
('fd656238-9206-475f-99d2-39f07f941d0b', '2022 Maruti S PRESSO VXI (O) CNG', 'd749186d-ea85-4e96-a8e0-6a5c94de85b8', '81df1b3c-ec67-46bc-9afd-0ef81974be74', 2022),
('ff35089b-c325-4021-8eab-5813b642c4ce', '2017 Maruti Wagon R 1.0 VXI+ (O) MT', '433f8970-ea23-4e07-8294-e82821e11f1d', '81df1b3c-ec67-46bc-9afd-0ef81974be74', 2017);

-- --------------------------------------------------------

--
-- Table structure for table `transaction`
--

CREATE TABLE `transaction` (
  `id_transaction` varchar(255) NOT NULL,
  `id_customer` varchar(255) DEFAULT NULL,
  `id_model` varchar(255) DEFAULT NULL,
  `price` float DEFAULT NULL,
  `km_driven` float DEFAULT NULL,
  `spare_key` tinyint(1) DEFAULT NULL,
  `ownership` int DEFAULT NULL,
  `imperfections` int DEFAULT NULL,
  `repainted_parts` int DEFAULT NULL
) ENGINE=InnoDB DEFAULT CHARSET=utf8mb4 COLLATE=utf8mb4_0900_ai_ci;

--
-- Dumping data for table `transaction`
--

INSERT INTO `transaction` (`id_transaction`, `id_customer`, `id_model`, `price`, `km_driven`, `spare_key`, `ownership`, `imperfections`, `repainted_parts`) VALUES
('005f775d-cbe9-4217-9424-ad650a7457f0', '20ac8e30-279a-4e34-a0d0-8daa587220a8', '6edd845b-a8e5-45a0-8b84-09043a7124e5', 264000, 17816, 1, 1, 3, 4),
('00648ec0-8b58-4128-aeb2-b275a71e9b23', 'f5215375-f4d1-455d-8e9c-6268a0d693a3', '1156db84-1d00-40d4-a887-67903b181f31', 710000, 24819, 0, 1, 2, 0),
('006ff7e4-f171-4338-9767-4379059ff6b2', 'c0d3bde6-36cc-4d93-8f1f-5cb70ab92c97', 'e0335740-b3d8-4d26-a435-58bd2748d528', 529000, 65533, 0, 1, 24, 9),
('007c05e4-e948-448d-ae9c-313e456e760a', '8d65ff84-99fc-402e-bf22-37ae8bfd5e43', '871cea70-cd9e-4d70-98a8-0ed8206a62ff', 619000, 81548, 0, 1, 16, 4),
('00958713-2e95-44eb-a5a8-88342c1d5860', 'ce1df218-757e-4cce-90c0-3fe9780bb377', '5e552a6b-e2b1-4726-ac76-7a91e86d36d2', 389000, 82619, 0, 1, 10, 4),
('00c023ab-7f54-42ba-9b78-839cf1c0dbb1', '06d935fe-5a9b-463e-a8ab-84b4e6820502', '67ed6f07-1a95-4e30-8e54-1fd1918b4850', 435000, 14943, 1, 1, 6, 0),
('00eed654-ce09-4485-b564-3469e1dc5881', 'd1dde2d1-6883-4667-a9fe-a5a9d587076a', '9d986133-cec2-4c71-8e78-9a83e4514cdb', 408000, 37192, 0, 2, 5, 3),
('00f09b54-43e6-4408-abce-61ffe7f3ca0c', '142ca075-7e70-4f03-a78f-70fb64e08faf', '783395b2-8450-4b44-a0e7-bbd4a75d1cf4', 278000, 63989, 1, 2, 14, 5),
('00fe4074-f817-440b-a619-533423d537f3', 'c71446ba-868f-4ff8-951d-0005c98617e1', '5e552a6b-e2b1-4726-ac76-7a91e86d36d2', 468000, 96263, 1, 1, 0, 0),
('0119bddc-6dcb-4c52-9d5c-df9e1f92b6ea', '9cce89e1-efed-4ae2-8c1f-a16b9ae919f0', '7b1c3116-0549-4dd2-b18a-b8bd9638df4b', 613000, 70959, 1, 1, 36, 8),
('012d2a2f-6dc1-4e2b-a6db-16cf227e2837', '9b518155-c6c7-4e01-8dd4-032531246f7c', 'c8663f19-da60-4558-ac72-ba35890d076b', 989000, 68282, 0, 1, 0, 0),
('017a5d73-991b-4912-920b-8ed933a9a408', '0cf9c0a7-8bf6-4e7d-ba3d-fc6a78405821', '7746e8a6-6bc5-435e-b1dd-6e8a7d40ca60', 743000, 61765, 1, 2, 7, 1),
('018a02fd-cdba-44d3-8d3e-e6d163437cac', '0ceb83c7-6b16-4370-8a30-05163004c5cc', 'aaf32e95-44e4-417d-9d1c-f3ee40f6eb57', 490000, 47472, 1, 1, 12, 5),
('01937a76-d40a-4945-b7be-51e8c31af684', '114d6c59-aeba-4256-bc46-2e105d699a3b', '19ced1d9-222d-4df6-8a16-02a70424c4d2', 326000, 53063, 0, 2, 11, 5),
('01e19b23-16ba-4779-8aa4-7081acad8c4f', '242ef8b6-5909-4f0f-b895-d021ecbfb00d', '4f9274e8-21f0-41e8-845c-0d948ee6ff23', 517000, 61992, 1, 1, 8, 0),
('020799b5-027e-49d5-a8c4-25f851ec2d8d', '890c4621-6455-46ea-81f9-d4638b592f3d', 'ef5341a3-9bd4-4434-bc17-0fe48ca04ca5', 348000, 28118, 0, 1, 2, 2),
('022ebe00-0c8d-4514-b50f-81a1e978b528', 'd3353655-885c-4d30-9295-fa0af724217d', '7ad112e8-9526-4952-894d-20660745cda9', 945000, 33706, 1, 1, 22, 1),
('024da83c-33f8-497f-abd7-e08034df3664', '4ab451b2-8921-415b-8c8e-3934fca1f5da', '6013379d-3e95-48fb-9f71-de602dcff7fa', 540000, 2440, 1, 1, 3, 3),
('025de3dd-2746-4a6c-9f68-eac90cd19d7a', '8694a7f8-7bd2-4422-ab4f-b61ac6106554', '36288c8c-4343-4a51-98e9-b1da5b60f0e9', 587000, 60275, 0, 2, 13, 7),
('02b49009-9140-4dcd-aa1f-f1c0d15db651', '2283c75e-e44d-4077-a1af-fa95d9a7cdbf', '0379f222-0131-410e-8e3a-6961683f17af', 659000, 23479, 1, 1, 1, 4),
('02c3d159-9ade-4897-8ba3-b819bec12879', 'ce1df218-757e-4cce-90c0-3fe9780bb377', 'f00a4530-7c4c-4c42-a3c1-25b516d2cf11', 751000, 111621, 1, 2, 14, 5),
('02fb1a53-d8bd-406c-a90e-e7c9855f8c76', '2283c75e-e44d-4077-a1af-fa95d9a7cdbf', '9e275873-d0ea-47d5-bd98-ba8d83e2f664', 444000, 96413, 0, 1, 0, 0),
('02fdf878-85b6-496b-8b89-bd0401e90f3d', '57ccd994-133e-47f8-aaeb-f98610b4ff49', 'ef179f91-b0db-4e67-965e-2b1637722a86', 670000, 43363, 1, 1, 12, 4),
('0314f0bf-0234-4e29-8f0a-6d0ca8d07319', '9490722f-a305-4625-a7bb-38271ccfa2fd', 'caa3f236-839e-45cb-b4cd-42b5f022ed8d', 553000, 27940, 0, 2, 7, 0),
('032bdd09-3be7-4817-b42a-9dab50f70ee5', '10fd5aca-9a7c-443f-908e-842517f8eff0', '4fec65ea-00ab-4bda-9b56-b9a526fd407a', 347000, 70769, 1, 2, 17, 7),
('0369aecf-bbea-4407-80fc-65cb4ae1b86a', '142ca075-7e70-4f03-a78f-70fb64e08faf', '5eae7d1b-2315-4f93-87ef-e8ade81a4e63', 437000, 53062, 1, 1, 22, 7),
('03f4bf79-2c2d-4abb-8df1-6dc9e3db6a47', '31c4b675-0fc8-4cf3-8b90-f404b0b5d62d', '84e6d617-3061-4840-91f3-214501563372', 461000, 30087, 1, 1, 2, 5),
('03fbe0ca-9343-4f52-95b7-464c28ca4a1a', '678bd763-e901-4966-836a-f22e26e8c802', 'cda7f543-cd8f-447d-8eda-827354e3fe90', 381000, 69324, 1, 1, 19, 4),
('04225499-0614-479c-9388-f3f788e8dcab', 'cc93600a-918d-4cd2-8fb5-091f018b74a8', 'd6abfd38-8076-4f97-bc08-9ff3d4e8f5ce', 253000, 33134, 1, 1, 22, 1),
('043c1356-b55d-4734-a63b-b2aa1c4acc2c', 'e69a14b3-ae9c-4962-879e-f5fad70b7eb5', '9ed0a263-d7f1-43c0-9b02-8093688f3b90', 587000, 69001, 1, 1, 8, 2),
('0445e915-fbad-4ad3-9cb0-0014eabfb20e', '84cb19dd-389d-45e7-a812-6cf038b2345e', 'd6e13744-0dc1-4865-b732-8cf396fe0cd6', 716000, 14955, 1, 1, 1, 1),
('046a35fa-e423-439f-8ef6-d4b9a9e41d10', 'b556def5-8570-4c4a-9772-03d838551420', 'cf42085d-bb62-421a-9bb3-713df9c32cc0', 424000, 36404, 0, 2, 7, 9),
('046a7a27-1a94-4170-9124-9a3395eef1f5', '5ba308b2-5e06-4e87-b6e3-a428062e5a45', '7c876495-d936-4ad2-80b2-94e8d8e20654', 393000, 39995, 0, 3, 12, 8),
('048a53c3-e7e6-4338-ad38-8dac680197e7', '31fb5182-7e7c-4f49-89dd-73c9d2f72997', 'dc5721cf-7ed2-4bb1-a6e4-b24de85c8533', 1599000, 14358, 1, 1, 3, 0),
('04cbb3a0-e51e-4fcb-b67f-13c6a780b31c', 'f8480810-59a0-4c17-b861-163d2f74e875', '59650bad-855b-4ed5-a4ac-930aa490bc42', 593000, 49583, 1, 1, 1, 0),
('04cd3fbc-38bc-462d-85f4-f11d96ef8c0f', '9490722f-a305-4625-a7bb-38271ccfa2fd', '379a6721-7b80-4393-8784-64850f89bd9f', 574000, 30728, 0, 1, 8, 2),
('054d0591-42ef-4844-87dc-13082bacb675', 'c71446ba-868f-4ff8-951d-0005c98617e1', '0d79ef9b-0025-489a-b6bf-92f237322875', 446000, 97537, 0, 2, 27, 2),
('055bedb0-afd8-4934-9c95-3408cc44422b', '900f20b0-da96-4175-93d8-2b8364b47c42', '7b71d4c5-5629-48c3-b2c3-2dd0ff2cad8a', 568000, 68932, 0, 1, 21, 6),
('05ce67e8-0f28-4fc4-b41c-5b888bc97c11', 'd6e852a0-e98d-4632-93c5-bb3e80b42c48', '80ff79e6-d904-454e-a000-49063491ac6b', 463000, 18350, 0, 2, 5, 0),
('05e0b822-9bbb-4958-8929-a900786916ca', '79f6d774-8966-4497-ab9d-1aa8111e9be6', 'dc7c88ae-9a9b-4008-9895-bad0dbef65f6', 459000, 27608, 0, 1, 13, 0),
('05fb9897-d740-4156-b216-5c7bc914ecec', '239a6410-a8af-49fd-a1a3-7a2e3ff891bb', '99c00ccf-5edd-4af0-88a2-f49d0b4b4176', 651000, 48033, 1, 1, 19, 1),
('06a136c9-0fba-406b-92b7-f03b04508c69', 'f22e23ec-8865-4c22-a211-4f043b9cde9d', '999ab148-9e32-47e6-9e91-ac91fc590615', 709000, 91544, 0, 1, 7, 4),
('06b4fc7b-31ef-48d3-a971-2db6d713c4c7', 'a0063fba-d481-40aa-b01e-d065e4da3cc4', '4d3d2b26-9032-40b1-a493-4ee6ff9fe7c8', 932000, 15892, 1, 1, 0, 0),
('06fc3bfd-684c-4523-be12-d50f42a07bcf', '5f25da18-6be6-4ffa-94f2-40b4e761b6f0', '736e4920-7f08-41bc-bfca-64357c8bd99c', 1153000, 7048, 1, 1, 3, 0),
('071b3706-5c72-4d11-b0a2-4c06bf6fdda4', 'c0cf50dd-4a25-4863-8f54-5cfcf13166b7', 'e920ebc8-6866-4513-a5e1-8831ed28d6cb', 631000, 43313, 1, 1, 2, 5),
('072ddb42-ce33-480c-a78b-6bddb0027bf9', 'f0b90cdf-8983-4137-ac16-ac558f22a892', 'aaf32e95-44e4-417d-9d1c-f3ee40f6eb57', 489000, 46407, 1, 1, 11, 2),
('0754057a-7c8e-4512-9d2a-3dfc2d8956ae', 'f586bfe1-bb09-49b9-b841-f55cb3aa9d1a', '1673c431-f218-4ef3-b157-b354455eefd0', 754000, 94438, 1, 1, 20, 9),
('0773fd40-74b2-458a-b002-b8c91de8baec', '10fd5aca-9a7c-443f-908e-842517f8eff0', '908e408d-06ac-45ac-8d17-0ca162b5066b', 548000, 47849, 0, 2, 14, 8),
('078e205e-678a-48e1-b04f-a16fa9a5f21c', '8694a7f8-7bd2-4422-ab4f-b61ac6106554', 'c62610ec-a17b-41c7-8824-447d864a37dc', 503000, 66087, 0, 1, 1, 5),
('07958340-3873-4e42-b8ef-16c1935c1cbf', 'd79b2a18-ba4f-4116-b8e8-1c20ea3ac317', 'a7098138-567b-4a1d-b6b7-76f48c80de4a', 741000, 52112, 1, 1, 1, 4),
('07afbb07-813f-472a-904b-697ba6b82876', 'e07b43cd-2481-41d2-977b-13d3eabb4750', '0a0cbaac-86a5-4d7e-8f7a-2b7d09008e22', 363000, 20288, 1, 1, 4, 3),
('07c27c4b-d5c1-4242-a758-b098c430c3c5', '4b99d2e0-6df1-4205-8d47-b6494ec399e8', '3ea794af-a0e1-42f8-9f17-7b862466d029', 849000, 24567, 0, 1, 3, 0),
('083d22e8-2f36-43e4-991e-a64df4155983', 'ff53fa3e-d666-408d-a1f3-e4a07edead4e', 'c495a3d1-c45e-47f4-9e1a-6f5b9165b58b', 375000, 70348, 1, 1, 18, 7),
('086f9338-4283-4790-96c5-3309b8f707d7', '318960ba-4ecf-4289-82c6-e92f74f6748a', 'cca14dc6-9bbb-4601-99f6-c688b7756189', 335000, 71287, 0, 2, 29, 7),
('087e8408-34b1-451d-b950-11f11da5953e', '74dd689f-2aab-4cf1-9a46-9b4d2114514e', '90ae8e56-d3ca-464f-b817-6eec6fa9efd5', 191000, 34213, 1, 1, 11, 3),
('08b8149e-431d-432e-b655-521a37c98db9', '745a9aad-fb95-4ea4-9503-8c8105882862', '097b914b-6599-423a-8bd3-851e87e39a9c', 523000, 10469, 1, 1, 7, 3),
('08fa0ecf-ef5b-4102-b045-64bfcec20631', '1f9a7cb0-bf24-4a40-9f11-eaacfcca5638', 'b305e542-c3bd-463f-bfe4-09a2ee0711e1', 622000, 30314, 1, 1, 4, 8),
('08fb1795-b448-4f39-b6fa-96ff9d5aa441', 'a61b1347-d898-4170-bc27-dc9bd73d7303', 'aaf32e95-44e4-417d-9d1c-f3ee40f6eb57', 515000, 30064, 1, 2, 4, 1),
('098d44cc-bad4-476e-a959-a4d955da9d3d', '7693a493-2521-4c2d-8264-c94a7cb31a92', '871cea70-cd9e-4d70-98a8-0ed8206a62ff', 514000, 99026, 1, 3, 5, 4),
('098e15c6-13fb-47ef-8486-e92fd7892b9b', '78f782d3-7199-4210-821c-afc336390cd4', 'd8349991-2c7b-413c-bed0-7b3b67160fb3', 470000, 49904, 0, 1, 3, 6),
('09aa3ddc-969c-4b3f-b5eb-47127d598159', 'f3069ab9-1b09-4a0d-b0cf-913c680be71b', '7dbc8339-e269-4ca2-980d-9f39a35cf8b3', 472000, 20914, 1, 1, 4, 0),
('0a087969-aa66-4720-9c22-c95e0cd00ffa', '1628e71e-a690-4826-b88f-6551d38118fb', 'b73d2094-ed79-466f-8eea-1c5eb6409b8f', 651000, 8254, 0, 1, 5, 0),
('0a0e9c90-7233-4b40-a07d-34c56ba60e82', '2ca59f3d-0c0b-4265-9bd3-af5216f30573', 'e483cff9-fb85-4fe5-99ac-88e54a82d0f5', 420000, 52178, 1, 2, 0, 0),
('0a0f867f-8d03-4f57-b7dc-1645387ec419', '3b632977-5123-43ca-a97f-f2e40b4eae10', 'e47912ad-cb27-46a0-aacd-6606eb6b609e', 393000, 94780, 1, 2, 15, 11),
('0a4bb90a-945c-44c2-a111-343a815545af', 'fc2b0402-8e33-4055-a4be-87b82b5659a5', '8c952d0c-d880-44f2-b17b-639a0a10952f', 829000, 10289, 1, 1, 1, 0),
('0a6cac1e-fbe9-43f8-8bb7-434b27778581', '2283c75e-e44d-4077-a1af-fa95d9a7cdbf', 'a7098138-567b-4a1d-b6b7-76f48c80de4a', 802000, 31431, 1, 1, 17, 3),
('0a7b0314-b496-4aca-a424-deb927dc6f57', 'dc749658-9697-4547-9ed7-93e82e9e36a7', 'cace3b90-7f84-4fd3-ac0a-6b9c964a0b3e', 467000, 6841, 1, 1, 9, 4),
('0a86afc6-bf79-44e0-8287-ca9654d6c437', 'ed28d6c8-caf1-4dfe-8da9-ada2b3b372f9', 'dc712551-579f-4b79-8a79-3b30737ea3be', 531000, 83635, 1, 3, 5, 11),
('0ab49ae9-58f3-4fe9-9325-4a6ffeb60e22', '363d9210-f1a5-410f-b615-851541dafc47', '49fb7327-e138-44dc-bffd-485569204f2e', 329000, 97385, 0, 2, 8, 3),
('0acaccee-bf55-4b14-a998-fc97cd32883e', '3b632977-5123-43ca-a97f-f2e40b4eae10', '23b27b01-f37f-4133-b4dd-6d9c3a558bb1', 617000, 60017, 1, 1, 3, 3),
('0ae440b6-504b-4753-ad48-255984c1a69e', '81649930-dcde-459b-8e4f-1509111127eb', '931a9dc9-f8fa-4fc7-b630-e05bc6679998', 254000, 71979, 1, 1, 8, 4),
('0b2bc5d4-3fea-4777-9c60-02690c04f657', '63b55129-ca1d-49de-8a7e-bb08d8260565', 'd11714ff-d970-4efe-b15a-27958b9836ce', 506000, 72472, 1, 1, 25, 4),
('0b56dfe1-dd21-499c-9c52-e67209e9a870', '31b5d41b-9825-440b-8c83-db7fab6cf750', '0d8659c1-1ee9-4d30-9e77-dc2e0ab522f5', 596000, 50947, 1, 1, 6, 0),
('0b5c7053-9d9a-4dba-b675-c2a43bd89e4c', '6f78dd60-44b4-4b30-b65b-0004b1586697', 'ebc78789-22c1-412e-b56a-16906628423c', 638000, 14887, 1, 1, 11, 7),
('0b7e91ad-f312-49d9-9239-394105d469db', 'bff7cfc3-0e79-4f10-b65f-73f59aecde2a', 'b1a6b3ab-dc7b-4fc5-9f45-a382980392cd', 497000, 52488, 1, 1, 1, 3),
('0bc42be6-bfd7-4c3e-af5c-be4ebf73dea1', '2fd09d39-0dee-4727-8c13-22d3911955c3', '871cea70-cd9e-4d70-98a8-0ed8206a62ff', 662000, 46751, 0, 1, 3, 3),
('0c3a3aee-7095-4f5b-958a-46feb079a526', '4af1de4a-34ce-41de-9b07-382ebefe73e5', '87ebf916-5760-4ec8-9413-767e0efbd011', 491000, 38233, 1, 1, 13, 2),
('0c7da557-ef3e-4060-8fe5-2d15ab22c3e0', '03feaffa-d14f-440b-847c-8ae04fd11520', 'c25abd6c-199e-44c3-a543-5ab15892ca67', 570000, 21576, 1, 1, 2, 7),
('0c8b9324-cc84-404e-b6c0-5c016dc034f2', '83c58405-ed5d-46fa-96f5-307fcd96ad92', '99c00ccf-5edd-4af0-88a2-f49d0b4b4176', 700000, 46440, 0, 1, 3, 1),
('0cbe6978-c0dd-4dce-a3f9-35df661e2803', '9b518155-c6c7-4e01-8dd4-032531246f7c', 'b6fb83ca-5c26-4130-8888-0d9aed9c031d', 700000, 36045, 1, 1, 3, 0),
('0cc76b58-f7d1-484c-ae5a-39ab0cadbd52', '5aa9281f-6881-42c6-8422-4548a2fee763', 'cf42085d-bb62-421a-9bb3-713df9c32cc0', 375000, 84486, 1, 1, 1, 0),
('0d274785-e24d-4723-b105-a2d9cb21e8b0', '9cce89e1-efed-4ae2-8c1f-a16b9ae919f0', '728a8686-5855-4239-8e62-b7e998aebf9a', 635000, 11486, 0, 1, 16, 5),
('0d71391b-2db2-4dc8-8781-ce10b506a5c7', '9dd4b85b-01be-4d00-9e47-cb0944c97456', 'd6a3f6bf-f03f-42a4-9e1a-b929ab34a27a', 348000, 36942, 1, 2, 24, 4),
('0d7f19e3-bb05-4310-a3a0-4b97aa786720', '2857cce6-cb7d-46db-8ac2-c1bc6f1da9c1', 'b66d0e73-545e-4a8e-b7f1-c043d05a9fd2', 579000, 61231, 1, 2, 3, 5),
('0daae410-2bfc-4430-9623-c79048629ce5', 'c7d91e97-86ee-4d10-8bf5-3b495590ebee', '9888978f-3d64-48e9-a51b-81bf13d86f12', 403000, 22864, 1, 1, 2, 0),
('0e1b0159-c8ee-4e62-8379-f32d1fea132a', '5f25da18-6be6-4ffa-94f2-40b4e761b6f0', '23e2ba54-5936-4743-b267-ecd2330075f1', 511000, 13847, 0, 1, 4, 0),
('0e3b8181-0803-4907-bcec-57ea191b9b93', 'd79b2a18-ba4f-4116-b8e8-1c20ea3ac317', '7f103688-016a-4aaf-ad07-170298761e77', 728000, 15435, 1, 1, 2, 1),
('0e4ec27a-eb10-4a82-9e31-929b7229028a', 'd6e852a0-e98d-4632-93c5-bb3e80b42c48', '60ffe228-fb7e-479e-aea7-cecb53ee0232', 643000, 77742, 1, 1, 0, 0),
('0e5e412b-70fe-42d4-b753-a5c0511696d3', '16c0d5aa-c5da-4b5d-85f7-8d6f4dd71e30', 'e6ecc0aa-0bf3-4342-a137-cc4b5564deb7', 513000, 60499, 1, 1, 26, 3),
('0e6e65d1-b0b8-4cc7-8ffc-4e4fbce71f04', '166355a9-f27a-4036-b72a-37f1ade8a102', 'b66d0e73-545e-4a8e-b7f1-c043d05a9fd2', 616000, 70958, 1, 1, 6, 6),
('0ea71f59-5e2f-48fd-addf-0e12c8bc07b8', '142ca075-7e70-4f03-a78f-70fb64e08faf', 'faf29645-18bf-4f9b-9491-27c508ac0bf3', 515000, 48833, 1, 1, 9, 3),
('0ee30efa-586f-415f-ad4c-eaaa7c13734a', '0ceb83c7-6b16-4370-8a30-05163004c5cc', 'ea84aae7-ae43-4128-afb2-b96866660b33', 380000, 22280, 0, 1, 6, 1),
('0f2d27ef-0aaa-487f-8db5-86b7fc5f8880', '924e7e20-eebc-495c-b7a1-ae04ebe45a5a', '0083c164-2c40-4c77-820b-7e0bf0f75316', 759000, 12276, 1, 1, 0, 0),
('0f677eed-29a1-4bfa-94bb-2f1c2bc95876', 'e2f1826b-7d18-422b-8c20-8e2511d5775d', '49fb7327-e138-44dc-bffd-485569204f2e', 305000, 28048, 0, 2, 16, 4),
('0ff3e3eb-7edc-44b6-9e4e-b40655649572', '89be7c40-19b9-4117-b5e6-855fc80ffbe4', 'd1ed6488-4edf-4ba7-bd56-f61375828b6b', 897000, 16453, 1, 1, 0, 0),
('104305e5-9aee-4c6a-a8b9-a38798d846fe', '2f94a7ad-e780-461e-8863-56a64bd44e8a', '23b27b01-f37f-4133-b4dd-6d9c3a558bb1', 516000, 45853, 0, 2, 18, 6),
('109b28d0-ab25-46a9-bb1e-da961906e78f', '31b5d41b-9825-440b-8c83-db7fab6cf750', '1a156320-155c-4c17-ae55-5c76e9145732', 512000, 39945, 0, 1, 4, 2),
('10a5921a-c7f6-453e-9306-1bb68119bd57', '61019ff3-a3fc-4d26-a954-6d23f1562696', 'cf42085d-bb62-421a-9bb3-713df9c32cc0', 421000, 19767, 1, 1, 9, 1),
('10e767e5-c722-4f64-9e83-a482881d5551', '02e14553-e9c5-4e8a-bbb3-7f3983fc6d2a', '903b1813-4330-419e-9f5e-725f6abc803b', 527000, 30598, 0, 1, 14, 4),
('119b7878-4286-4176-aaca-cead2098ba2a', '7531bbae-cb98-4f0b-8486-ebe6b1797d24', '871cea70-cd9e-4d70-98a8-0ed8206a62ff', 568000, 47626, 0, 2, 3, 3),
('11ae6348-a7fa-4f91-8537-c23867e7f891', 'ac0b5068-38a4-4102-9192-13df8abc616d', '44167c1c-3668-4ece-9814-ba016014619c', 425000, 21688, 1, 2, 1, 0),
('11bcf56a-e45e-4e2a-a46a-56dc84329c63', '114d6c59-aeba-4256-bc46-2e105d699a3b', 'd4194976-653c-4bfb-96a1-d741d9938060', 477000, 59288, 1, 1, 0, 0),
('11c9fb6a-55ca-40b8-89d9-276c76e9f2d2', '4a67ebdf-6c32-426d-b92b-cbd6aa0bbb09', '939ab999-997b-49d4-bb14-22ef43897d7d', 329000, 32718, 1, 1, 15, 0),
('11f4140b-f917-41bc-aead-cf8820dda80b', '007e7b4c-2b23-4f5e-8c25-e640693776f0', '69720727-22f0-4475-b9eb-29e22713ae76', 583000, 93015, 1, 1, 19, 12),
('12091697-cdf0-4d5d-bebc-c07152d06c0d', '02e14553-e9c5-4e8a-bbb3-7f3983fc6d2a', '49fb7327-e138-44dc-bffd-485569204f2e', 338000, 16624, 0, 1, 5, 2),
('121961a8-13af-4d20-9f55-0c34b746b9a3', '363d9210-f1a5-410f-b615-851541dafc47', '81300974-d081-4ac6-be39-c0c271c040a5', 763000, 31625, 1, 1, 7, 3),
('12930098-ab3d-4a03-9eca-703559e21863', '258dc7e9-3291-4ab5-bbc5-5e480a3800a5', '5a69eb86-ba19-4c65-86ba-e185bba721e6', 641000, 23948, 0, 1, 5, 1),
('12c1819e-82f5-4b9b-8fa6-c93426d06397', '728d06b2-3a72-4e5b-9338-f04ecf5f8b4a', '03340e84-f19e-4262-807d-f1466e6be2a5', 660000, 35495, 1, 1, 15, 0),
('1320da89-b883-4619-ba8c-a818c53132ed', '15499ef6-e07b-4271-b45e-d82d10f3f513', '8589d578-e3d9-42c6-8240-39f27035bf5f', 861000, 8368, 1, 2, 8, 2),
('133ebb26-fc3f-4a4c-9e4a-c7c41799ff49', 'dc749658-9697-4547-9ed7-93e82e9e36a7', 'd11714ff-d970-4efe-b15a-27958b9836ce', 487000, 65081, 1, 1, 9, 10),
('1357a985-4a6e-47cb-aefd-4600abbc9ea1', '7aba5951-af19-4be0-8aa7-753843bdfb0f', '98d94858-b2b9-4f4a-94bb-aade0c66ee18', 755000, 16023, 1, 1, 9, 0),
('13591032-7ce4-49f7-8f3f-c35749949aee', '7693a493-2521-4c2d-8264-c94a7cb31a92', '939ab999-997b-49d4-bb14-22ef43897d7d', 372000, 71320, 1, 1, 0, 0),
('142a6805-7671-4b92-96e0-bbd6e9a6b3b1', 'd3353655-885c-4d30-9295-fa0af724217d', '657eae9a-40b6-4e8d-957d-44732ad23389', 470000, 48194, 1, 1, 10, 5),
('14793dc2-f34a-4848-a3b1-31b549adc504', '2283c75e-e44d-4077-a1af-fa95d9a7cdbf', 'b6cd7025-e385-46e6-893d-fb38a507e7ff', 333000, 78609, 1, 2, 39, 6),
('14c2c1bc-0e57-4639-992d-7dcdcb9839a3', '8694a7f8-7bd2-4422-ab4f-b61ac6106554', '830bfc08-2eec-43f7-8d5a-6ffc563df618', 548000, 72942, 1, 1, 4, 5),
('14da291f-0177-4058-a0b5-7fe55c07766a', 'b4860a2b-94b1-4bf0-af52-46b477a4aab3', 'fd656238-9206-475f-99d2-39f07f941d0b', 484000, 20971, 1, 1, 5, 1),
('15176e73-cc28-42cf-9fe1-32a74773e012', '5ae99da1-2bc2-462f-99fb-7f766f44f49e', 'a347af7d-a3e2-44ff-9423-5387be1b9d1d', 474000, 57535, 0, 2, 16, 0),
('1592db45-5286-45ed-a986-ce8d41d7ef4c', 'f586bfe1-bb09-49b9-b841-f55cb3aa9d1a', '7cd5669b-f177-4830-907e-2aa040c5b8c7', 429000, 41534, 1, 1, 6, 4),
('15bd193d-8053-413d-a8f9-45b42090c977', 'deafc0e5-4441-4115-87ef-aa70d3ef2d96', 'dc7c88ae-9a9b-4008-9895-bad0dbef65f6', 409000, 29987, 1, 1, 7, 2),
('15cce089-41d7-4559-8284-7cd3ed04d7cb', '6f40b8c1-c12a-447e-a190-8f2576977578', '8ad7c554-ef5e-4962-83c4-1b6026a66d75', 527000, 35507, 0, 2, 0, 0),
('15d91470-4012-461a-abef-3562f2c91b3e', '89be7c40-19b9-4117-b5e6-855fc80ffbe4', 'd8a59843-1f06-48bf-b8b7-2b4e8f868c97', 320000, 35716, 0, 1, 14, 8),
('1615a27a-18b6-475d-81a9-45c2dca1ce8d', '678bd763-e901-4966-836a-f22e26e8c802', '4fae2722-1851-4ac7-bb12-d3d1b36f0e90', 1033000, 9884, 0, 1, 2, 1),
('1629809a-3bce-4c11-b9f0-3a4e40f84d4e', '51c16919-816c-4c0c-b1c9-37f4d01fa133', 'a347af7d-a3e2-44ff-9423-5387be1b9d1d', 563000, 37343, 0, 1, 11, 8),
('163487eb-3209-447b-bd20-e7b2e4503d41', 'd3353655-885c-4d30-9295-fa0af724217d', '08b1eb08-3e65-452b-86eb-aed4b9cec228', 272000, 51629, 1, 1, 35, 12),
('166a7d4d-3aea-4eb6-bfe8-c30a2ff54a20', '25547234-a84e-4fba-be08-c0ea3436124b', '66eb3d98-f1f9-4238-af62-507068ab55c4', 392000, 119383, 1, 1, 26, 10),
('1676fc12-d7d5-4284-94a9-f2c1b93d9b70', '741d3006-aa27-4331-9dfe-ada10ac544b7', 'dfb4ea38-745a-4595-82d8-4b7135f4a9c3', 410000, 29628, 0, 1, 12, 6),
('16c0983b-0542-4ec8-b04e-75f70a2cc184', '7ec5e70b-bca7-4a25-a2c6-f75dcbf87638', 'ef5341a3-9bd4-4434-bc17-0fe48ca04ca5', 333000, 95135, 1, 1, 0, 0),
('16fae7dc-ee1d-4c0c-a656-b525bfc6c32d', 'f3069ab9-1b09-4a0d-b0cf-913c680be71b', 'e2b2b870-e438-4b41-a4fe-dec259dad2e3', 410000, 76210, 1, 1, 3, 1),
('170df233-22e1-425f-83eb-946cdbe5b4cf', '7718d74e-e6eb-4932-aad1-167105a11a3a', 'd89f6fec-115c-4f95-b3b7-37f4ea2d595f', 449000, 100481, 1, 1, 15, 4),
('173d8253-04cd-4d6a-b366-731387cfb72d', '264b0790-82ed-41b3-b08e-16eb4a2b2aa7', '1583a3bb-8441-4bb4-b4a2-5a537edba153', 367000, 33655, 1, 1, 23, 0),
('176c20c3-2dee-408b-977c-f38bcd3cb2ee', '712cff10-292e-41a3-ac7a-420f7bc02803', '01f54677-62c6-4a73-acf2-28ea75d74334', 288000, 51088, 0, 2, 0, 0),
('1793fb55-d557-4faa-99e9-dbe6751a7023', 'd58dbf41-cd08-4a6c-a4e8-c093f378c534', '1c16a4b8-5409-40b9-8da1-c8ec210ea902', 513000, 97531, 0, 1, 13, 10),
('17d500c1-38c6-44fb-aef2-7aae698dcf39', '0f23090d-793c-4d8d-9ab3-c95e5a923042', 'cf36689f-9e1b-4083-a897-6a7851984671', 334000, 72033, 0, 1, 19, 11),
('180582d2-76f8-4a45-a68e-4ad698d26a81', '86c6f89c-ae6d-4ece-ac79-0047b5d0fcdd', '15b4559f-18e6-4b14-a91c-67f1691e1190', 446000, 17104, 1, 1, 3, 1),
('1834e260-a467-4179-b171-b6a63812a3d6', 'e7ddb23b-dab8-4d30-be71-c37dff75bde7', '13957560-c601-46a2-b2e8-90e0b49f142e', 419000, 55989, 0, 2, 0, 0),
('1871d596-19ff-4ed3-9be6-9076c97d4dcf', 'bd7a62fa-18c1-4da1-a4ad-7fc7585926f1', '0a0cbaac-86a5-4d7e-8f7a-2b7d09008e22', 360000, 32285, 0, 1, 6, 3),
('187af05e-14f1-4a75-93f0-010f66c64ba5', '95d655a2-f8b2-4943-8e40-f29d4ed4c57b', '3f518d41-fbc5-4067-8ddb-bc1e2e6049c3', 1103000, 16283, 1, 1, 0, 0),
('1894d18a-fb81-4350-8731-f3e9ce454852', '007e7b4c-2b23-4f5e-8c25-e640693776f0', '438fa9bb-7c29-4755-af99-9d578fcecb21', 381000, 76928, 1, 2, 9, 3),
('18cd0e65-8ee0-4c30-9729-fa546c4fbb6c', '31a7f8a5-68bb-45ae-b1c4-0f867f1ec398', '9a9709a5-36bc-4fb3-9057-2b410d9b54d0', 330000, 37678, 0, 1, 18, 5),
('196a3ab8-2739-485f-94fd-86089ba4a684', '86c6f89c-ae6d-4ece-ac79-0047b5d0fcdd', '7dbc8339-e269-4ca2-980d-9f39a35cf8b3', 479000, 24266, 0, 1, 8, 1),
('19a367a9-396a-4e58-957a-88e82ec7bc5a', '191c3114-50ef-4043-989f-1e97f8e9a877', '66acce66-9f4e-46d7-9d98-a2d2378e0032', 588000, 10006, 1, 1, 0, 0),
('19f43a2e-9a07-4574-a25e-1147a9d16b56', 'cf01b625-dba6-47d6-92d7-2287b9850437', '886bc6ca-59ff-4fd8-8fad-b11490d1082d', 579000, 51872, 0, 1, 7, 9),
('19f5b21e-ae68-4e09-8e18-d2c6f04f6f30', '678bd763-e901-4966-836a-f22e26e8c802', '1e47f51b-6a61-477d-9897-391ed06c30ae', 465000, 56427, 0, 1, 15, 2),
('1a0fb911-35e6-4dd6-b07e-b6d8da6404c3', '6d875df7-faa2-42e3-80bb-c134323e87a7', '3558f832-137c-4fa5-b23e-31467278fdbe', 633000, 29871, 1, 2, 9, 3),
('1a14544f-dbdb-4009-8d35-a842c3b675a9', '9b1b1996-8a61-4236-9916-ca06e4c021a4', 'ebc78789-22c1-412e-b56a-16906628423c', 650000, 10050, 1, 2, 15, 0),
('1a1dae66-d03a-47a4-ae17-fd572bf96ae5', '3e5b5e71-ba49-4a30-8d9a-4459b72f4fa2', '3dbbfecf-b9cd-4b3b-a17d-bb097df0f06b', 692000, 59228, 1, 1, 23, 6),
('1a4cb4f3-e7bf-4490-afb2-1e8d5a5fb5be', '6ac95144-ca5d-4519-a196-2b10e5391e00', '6e334776-5c1c-401e-807b-22fcc1cb1cfc', 337000, 42338, 0, 1, 22, 8),
('1acab784-79e8-479c-8220-910365ab7d8a', '15499ef6-e07b-4271-b45e-d82d10f3f513', '39d424fc-d714-4747-a7af-e209d5704b70', 337000, 40632, 1, 1, 16, 4),
('1b13dcb8-452f-417c-a9c1-4d67f99c98e1', 'fc2b0402-8e33-4055-a4be-87b82b5659a5', 'fac165a6-b74d-4281-91f5-4a528485741f', 826000, 49533, 0, 1, 6, 4),
('1b19e378-5365-43bb-a38c-77c9638379c7', '08dcf23c-29a0-4522-ba5b-c8d07b4ac122', '08b1eb08-3e65-452b-86eb-aed4b9cec228', 256000, 43425, 1, 2, 0, 0),
('1b1a79e0-a1f9-47a6-b3a4-1d0390049183', '0cf9c0a7-8bf6-4e7d-ba3d-fc6a78405821', 'd49dbc8f-f680-4ed8-82ee-f4d715c667c8', 981000, 50421, 0, 1, 2, 0),
('1bb93710-6657-4bea-8952-9b8115af8183', '75d89fb0-2033-44d5-afc3-2e57faf58126', '1c8721ae-12de-43ec-9ed7-99587776dbac', 468000, 19528, 1, 2, 4, 0),
('1bc61997-6c4a-4671-83e9-7e57c513e8c6', 'fe3c2e15-3ff0-463b-b9a1-d23d39df3cd3', '70b43f20-3f13-4813-b13e-f2fb302b0db2', 510000, 22237, 0, 1, 9, 21),
('1bc6e179-b80c-4028-8b50-003417e9d5cd', '5ae99da1-2bc2-462f-99fb-7f766f44f49e', '957e0a61-3c49-469c-aef8-d4ca1ba6988e', 650000, 45807, 1, 1, 11, 4),
('1c30864c-d164-4550-9139-f883f1b231ea', '3b632977-5123-43ca-a97f-f2e40b4eae10', '894c9588-71e9-4f82-afee-142b6158f54d', 253000, 61391, 1, 2, 3, 8),
('1c4ffbb2-69fc-443b-a20e-09e31b1e05ab', '717f7653-75ca-40a4-8c15-c95b8271eb20', '669b2dee-32cf-4be6-9fcf-a37b67444c7b', 402000, 38458, 0, 1, 8, 0),
('1c55aa16-a219-467f-b931-5ddbce7f9a79', 'a21a4edd-5d3c-4bf9-9357-b6202d613cd8', 'aaf32e95-44e4-417d-9d1c-f3ee40f6eb57', 471000, 71220, 1, 2, 1, 0),
('1c760581-c00c-422f-9b65-c9f1dbbae479', 'dc749658-9697-4547-9ed7-93e82e9e36a7', 'cafc1ddb-c5eb-4e74-98b5-c02759a8ed84', 368000, 103154, 0, 1, 0, 0),
('1c9b3419-a1be-429a-aaeb-a109161121ac', 'd1dde2d1-6883-4667-a9fe-a5a9d587076a', '03340e84-f19e-4262-807d-f1466e6be2a5', 631000, 55790, 1, 1, 1, 5),
('1cc37670-97c5-4061-ad4a-cfdd5f591e25', '239b96fe-2e77-4cc6-b16c-87d7d2972f14', '03340e84-f19e-4262-807d-f1466e6be2a5', 638000, 58346, 0, 1, 1, 0),
('1d4ee045-5ac8-46a1-ac79-ff27f247c71d', '142ca075-7e70-4f03-a78f-70fb64e08faf', 'edd4079c-baaf-4517-82c1-d41e2896d6a9', 318000, 51875, 1, 2, 7, 5),
('1d5c3c4b-23b2-4431-9f1c-0ef882fb3784', 'e5ec8885-d79c-4f6b-8bd8-2651e400466a', '894c9588-71e9-4f82-afee-142b6158f54d', 266000, 79028, 1, 1, 26, 3),
('1d76737e-4532-432b-a9f7-dbf6364252ef', '2677ef4a-2fd4-43cd-a9cf-63c68c578191', 'd6a3f6bf-f03f-42a4-9e1a-b929ab34a27a', 336000, 63813, 0, 2, 12, 9),
('1db144fc-15b9-4938-8234-a6892caaddc0', 'f71c082a-7648-4a50-b161-bc36cbd1f9b1', '7cacc8c5-edcb-41c9-9d98-03c4885d54b4', 1006000, 29624, 1, 1, 2, 0),
('1dd76494-d23d-409e-a3c5-77e89187f3fd', '678bd763-e901-4966-836a-f22e26e8c802', 'cca14dc6-9bbb-4601-99f6-c688b7756189', 368000, 65365, 1, 1, 0, 0),
('1ee5b90b-bc3a-4fe2-862f-c14cea9c3ee1', 'ff9bef60-c661-47b7-b308-c3d09f71aca8', '93ce9259-40f1-4eb0-a7cd-ff9c07ab0d96', 319000, 36474, 1, 1, 0, 0),
('1f1d5f47-192c-45e9-8321-309abcd77577', 'f0b90cdf-8983-4137-ac16-ac558f22a892', '27b7a2d2-9341-466f-9339-57fd76efc28d', 184000, 41367, 0, 1, 0, 0),
('1f3a981e-c305-4c81-aafe-a691f9198202', '2b696c5d-9cc6-4f15-b533-47b7a35f64d2', 'e47912ad-cb27-46a0-aacd-6606eb6b609e', 476000, 51729, 1, 1, 6, 0),
('1f792abc-3266-4b16-b2d0-9ac85bcfaed3', '15499ef6-e07b-4271-b45e-d82d10f3f513', '23c484ac-d178-46c8-bf39-ca3157a90af9', 469000, 62561, 1, 1, 10, 5),
('1f9044b9-bdac-44fd-a5d0-c53d229aede6', 'cc93600a-918d-4cd2-8fb5-091f018b74a8', '4050cc94-6040-4a52-a6e5-048d898ea24b', 634000, 27306, 1, 1, 6, 2),
('1f90a6a1-f510-45fa-8dba-70cde7245d9d', 'b4860a2b-94b1-4bf0-af52-46b477a4aab3', '5631c156-1b6a-4e8c-957e-78238e9fb918', 264000, 92881, 0, 1, 0, 0),
('1f9126cd-2daf-4c39-b601-f66ca0e03087', '2ec800ee-9be2-48ef-b47d-745663373076', '92261315-beb6-419f-b947-018c61c26ff5', 673000, 20335, 1, 1, 9, 4),
('1fc25f22-077a-4003-ba52-6df6489e246e', 'e7ddb23b-dab8-4d30-be71-c37dff75bde7', '3dbbfecf-b9cd-4b3b-a17d-bb097df0f06b', 623000, 21221, 1, 1, 5, 4),
('1fcc22b1-3e7d-4695-a1cc-1a49a6032da9', '74ea14fe-10a2-42a8-a647-cd54f61fe382', '912edcb6-a994-4eca-9ba2-a9dba0c4895a', 619000, 32730, 1, 2, 14, 1),
('1fe9f34f-e801-4bbf-abd9-353860ef45a9', 'c7d91e97-86ee-4d10-8bf5-3b495590ebee', '13957560-c601-46a2-b2e8-90e0b49f142e', 462000, 65612, 1, 1, 7, 2),
('20628b49-ddb3-4e53-a106-1ae15236a458', '57ccd994-133e-47f8-aaeb-f98610b4ff49', '0f7733b4-7e1c-46e7-88e8-d53288c0fa51', 866000, 23697, 1, 1, 23, 3),
('2068f926-e138-4382-9859-10cd8ee992d3', '79f6d774-8966-4497-ab9d-1aa8111e9be6', '5dd0a1d9-6e5d-4dc9-8aae-bb3ffc0b28e1', 457000, 9048, 0, 1, 4, 1),
('2094086e-b42a-4469-b4a9-7979badc6d76', '06d935fe-5a9b-463e-a8ab-84b4e6820502', '64764942-1aa9-4677-8d69-5f2f8d15d5b0', 516000, 86832, 1, 2, 10, 5),
('209f3c1a-ec4e-426b-af2b-bdf463d6e740', '44fd9227-f64f-4afc-875a-e10e4fd75f59', '6d1c3a57-4ebc-4137-b3c5-0698e2989560', 381000, 39522, 0, 1, 3, 3),
('20e8da4a-a4b6-402f-a683-dacc6605919d', 'a61b1347-d898-4170-bc27-dc9bd73d7303', '7dadabf7-7729-4d8b-859c-07607a548e0a', 485000, 56400, 1, 1, 26, 5),
('210d8cae-275a-4020-a30c-ab8d112498b1', '900f20b0-da96-4175-93d8-2b8364b47c42', 'a347af7d-a3e2-44ff-9423-5387be1b9d1d', 488000, 69042, 0, 2, 22, 8),
('212108d9-3511-4992-ab3a-1ab4340430d0', '5aa9281f-6881-42c6-8422-4548a2fee763', 'b4ed6027-353a-4883-9db5-33d6026c27f4', 397000, 29878, 0, 2, 4, 0),
('21369b4f-511b-4d6d-abaa-2fb63bc7b2c9', '53c1a694-97db-4576-902a-c07d49a907be', '0083c164-2c40-4c77-820b-7e0bf0f75316', 733000, 35783, 0, 1, 2, 1),
('217d09a4-6ad4-44ba-96c7-bac016e9d001', '2fd09d39-0dee-4727-8c13-22d3911955c3', '1c16a4b8-5409-40b9-8da1-c8ec210ea902', 547000, 93648, 1, 3, 8, 0),
('218a38bb-c034-46df-ab05-95360eef759d', '5bb8d34c-2297-4bdb-a4c2-10068f803d45', '23b27b01-f37f-4133-b4dd-6d9c3a558bb1', 620000, 43680, 0, 1, 7, 2),
('2199592e-a3ee-4119-9740-5477907c6fc2', 'c0cf50dd-4a25-4863-8f54-5cfcf13166b7', '736e4920-7f08-41bc-bfca-64357c8bd99c', 1026000, 8502, 1, 2, 1, 0),
('219ce6e4-0ae9-453f-8d41-928b6b14122d', 'cc93600a-918d-4cd2-8fb5-091f018b74a8', '54b0ba5e-c7ea-4eeb-b01f-1218b7ace302', 281000, 66467, 1, 2, 17, 6),
('220f67a1-205c-4fa3-8155-d4782fd08f19', 'ea64f028-7031-4058-94a3-c6a5f48308ce', '783395b2-8450-4b44-a0e7-bbd4a75d1cf4', 240000, 96161, 0, 2, 0, 0),
('222d6f60-d433-4734-a1f2-a6e49b658c68', 'cdc72b68-8d08-43e6-824d-8677f5a057aa', 'aad589d8-83be-448c-9c13-534b7c1d51dc', 409000, 54728, 0, 1, 22, 17),
('22589786-b430-4979-b1e0-d4019dd18008', '0d58d88d-2122-436e-8e51-1ce3e440a540', '914ccf54-b123-481a-9bc8-b2f660966854', 533000, 12195, 0, 1, 4, 0),
('229b4bab-264b-42d0-80da-434922b41613', '5ba308b2-5e06-4e87-b6e3-a428062e5a45', '1a9682c8-90e9-438c-9230-1cfa088e9f07', 568000, 26074, 1, 1, 1, 0),
('22e73b3f-5b0b-4170-a595-5408fb8ad32c', '856e28a2-7e5b-492d-89ae-8567f59eac85', 'afe1acba-6b9f-41e7-9225-1bd75e6353ab', 452000, 20840, 0, 1, 9, 3),
('234ddccb-4760-48e0-b4eb-910e26622c4f', 'd79b2a18-ba4f-4116-b8e8-1c20ea3ac317', '90ae8e56-d3ca-464f-b817-6eec6fa9efd5', 154000, 63048, 0, 1, 33, 3),
('235fa4da-3302-4ca6-b424-4b2355a8b500', '114d6c59-aeba-4256-bc46-2e105d699a3b', '8e5705c2-fa99-4950-a024-919315f6a401', 588000, 66093, 1, 2, 21, 6),
('237e3b08-ef8a-4070-86bb-f3ceb8b7318d', '19000518-af0c-4b0b-947d-4979801c2dfc', 'b35ad8e9-c137-4d3d-bfe2-66d8d8857f40', 242000, 49148, 1, 1, 1, 0),
('2429c9d3-537f-465c-a173-bb272a4e0e62', '7aba5951-af19-4be0-8aa7-753843bdfb0f', '81300974-d081-4ac6-be39-c0c271c040a5', 825000, 4744, 0, 1, 0, 0),
('243b8c1c-d480-4d2b-b440-387cb6b93060', '4a67ebdf-6c32-426d-b92b-cbd6aa0bbb09', '75a79bdc-5efc-4917-98aa-0090a4eab982', 270000, 53375, 1, 1, 8, 1),
('24562a36-283f-491a-875a-b0f6aa1131eb', '2b696c5d-9cc6-4f15-b533-47b7a35f64d2', 'aaf32e95-44e4-417d-9d1c-f3ee40f6eb57', 525000, 29835, 0, 1, 5, 6),
('245ee455-76d4-4be7-b962-ba1ef02e7ac5', '258dc7e9-3291-4ab5-bbc5-5e480a3800a5', '7b1c3116-0549-4dd2-b18a-b8bd9638df4b', 570000, 60592, 1, 2, 4, 0),
('248c41aa-29f4-40b4-accf-d74057756237', '116b5dbc-0172-44ab-b153-740aa9c9d31e', 'e2b2b870-e438-4b41-a4fe-dec259dad2e3', 386000, 92102, 1, 1, 4, 1),
('249372ad-13e9-43ab-84c0-ae1438661bc9', '890c4621-6455-46ea-81f9-d4638b592f3d', '3b173797-00de-4616-b196-d5d829ea41df', 743000, 19025, 0, 1, 9, 4),
('24980d8c-f3e6-4d33-bade-ae5ab51b1eeb', '8d65ff84-99fc-402e-bf22-37ae8bfd5e43', 'd28ec473-2536-45f5-9d1f-1fba098efabe', 411000, 44848, 0, 1, 18, 1),
('255b7305-99a2-46ad-9d5b-f40cdd134e34', '239a6410-a8af-49fd-a1a3-7a2e3ff891bb', '4b3168f1-0c0c-41cc-905d-8c720a35d70a', 446000, 29652, 0, 1, 2, 2),
('257b2a45-145e-4e6f-a6b5-84bd139c2778', '0cf9c0a7-8bf6-4e7d-ba3d-fc6a78405821', '69720727-22f0-4475-b9eb-29e22713ae76', 663000, 43129, 1, 1, 8, 0),
('258e71a5-17ae-4094-9db4-1ea51732c9e1', '5f25da18-6be6-4ffa-94f2-40b4e761b6f0', '13e728c6-1508-4219-b5c9-0646fff88a1c', 601000, 52143, 0, 3, 18, 5),
('2591da71-8e2a-40a3-a1bb-5065fe11da12', '520a7045-c07f-4711-8f71-eb04ce262de3', 'e60ffab7-348c-474b-9ff2-1ab25ceabf5f', 733000, 46573, 1, 1, 20, 2),
('25c7385b-97c3-499f-ad37-885578ff5d95', '79f6d774-8966-4497-ab9d-1aa8111e9be6', '36288c8c-4343-4a51-98e9-b1da5b60f0e9', 631000, 44996, 0, 1, 7, 2),
('2627e6d6-d1c3-4522-a6a4-766dd78850ea', '03feaffa-d14f-440b-847c-8ae04fd11520', 'b2478d76-746a-4712-86fd-67145f4812da', 388000, 15385, 0, 1, 7, 1),
('263374fd-6ca1-4fec-bc1e-a7f8ea5c46e4', '745a9aad-fb95-4ea4-9503-8c8105882862', '315ba5ca-1c17-4f81-8374-4bf7080621c1', 1005000, 69668, 0, 1, 16, 0),
('264c74e1-4829-46ad-af11-c31764bfeec4', '327004bb-5c70-40a2-aca7-359c59fa7069', 'f947581d-29db-4efa-a842-a4c147c6686c', 540000, 52823, 1, 1, 13, 6),
('2659b4ae-6b2a-4ec2-9238-c71fb2886836', '239a6410-a8af-49fd-a1a3-7a2e3ff891bb', '73a5e118-2c5d-44fb-b0c9-dcd7cf5efba1', 587000, 105779, 1, 1, 25, 3),
('269e8754-9f66-4e4e-8627-7edf7a88ae2e', '520a7045-c07f-4711-8f71-eb04ce262de3', 'c5cbf1e8-f39f-41d0-badb-4d07b1d16241', 517000, 33509, 1, 1, 12, 1),
('26e49fd9-9d0a-4255-842d-1b12e0ce9598', '530d78e8-e1a2-40a8-bae1-82c2b1f9c521', '2952b5c7-b01b-4b46-9565-6c1fa1341edc', 353000, 52646, 1, 1, 13, 2),
('26f4f427-d880-42d0-bcd9-2bd6b85a634d', '327004bb-5c70-40a2-aca7-359c59fa7069', 'f125c76c-f05e-4803-b28d-b8b2216d90af', 227000, 45475, 1, 3, 37, 2),
('26f542fc-5ae9-4a36-af9c-b51acb2815bf', '53c1a694-97db-4576-902a-c07d49a907be', 'c34e7654-3d7b-4989-85db-2d1db25081e6', 1408000, 10786, 1, 1, 0, 0),
('2716b0d4-64ad-4470-a9d2-b9aec04457e6', '2c6a0988-53be-4807-96cb-c69e352ce7e9', '379a6721-7b80-4393-8784-64850f89bd9f', 424000, 43488, 1, 2, 31, 7),
('273865ed-1ce1-42f8-9606-a516cac59288', 'a6805054-4191-4d43-ada3-a807a78f15ef', '433b499c-5daf-4399-9e4c-81855f2a6935', 279000, 64243, 0, 1, 25, 3),
('27458688-c242-4758-b7f8-43643b87ae35', 'd2333b8f-9c2a-4f8b-a69c-a33f4abfd441', '0d2c6794-f0ef-4ab6-8873-9bd84f5181a2', 1193000, 41145, 0, 1, 2, 1),
('27ae5a72-7fc5-40d0-8019-c50c1ff5b62d', '2b88c01e-9e9e-4687-8a9e-6906337f0343', 'd84c220f-4512-4a7c-9a4c-cb8d251b46d7', 683000, 58029, 0, 1, 2, 0),
('27b1adf9-d2cc-49b0-96ca-8655128987c8', '10fd5aca-9a7c-443f-908e-842517f8eff0', '783395b2-8450-4b44-a0e7-bbd4a75d1cf4', 313000, 23280, 1, 1, 0, 0),
('2808ea14-8d62-43b1-826f-7c9e9749d7f2', '89be7c40-19b9-4117-b5e6-855fc80ffbe4', '461d5792-38dc-4afb-acbf-d7ed99ec3685', 686000, 102604, 0, 1, 28, 0),
('280d6e33-a902-4009-9d7b-c9e632290233', 'f22e23ec-8865-4c22-a211-4f043b9cde9d', 'c661354d-5ff1-4f74-8d84-e4503ee219f8', 518000, 35436, 1, 1, 3, 3),
('28149998-23ca-45f3-bc0d-b6587844112e', '66bbd2f8-041c-438b-a514-03541a161906', '939ab999-997b-49d4-bb14-22ef43897d7d', 284000, 58808, 1, 2, 13, 3),
('2823bf06-228b-4339-8cf6-dbbb55d06b97', '63b55129-ca1d-49de-8a7e-bb08d8260565', '40df8f72-d124-4ec3-83e3-a30ef1d3f155', 334000, 60719, 1, 1, 22, 4),
('286c02d3-80d5-4b20-a650-c5bba0029a14', '4a67ebdf-6c32-426d-b92b-cbd6aa0bbb09', '86f7823f-f408-47bb-8751-90034442e428', 664000, 85512, 0, 1, 6, 12),
('28e3d128-03ee-4d8b-b6cc-e5630f7963f2', '78f782d3-7199-4210-821c-afc336390cd4', 'fbdb27ea-f5af-459f-919f-f4bee7b63f37', 501000, 29420, 0, 2, 10, 3),
('28ed44af-e69c-4274-a9ee-75712ae0179b', '258dc7e9-3291-4ab5-bbc5-5e480a3800a5', 'b6cd7025-e385-46e6-893d-fb38a507e7ff', 400000, 62656, 1, 1, 7, 5),
('29223f33-20e1-45e0-89fe-63dc2c31d109', '5d7d44c0-ef9b-44c2-9297-4ae01e5e14e7', '19ced1d9-222d-4df6-8a16-02a70424c4d2', 269000, 57918, 0, 2, 0, 0),
('2946983b-90b6-48e5-a52b-3a3b19f42b04', '7302a95e-73f5-4a5a-bdf3-51c2bec90173', '4e728322-a1d2-4307-bda9-4c65c123cc66', 1198000, 21398, 1, 1, 2, 2),
('296a1e6e-a42a-4544-bdf4-d9ba223f0565', 'b63763de-568b-4525-85c9-b65fb31c7883', 'e6ecc0aa-0bf3-4342-a137-cc4b5564deb7', 613000, 22396, 1, 2, 14, 7),
('2987304b-e4e8-4fe9-bdb2-83cb91ee7027', '9bfd83de-0b5d-4ee8-86cb-490fd55eced2', 'b170e8e4-5372-4ddf-a9ac-e42a724e772f', 760000, 2462, 0, 1, 4, 0),
('29baa699-529a-4912-aa6a-bcf6bd6c1444', '7693a493-2521-4c2d-8264-c94a7cb31a92', '7b1c3116-0549-4dd2-b18a-b8bd9638df4b', 610000, 72753, 1, 1, 9, 1),
('29c3e23a-602e-4519-8fd4-9cd43db4f79b', '68065598-0a46-4648-b330-de4f847073d0', '681b47f6-0bd3-47bf-94ed-9fa3dc8b6848', 417000, 47968, 1, 1, 15, 5),
('2a43c5f4-a46b-4634-8815-e4cbba659eb4', '7ec5e70b-bca7-4a25-a2c6-f75dcbf87638', 'f39628d7-2ff3-49bb-9bff-c6e4c8ae0233', 343000, 82344, 0, 2, 30, 2),
('2a502c3d-41be-4d42-a289-74e29ac1c00b', '7ec5e70b-bca7-4a25-a2c6-f75dcbf87638', '01dbd824-5745-49d6-af97-5d21d3d8c3f1', 997000, 14772, 1, 1, 0, 0),
('2aa5dafa-0817-4569-a6a6-48aa5d81af32', 'ea396f95-de4c-45a4-88e0-4420e8b3a58a', '939ab999-997b-49d4-bb14-22ef43897d7d', 376000, 98335, 1, 1, 0, 0),
('2ad732c8-2e20-4077-9b4e-91502d3cd447', 'ad384e62-1875-43d3-9878-6da45dc20e4b', '0795fc5e-4898-43b7-976d-4fbe121cde2f', 334000, 26866, 1, 1, 8, 9),
('2b115f42-2bdc-4e07-9abf-89331c15f5b0', '0d58d88d-2122-436e-8e51-1ce3e440a540', 'dcca644c-1f45-4184-b474-bacf472bb56b', 700000, 19045, 1, 1, 2, 3),
('2b214acc-9821-4c78-8e67-125bf734484e', '537a49fc-6a72-45c1-9f14-d1fb6d65f683', 'e0cb8ab6-7c72-42da-9372-f3e2e9b9817e', 448000, 64434, 1, 2, 17, 8),
('2b25251d-9be3-4918-bc9e-3b2f02b51160', '61019ff3-a3fc-4d26-a954-6d23f1562696', '93969c2e-d831-49a3-b7de-5b46e44a13da', 556000, 20313, 1, 1, 7, 1),
('2b37c9b0-fd1e-4f1a-9a72-8d8951bd63fc', '4a08fd06-768a-4b84-a37e-ec87ccf54a8e', '6e4aaf6b-bc74-4137-a470-046befb6092c', 525000, 31322, 0, 2, 9, 3),
('2b58a5a1-11f8-42e5-a003-bcf6986ff935', 'ed28d6c8-caf1-4dfe-8da9-ada2b3b372f9', 'a5d38a24-72f4-4712-b1b0-b7ed3bc61f5b', 452000, 39298, 0, 1, 14, 1),
('2b7882b3-6b46-422a-a4b4-17b2997a5360', '0ceb83c7-6b16-4370-8a30-05163004c5cc', '438fa9bb-7c29-4755-af99-9d578fcecb21', 471000, 74945, 0, 3, 19, 0),
('2bab8757-637b-4496-babf-46bc612e506e', '327004bb-5c70-40a2-aca7-359c59fa7069', '999ab148-9e32-47e6-9e91-ac91fc590615', 751000, 76173, 1, 1, 6, 0),
('2bc0e5bf-d1f7-4ad8-8872-bc165644cffd', '1eed0924-316f-4758-b1c3-75d3dbde732f', '3ea794af-a0e1-42f8-9f17-7b862466d029', 849000, 9369, 1, 1, 7, 0),
('2bdb7e11-28a4-4659-9b0a-0ef8727cddb1', 'dc2738b7-63c0-4fca-86ad-a63a56121b93', 'e0335740-b3d8-4d26-a435-58bd2748d528', 668000, 20945, 1, 1, 2, 0),
('2c0472ad-fe73-4ec9-be91-196d8b8046cd', '3e5b5e71-ba49-4a30-8d9a-4459b72f4fa2', '585ad6d3-d963-4719-9625-162a6caaa72b', 548000, 9464, 1, 1, 10, 1),
('2c0cce1e-d1f0-47f6-a8b3-767451ed2308', '007e7b4c-2b23-4f5e-8c25-e640693776f0', 'b1c62d61-680b-4d34-9802-ae330927aa50', 428000, 73809, 0, 1, 4, 1),
('2c1783cb-61f9-4924-b914-5dfb3c3bd042', '924e7e20-eebc-495c-b7a1-ae04ebe45a5a', '11b3c61c-910f-4abf-9a44-d5a0493fe7f1', 547000, 58158, 0, 1, 6, 6),
('2c473185-0377-46a6-ab75-e4288d21634e', '7aba5951-af19-4be0-8aa7-753843bdfb0f', 'ff35089b-c325-4021-8eab-5813b642c4ce', 392000, 92836, 0, 1, 6, 5),
('2c94f08a-ace8-4a29-a1dd-9b1aefbd82d9', '61019ff3-a3fc-4d26-a954-6d23f1562696', '40a2bee7-e404-4446-b8bd-bf1259d1fd22', 319000, 30634, 0, 1, 10, 6),
('2cb4901f-a439-458c-a6da-46c93ae1941d', '6fc31d18-db80-4823-b4f5-03c9f4f9ec7c', '3dbbfecf-b9cd-4b3b-a17d-bb097df0f06b', 665000, 58448, 1, 1, 4, 8),
('2d333b2f-daa8-46fb-9331-e802bba4d672', '89be7c40-19b9-4117-b5e6-855fc80ffbe4', '585ad6d3-d963-4719-9625-162a6caaa72b', 637000, 17243, 0, 1, 7, 0),
('2d5dd0e0-e0ee-4e8b-8974-dd26b526da00', '68065598-0a46-4648-b330-de4f847073d0', '26da1e46-d15c-4cb4-bebd-efe51e317ab8', 887000, 26199, 0, 1, 6, 0),
('2daa1774-c8a7-46db-ab43-80e1d6047634', '717f7653-75ca-40a4-8c15-c95b8271eb20', 'c2b42216-0440-4e7f-9a79-5acc05c56af4', 502000, 98073, 0, 1, 10, 13),
('2dcabaab-d6f2-4631-91b7-5a89c82374ed', '741d3006-aa27-4331-9dfe-ada10ac544b7', 'e47912ad-cb27-46a0-aacd-6606eb6b609e', 445000, 43855, 0, 1, 13, 0),
('2dcefa61-f734-456d-8aa7-e05e383e6494', '0f23090d-793c-4d8d-9ab3-c95e5a923042', 'c6764f1a-cb13-4297-9fe1-a4f3c6257531', 440000, 29309, 0, 2, 5, 2),
('2e35d280-b0a8-48f2-b664-e8a1b1f8bda3', 'ad384e62-1875-43d3-9878-6da45dc20e4b', '405eeadb-0f79-4fc9-bff0-30f203af393a', 294000, 80360, 0, 2, 17, 7),
('2e473ae9-652c-439c-b0e6-c3f85aa31361', '6fc31d18-db80-4823-b4f5-03c9f4f9ec7c', '06f3fc73-a612-4df3-99a6-7e916f9ab2ae', 708000, 14032, 1, 2, 5, 0),
('2e5b6641-740e-404c-8b98-b114a7c14481', '0c119b17-923c-4d54-ac59-5ac7acbdcf47', '54f94144-a118-4af7-b8ce-69700d029e3a', 694000, 28533, 1, 2, 5, 3),
('2e7fd7e1-4586-49c1-ab7c-6be39c3f3c69', 'f586bfe1-bb09-49b9-b841-f55cb3aa9d1a', 'e920ebc8-6866-4513-a5e1-8831ed28d6cb', 633000, 18854, 0, 1, 6, 3),
('2eb8dd36-98e2-491e-9401-543ac73368fd', 'f8480810-59a0-4c17-b861-163d2f74e875', '02ca4635-65c8-4aeb-81a5-9e2c708df1c5', 449000, 72304, 1, 1, 0, 0),
('2ef872bc-7a04-4927-9833-d5ea6e3e851a', 'f22e23ec-8865-4c22-a211-4f043b9cde9d', 'efb81396-7a2c-45b9-97cf-43d697a3eebe', 269000, 57273, 1, 1, 0, 0),
('2f29cf16-6f98-405f-9611-4f51104b0def', 'c0cf50dd-4a25-4863-8f54-5cfcf13166b7', '43e765c4-1648-4e8f-b18e-b9c0f7baba0c', 488000, 57098, 1, 1, 9, 1),
('2f36bd6d-c8cb-4e6f-a42f-1fe69f8c5b40', 'd3d9e1f5-b590-4042-8ef8-63783f1d8249', '9c521612-059a-4d80-9649-bdf5bdb66701', 525000, 61137, 1, 1, 11, 7),
('2f98e4d1-d574-4532-9dbc-5690b254b12a', 'd93d8e87-522c-4547-afd5-a8dafa582394', '5ef414bb-ceb8-41b6-80f9-2d51049f0487', 356000, 81370, 1, 1, 4, 11),
('2fe8a79e-fef9-4714-8a10-73fa405cbf45', 'd58dbf41-cd08-4a6c-a4e8-c093f378c534', '27c9d79a-0ad8-4f2e-9c9f-bfb62d75ca0b', 346000, 85701, 1, 1, 21, 9),
('2fee8081-15a6-44b4-9c31-13b843b5ad0d', '7302a95e-73f5-4a5a-bdf3-51c2bec90173', 'a80e6a3a-2efc-41a4-80a2-bd315be963b8', 660000, 36967, 0, 1, 2, 0),
('3008e2b3-42b8-4d43-bab6-da965e8d46cf', '756d4b02-1593-4094-b44d-6e1ff441361f', 'a18cc286-2459-4016-b41f-3b99274c857d', 619000, 14131, 1, 1, 6, 1),
('303bdfa7-9f3a-4d34-8e15-098fe7a159cf', '1f9a7cb0-bf24-4a40-9f11-eaacfcca5638', 'e69ba9cc-6aa1-40df-b884-a2a4b50d6317', 222000, 48906, 0, 1, 43, 8),
('30506526-0bb6-49a0-9c32-fe1a9693cf79', '5ae99da1-2bc2-462f-99fb-7f766f44f49e', '36c9fe29-ff34-4cd2-b342-edc62f0f77e3', 392000, 27571, 0, 1, 0, 0),
('3069d380-20fa-4618-be9f-4546149335bd', '51c16919-816c-4c0c-b1c9-37f4d01fa133', 'b1a6b3ab-dc7b-4fc5-9f45-a382980392cd', 468000, 79548, 0, 2, 14, 4),
('30953490-5ff6-4ac5-9ef4-6ef001af2a65', '74dd689f-2aab-4cf1-9a46-9b4d2114514e', '5cc76971-71ff-42ae-8de2-f833f64f99ac', 525000, 11144, 1, 1, 13, 7),
('30dc3eda-01f1-4f8c-9406-c4e27a5dd340', '66bbd2f8-041c-438b-a514-03541a161906', 'e47912ad-cb27-46a0-aacd-6606eb6b609e', 379000, 37597, 0, 2, 5, 0),
('3109e03f-6873-4224-83fe-389ea6787f3b', '6f78dd60-44b4-4b30-b65b-0004b1586697', 'f65d4911-6c9f-47d6-b438-1520cf63f6d8', 564000, 13515, 0, 2, 2, 0),
('314c95ae-b389-4cba-9eb1-573693dcb292', '9b1b1996-8a61-4236-9916-ca06e4c021a4', 'a856d1ce-1261-4e4e-96d6-6ba6205c8c81', 637000, 29975, 1, 1, 7, 2),
('316cc2ef-e9ff-4f79-8e76-d074d54f7f43', 'f8e6b14b-a3fa-4e29-aedc-546199104084', '9477c72b-67a7-4d9f-9601-eed3118bf18e', 450000, 100146, 1, 1, 31, 9),
('31c092f2-374b-4233-aa75-b4c8a8166126', '537a49fc-6a72-45c1-9f14-d1fb6d65f683', 'e47912ad-cb27-46a0-aacd-6606eb6b609e', 391000, 42692, 0, 1, 14, 3),
('31f89cd7-7b97-43cf-bd16-b5d3fe65098c', '6f78dd60-44b4-4b30-b65b-0004b1586697', '44167c1c-3668-4ece-9814-ba016014619c', 470000, 16213, 1, 1, 0, 0),
('3228f87d-86d5-4fa2-a7bc-04b3d665eedf', '03feaffa-d14f-440b-847c-8ae04fd11520', 'c27e6579-72a0-4dd4-b634-f363d330bba0', 534000, 35370, 0, 1, 13, 1),
('3280d89a-fee2-4fb8-858f-173c851b2c94', 'a0063fba-d481-40aa-b01e-d065e4da3cc4', '7553b1ca-8d60-4a2e-82d6-ddc3fd3e6633', 478000, 19428, 1, 2, 3, 4),
('32d72205-433a-46fd-bb78-0428830131fc', '900f20b0-da96-4175-93d8-2b8364b47c42', 'd4cc8e41-9c5e-4bfc-8d36-e905fc4fd561', 673000, 36051, 1, 1, 4, 6),
('33008ad0-65ab-4572-bed4-ab29e54cc7bf', '2c61e4d6-b3bf-49b4-8c0b-ba9924bb9f6c', 'c3daeb3b-6c52-4073-ac43-e6510672bfbe', 627000, 86541, 1, 1, 15, 1),
('3341b159-b2e4-4f33-9c90-cda8a8b9825d', '118530da-751c-4315-aa68-35cedc58f005', '97f9b6a3-927a-4135-9efc-0cab2a5d06af', 450000, 89872, 1, 1, 11, 9),
('33668f6c-c074-4810-9dbd-c760c5923d60', 'aab374a7-b02f-415e-bbdd-9378435e82b2', '66eecc82-ab15-4961-bb16-460832e5f125', 789000, 24102, 1, 2, 5, 0),
('33740577-fced-4b6e-933d-37b8b03f9e68', '891c34da-b563-4412-9d7d-936f880b21c8', '7e92acf5-1df9-4ad7-b375-e72e1bbf491b', 456000, 37599, 0, 1, 0, 0),
('33ab63fa-5c5c-4fd7-996c-6e86d1818649', '6f40b8c1-c12a-447e-a190-8f2576977578', '11e6bca8-a333-4def-b0ed-258c094bdd9f', 702000, 15176, 0, 1, 18, 5),
('340656d9-7d7b-4e59-8af8-e74d141dc65b', 'eeb92d79-d4e4-495a-9e91-4ef883faeb52', 'aad589d8-83be-448c-9c13-534b7c1d51dc', 451000, 34558, 1, 1, 5, 2),
('3409f53b-4b02-44c8-9c7c-90b914aa3000', 'a590eb1b-23d3-4f42-af8f-b507de6d2788', 'c5cbf1e8-f39f-41d0-badb-4d07b1d16241', 484000, 26662, 1, 1, 2, 0),
('341e0bd7-a452-427b-92d5-a3d9806a0b74', '8a32412e-51a7-448e-9467-79869e9e7e99', '419867ae-2853-4e28-9ed4-d9bd4268357d', 634000, 40126, 1, 1, 6, 2),
('34221273-5723-43d2-acf9-4fb6e73831bc', 'e5ec8885-d79c-4f6b-8bd8-2651e400466a', 'b5789311-6574-44e3-a092-b4fb51dfd7da', 898000, 29041, 0, 2, 2, 1),
('343060be-c9a5-41bc-8b2e-b1c67e1c4de1', 'd1dde2d1-6883-4667-a9fe-a5a9d587076a', 'd386e2ff-4036-4638-be77-f489c24d9cf5', 424000, 10612, 1, 1, 1, 1),
('344df209-eeee-44bf-ae42-7b140641d07d', '9bfd83de-0b5d-4ee8-86cb-490fd55eced2', '535d38a2-6c18-47a1-99d9-f0c5ef58bb6c', 560000, 86623, 0, 2, 42, 10),
('349972e5-ef8d-44c7-b8f0-ea3eb7e2e219', '72828d79-0796-4b70-a3ef-b3815093e160', '02ca4635-65c8-4aeb-81a5-9e2c708df1c5', 414000, 77481, 1, 2, 12, 4),
('34c5d8aa-1475-4e15-b1bc-229496e00e0d', '61019ff3-a3fc-4d26-a954-6d23f1562696', '8b676aea-e48b-4eb4-ae53-505eaf28b82b', 308000, 52966, 1, 1, 8, 3),
('34f100fc-4c11-405f-aa91-b9a12fdcfb2d', '3b632977-5123-43ca-a97f-f2e40b4eae10', '68ecfcb4-65f1-42a5-b999-b6c67f2d52d5', 674000, 28720, 1, 1, 4, 0),
('3508bfb1-b854-4df9-8aa1-3ca8e41fd3f8', 'cdc72b68-8d08-43e6-824d-8677f5a057aa', 'abf1557c-93d7-4fbd-8be7-a4ebe7a42da6', 566000, 96990, 1, 1, 5, 2),
('3539ebc7-ec01-48fc-a68d-9caa7462e666', '745a9aad-fb95-4ea4-9503-8c8105882862', 'f65d4911-6c9f-47d6-b438-1520cf63f6d8', 615000, 16416, 0, 2, 7, 0),
('3552b748-e92c-4969-af47-327112fddae4', '10fd5aca-9a7c-443f-908e-842517f8eff0', 'e032f8b5-98f6-4bb9-b260-2971ac54c668', 637000, 48731, 1, 1, 3, 0),
('35793277-e756-4396-80b5-e6fa1ff7251b', '9b576a1b-9739-426a-afa7-b811ffddf74a', '69720727-22f0-4475-b9eb-29e22713ae76', 609000, 92386, 1, 1, 17, 4),
('359d554c-c477-495c-9169-9f29a66799f2', 'd229d796-50be-457d-9a2e-78bec74957ac', 'e69ba9cc-6aa1-40df-b884-a2a4b50d6317', 352000, 104553, 1, 1, 25, 13),
('35ae18c0-faa8-40fd-ae92-a11c462dd5e0', 'c0cf50dd-4a25-4863-8f54-5cfcf13166b7', '5ef414bb-ceb8-41b6-80f9-2d51049f0487', 397000, 115719, 1, 2, 0, 0),
('35c42f4b-3d67-4ea6-bab7-b52fefd1e405', '3b632977-5123-43ca-a97f-f2e40b4eae10', 'b1c62d61-680b-4d34-9802-ae330927aa50', 381000, 57747, 1, 1, 26, 5),
('363bd922-a6a1-43df-87c9-6a9d16659757', '890c4621-6455-46ea-81f9-d4638b592f3d', '00df7d69-c0cb-42b0-8df5-0be6e2c6513b', 530000, 52856, 1, 2, 7, 1),
('3647c0b3-7dad-47e4-8817-1e5556b22b3f', 'e957aaf0-325c-4d18-ae3f-51ff22169868', '0c6de6de-000b-42f4-b40b-e7cadfdee515', 330000, 70820, 1, 2, 16, 9),
('365f2cd2-7445-4071-b7f7-d16aa7d673a4', '258dc7e9-3291-4ab5-bbc5-5e480a3800a5', '150ea407-422a-4348-bc3f-854bad2b4e31', 612000, 90696, 1, 1, 18, 1),
('366a6da7-38be-4136-b5e8-84e6a1a97f97', 'ea64f028-7031-4058-94a3-c6a5f48308ce', 'c1645c27-a40e-45e6-8ba8-c7a7153c8b6d', 423000, 10776, 1, 1, 4, 2),
('36873131-e96f-4674-9b82-ca3ef1428d49', '2c6a0988-53be-4807-96cb-c69e352ce7e9', '84e6d617-3061-4840-91f3-214501563372', 538000, 39347, 1, 1, 5, 4),
('36a33907-9272-4fd3-92ed-7e4105912107', '4a08fd06-768a-4b84-a37e-ec87ccf54a8e', 'ae621735-179a-48dd-b614-af42526de641', 695000, 66598, 0, 1, 6, 2),
('36db9a9f-4cb3-4f2c-88d9-5ccfa1897070', '678bd763-e901-4966-836a-f22e26e8c802', '679f2404-f8b6-4fcd-a12f-e71bfc129314', 574000, 39613, 1, 1, 16, 3),
('36e8e729-415e-42d8-a67e-636987c2cd5f', '318960ba-4ecf-4289-82c6-e92f74f6748a', '939ab999-997b-49d4-bb14-22ef43897d7d', 306000, 76296, 0, 1, 18, 3),
('370a7e42-579c-4982-8fe8-c38983bb772b', '8a32412e-51a7-448e-9467-79869e9e7e99', '681b47f6-0bd3-47bf-94ed-9fa3dc8b6848', 417000, 42401, 1, 1, 15, 1),
('371d08eb-6f6b-4152-938e-b76ff97da45b', '745a9aad-fb95-4ea4-9503-8c8105882862', '3f67d20c-42d8-42ba-9b68-f9ac473d0336', 506000, 77150, 1, 1, 13, 2),
('372acceb-41f4-4194-be1d-4fbde354f6e3', 'a6805054-4191-4d43-ada3-a807a78f15ef', 'aa669e53-0c1a-45de-97d2-66e09a92fca7', 648000, 22779, 1, 2, 2, 3),
('376ee05b-d3bd-400a-b1cb-b9370755f9cd', '4b99d2e0-6df1-4205-8d47-b6494ec399e8', 'f6689ec3-5ec5-49f3-a4b0-a6a87e3b5db5', 621000, 44299, 0, 1, 1, 0),
('378617de-da36-4f97-aab0-084c28cd6294', 'bd7a62fa-18c1-4da1-a4ad-7fc7585926f1', '09ff45d8-bb3f-45cf-9e87-d92628b68dab', 526000, 56687, 1, 1, 9, 6),
('378f6451-7cd8-44ea-9456-73cedd856a65', 'b26d4a6b-6589-4d53-8893-57e3fb62785c', '0a3296bf-bb38-49c8-9dfa-91efa369ca3b', 439000, 62383, 0, 1, 0, 0),
('37b9fa39-1e3c-4dae-8b1b-1231640da803', '79f6d774-8966-4497-ab9d-1aa8111e9be6', '325fa923-f991-4b64-a477-395976a159c1', 480000, 48375, 0, 1, 1, 2),
('37f92b61-08a4-427b-a108-0da4a375c221', '95d655a2-f8b2-4943-8e40-f29d4ed4c57b', '40df8f72-d124-4ec3-83e3-a30ef1d3f155', 512000, 36201, 1, 1, 27, 3),
('38262c27-ffd4-4bfb-9af4-6de32e78b836', '06605eb6-c185-45f9-8f5e-b0cc75252842', '93969c2e-d831-49a3-b7de-5b46e44a13da', 571000, 16915, 1, 1, 2, 0),
('38277091-63d8-4703-ac72-4a9804331aee', '9bfd83de-0b5d-4ee8-86cb-490fd55eced2', '871cea70-cd9e-4d70-98a8-0ed8206a62ff', 552000, 75059, 1, 1, 5, 6),
('3879e18d-8629-40c5-913c-ed7109975e40', '31fb5182-7e7c-4f49-89dd-73c9d2f72997', '4898eb2b-9514-41fe-b535-246be86f7087', 482000, 48593, 1, 1, 19, 3),
('389ea62b-1fc0-4396-8f73-de5731b9e2ab', '5f25da18-6be6-4ffa-94f2-40b4e761b6f0', 'b2478d76-746a-4712-86fd-67145f4812da', 369000, 30851, 1, 1, 15, 6),
('38a9b234-0607-4cc3-a753-62fef0d85113', '2f94a7ad-e780-461e-8863-56a64bd44e8a', '049fbaee-c85d-4440-ba8f-02a2eabd3f5b', 182000, 43506, 1, 1, 0, 0),
('38d02c1d-8470-4c94-88a7-e0d74e0a8767', 'cf24e1f0-154f-48f8-ab3f-f55d6c2c342f', '711a1ab9-a557-48eb-b452-88c10a5da3ea', 608000, 35595, 1, 1, 6, 3),
('38f77730-8ffc-4fbb-93cf-cdbe1d1ca021', 'f8480810-59a0-4c17-b861-163d2f74e875', '95919fa7-6b04-4eaf-8939-429ba94e3189', 261000, 71079, 0, 1, 13, 0),
('38ff810b-ee62-4864-b09c-4156e93d2c0c', '7aba5951-af19-4be0-8aa7-753843bdfb0f', '23c484ac-d178-46c8-bf39-ca3157a90af9', 452000, 86609, 0, 1, 13, 7),
('39163238-f9ef-4a90-8a7d-b948225ec62d', '6d875df7-faa2-42e3-80bb-c134323e87a7', '54b0ba5e-c7ea-4eeb-b01f-1218b7ace302', 283000, 26537, 0, 1, 16, 6),
('391f4973-74b9-4921-8e10-42802462a5f0', 'd9de8d89-f2c8-4860-b17f-3f522ee5aa72', '94bdd3ea-de8d-4740-ba3e-1b655e557bb3', 692000, 77543, 0, 1, 10, 8),
('3940865a-8e91-4875-a2d4-2a309e1cff3b', '65cc32f9-d4c0-4313-a625-3b7dbd8c91e3', '13957560-c601-46a2-b2e8-90e0b49f142e', 485000, 27791, 0, 1, 8, 2),
('39bd0b3a-efa9-4c9e-8c0c-e1e3dda801a9', '6f9b3391-3742-4786-8807-63c13888afc3', 'e6908261-9ece-46ce-96c8-a5256f9dcea1', 755000, 16909, 1, 1, 8, 0),
('3a011207-aad7-4ef4-b91a-416370d0d25d', '57ccd994-133e-47f8-aaeb-f98610b4ff49', '1a156320-155c-4c17-ae55-5c76e9145732', 479000, 25742, 0, 1, 6, 4),
('3a445aa6-8404-48ee-97c4-6d53ac7c5176', '2b88c01e-9e9e-4687-8a9e-6906337f0343', 'af214ab4-ec8c-446b-a50f-3127fece66e0', 528000, 57286, 0, 1, 8, 12),
('3a4b6c82-f240-451a-94d9-4bad4b0e3c9c', '31a7f8a5-68bb-45ae-b1c4-0f867f1ec398', '009b6e18-e973-4faf-b18a-d8c7e5f09aef', 532000, 47275, 1, 2, 11, 4),
('3a53a9af-b9a0-4977-afdd-3f121cf1ee25', '9490722f-a305-4625-a7bb-38271ccfa2fd', '0083c164-2c40-4c77-820b-7e0bf0f75316', 772000, 34474, 1, 1, 0, 0),
('3a56bb97-8694-4182-b9e2-762afba407c2', 'ac0b5068-38a4-4102-9192-13df8abc616d', '49fb7327-e138-44dc-bffd-485569204f2e', 375000, 27184, 1, 2, 18, 2),
('3a9c8123-4f7a-4910-96b1-3e3f87996f87', 'd3d9e1f5-b590-4042-8ef8-63783f1d8249', '6f8c5067-9ee9-4b2b-a325-d6109c782654', 592000, 48061, 0, 1, 9, 4),
('3aeaa762-9866-4be5-b113-f9900a2fa736', 'dc749658-9697-4547-9ed7-93e82e9e36a7', 'dcca644c-1f45-4184-b474-bacf472bb56b', 667000, 32596, 0, 2, 7, 8);
INSERT INTO `transaction` (`id_transaction`, `id_customer`, `id_model`, `price`, `km_driven`, `spare_key`, `ownership`, `imperfections`, `repainted_parts`) VALUES
('3aed2be2-4e78-4491-8652-249ccceff0f3', '53c1a694-97db-4576-902a-c07d49a907be', 'cde166c3-f785-46f2-8026-8db07a402b82', 671000, 51690, 1, 1, 18, 1),
('3b053b90-12b5-455a-a765-be2f7d54d732', 'c71446ba-868f-4ff8-951d-0005c98617e1', 'aa669e53-0c1a-45de-97d2-66e09a92fca7', 681000, 15895, 1, 1, 10, 2),
('3b2a580b-7d9c-4104-8c3b-1576bc6a41b9', 'bff7cfc3-0e79-4f10-b65f-73f59aecde2a', 'fb0e1ee7-8a02-4afa-97aa-3df3a829df44', 351000, 87034, 0, 2, 0, 0),
('3b40508b-a2e3-4060-aa8e-3ec489d9a25d', '5aa9281f-6881-42c6-8422-4548a2fee763', '1e47f51b-6a61-477d-9897-391ed06c30ae', 432000, 30176, 1, 1, 10, 4),
('3b516d6e-029b-4dcf-9b71-96f5aa3c7abd', '86c6f89c-ae6d-4ece-ac79-0047b5d0fcdd', '75150972-e07f-4c0e-891b-1b84d437520d', 652000, 100984, 1, 1, 0, 0),
('3c2f3ae7-9da8-461a-9dfd-79ce40527e38', '264b0790-82ed-41b3-b08e-16eb4a2b2aa7', 'a7b72118-2055-4ac9-834e-97e8ffe847bc', 453000, 69645, 1, 1, 10, 6),
('3c609194-a578-41f5-83d6-3ac8bf3fe8f9', '8a32412e-51a7-448e-9467-79869e9e7e99', '84e6d617-3061-4840-91f3-214501563372', 612000, 22456, 1, 2, 13, 4),
('3c6fb701-1abf-4c3f-85ed-931a2bb957af', 'c71446ba-868f-4ff8-951d-0005c98617e1', 'b66d0e73-545e-4a8e-b7f1-c043d05a9fd2', 546000, 107988, 1, 2, 0, 0),
('3c958b47-bdca-4631-88f3-a0144c89bf95', 'f8480810-59a0-4c17-b861-163d2f74e875', 'fac923d1-39ad-4028-92fb-a0b363f65c16', 295000, 97830, 0, 2, 25, 4),
('3ca88766-7770-4f5a-954d-4ad3a63ef444', '9cce89e1-efed-4ae2-8c1f-a16b9ae919f0', '97f9b6a3-927a-4135-9efc-0cab2a5d06af', 431000, 55450, 0, 2, 0, 0),
('3cc2cad5-3949-4088-a6ed-1a16edbe3e6d', '728d06b2-3a72-4e5b-9338-f04ecf5f8b4a', 'cf36689f-9e1b-4083-a897-6a7851984671', 340000, 70222, 1, 1, 25, 11),
('3ceb7546-e4ac-469a-987d-ca3233cfd870', '5f25da18-6be6-4ffa-94f2-40b4e761b6f0', 'ebc78789-22c1-412e-b56a-16906628423c', 733000, 9075, 1, 1, 2, 0),
('3cf50a88-6170-4cdf-9080-7588f15b3ad5', 'dc749658-9697-4547-9ed7-93e82e9e36a7', '97f9b6a3-927a-4135-9efc-0cab2a5d06af', 392000, 29876, 1, 1, 20, 6),
('3d158cc4-7f90-4237-831d-c063d31c4d3d', 'ea64f028-7031-4058-94a3-c6a5f48308ce', 'e81ed69b-14fa-4c67-a096-424601f4ac84', 651000, 12621, 0, 1, 6, 1),
('3d34c0df-abc1-45e5-bb3b-d5c9b4b647e1', 'e69a14b3-ae9c-4962-879e-f5fad70b7eb5', 'a347af7d-a3e2-44ff-9423-5387be1b9d1d', 453000, 116084, 1, 1, 0, 0),
('3d4e7c3e-9da9-4c9c-8154-1206e7d452e0', 'c0cf50dd-4a25-4863-8f54-5cfcf13166b7', 'd897688e-31ce-4cd6-8ac3-a93e359a354a', 991000, 5154, 0, 1, 2, 0),
('3d68ab03-8603-4c22-b0b9-82a57e9b3b69', '57ccd994-133e-47f8-aaeb-f98610b4ff49', '6fcb523a-1efb-4e95-8d68-09189bf60866', 411000, 15360, 1, 1, 27, 3),
('3d70b4df-b401-4dc4-b7ab-8fb72a128afc', 'ce1df218-757e-4cce-90c0-3fe9780bb377', 'd9d15dc1-b845-44d8-b990-35368196970c', 706000, 18001, 1, 1, 12, 1),
('3d79ea8e-bf1d-48e6-a457-bdf336f47f6a', 'ff53fa3e-d666-408d-a1f3-e4a07edead4e', 'c8752801-3dbd-448f-98c6-a257cbbd42ce', 460000, 69332, 0, 1, 15, 2),
('3deeb61d-65a1-46ba-baf3-8a9dc56bac3f', '0164f8cc-f157-4be2-ad52-d75c20349364', '23b27b01-f37f-4133-b4dd-6d9c3a558bb1', 532000, 50480, 1, 1, 7, 5),
('3dfce9f4-ac1c-474c-a7b1-94b28cbd959f', '03feaffa-d14f-440b-847c-8ae04fd11520', '6e4aaf6b-bc74-4137-a470-046befb6092c', 518000, 86301, 1, 2, 3, 0),
('3e55df77-b764-488e-9628-dc43fe454820', '44fd9227-f64f-4afc-875a-e10e4fd75f59', '72c79ccd-2e7d-4ec7-a496-68d163ebced9', 553000, 26638, 0, 2, 3, 0),
('3e7c0b90-f1b4-470e-a083-0f5ef9f59f28', 'f0b90cdf-8983-4137-ac16-ac558f22a892', '411c946f-2537-4d3d-9ff8-925dcedfe134', 427000, 81914, 1, 1, 5, 3),
('3ef1e4d9-cd0f-4a8a-abab-14815ce9a288', '717f7653-75ca-40a4-8c15-c95b8271eb20', '40a2bee7-e404-4446-b8bd-bf1259d1fd22', 296000, 31342, 1, 2, 9, 3),
('3f8a0352-4b89-4541-8cde-e1f11557f06c', 'a0063fba-d481-40aa-b01e-d065e4da3cc4', 'd0df4670-1a6f-432c-9582-9fe31495dc4c', 234000, 53066, 0, 1, 13, 4),
('3f938c93-2e6d-48fa-bd9f-70adb60925b4', '19000518-af0c-4b0b-947d-4979801c2dfc', '244f88f7-44c0-453c-8eb9-dd045d0337e1', 274000, 60787, 1, 2, 11, 1),
('3f9bdf7d-6bd5-40e2-9c45-02b9905fafd7', '32832771-b0d6-48af-863e-acdb17c0a35d', '783395b2-8450-4b44-a0e7-bbd4a75d1cf4', 280000, 35703, 0, 2, 3, 6),
('3fa44fcd-6d8e-4939-a67d-260e1e2e250d', '6fc31d18-db80-4823-b4f5-03c9f4f9ec7c', 'cc9480f2-17cd-4902-8694-2356f28213d6', 1225000, 21141, 1, 1, 0, 0),
('3fd38d65-3232-4d09-aa48-83a927279c39', 'a0063fba-d481-40aa-b01e-d065e4da3cc4', '39e5e191-93a9-401f-b205-45e73ab228d9', 1051000, 13425, 1, 1, 0, 0),
('3fe8079d-2d0f-457a-ba73-624962ac8618', 'ce1df218-757e-4cce-90c0-3fe9780bb377', '9c521612-059a-4d80-9649-bdf5bdb66701', 497000, 12950, 1, 2, 7, 2),
('40498063-e09c-4871-9065-ef681dc2f1fe', 'f71c082a-7648-4a50-b161-bc36cbd1f9b1', '69720727-22f0-4475-b9eb-29e22713ae76', 626000, 77367, 0, 2, 21, 2),
('40767781-e554-4aa5-9819-13fbf25f0f11', '74ea14fe-10a2-42a8-a647-cd54f61fe382', '894c9588-71e9-4f82-afee-142b6158f54d', 266000, 71136, 1, 1, 29, 4),
('40d1c6cd-edf1-405b-a1b0-85feb7112161', '53c1a694-97db-4576-902a-c07d49a907be', 'ac1747c9-7666-42b2-8a4f-cdf0fddac2dc', 384000, 18317, 0, 1, 1, 0),
('40dc730a-278b-4e8a-9901-b9888d9e514b', '924e7e20-eebc-495c-b7a1-ae04ebe45a5a', '743876ac-e205-4b2c-8644-16dec61ee572', 763000, 50723, 1, 2, 6, 3),
('40df6166-6c86-4ceb-8703-89b1748a7a3b', 'ff53fa3e-d666-408d-a1f3-e4a07edead4e', '47f88a26-6f33-4ee3-a4e0-d6009f6cc2d3', 439000, 26875, 0, 2, 4, 8),
('411da3a2-98e8-4048-96df-f948ff75afaa', '7607003a-212c-41c9-a1a4-02dc5ca212ba', 'e032f8b5-98f6-4bb9-b260-2971ac54c668', 563000, 23928, 0, 1, 9, 0),
('41ca2b80-2ee3-479f-8225-1285a20c5ae7', 'a6805054-4191-4d43-ada3-a807a78f15ef', 'a80e6a3a-2efc-41a4-80a2-bd315be963b8', 542000, 70189, 0, 1, 15, 9),
('41d2eca0-e559-4a13-bde8-41c9ce627006', '31fb5182-7e7c-4f49-89dd-73c9d2f72997', '820acad3-f8b6-492a-a775-27411217a04e', 593000, 92460, 0, 2, 6, 4),
('41ef8d2f-1476-4f5f-8c24-6421e021d9ba', 'aab374a7-b02f-415e-bbdd-9378435e82b2', '325c0bd4-dab7-4bbf-8f12-b1a9cc732dd8', 593000, 7370, 1, 1, 3, 0),
('41ff2d83-102f-4895-ba7f-89bc22e19a71', '54b273be-e37c-4aa7-838b-cbd8e5b9f81e', 'fbdb27ea-f5af-459f-919f-f4bee7b63f37', 476000, 34898, 1, 1, 11, 4),
('4283aa1c-b7d5-49b2-85d3-62f2a04a23f8', '0ceb83c7-6b16-4370-8a30-05163004c5cc', 'df143fa1-d70d-450f-8b61-6a59cfbf032c', 396000, 74308, 1, 1, 29, 1),
('42d05e67-47e1-4dca-8c85-6874335f4854', '264b0790-82ed-41b3-b08e-16eb4a2b2aa7', 'b35ad8e9-c137-4d3d-bfe2-66d8d8857f40', 254000, 50925, 0, 2, 14, 4),
('42eb5280-876b-4ea2-956e-ac34f76e26b3', '239b96fe-2e77-4cc6-b16c-87d7d2972f14', '783395b2-8450-4b44-a0e7-bbd4a75d1cf4', 240000, 110866, 0, 3, 0, 0),
('42f2d3be-3d45-4ec8-9c22-03281157cc5e', '25547234-a84e-4fba-be08-c0ea3436124b', '02a92752-3f36-49e8-93f2-c1323bfdc2e3', 415000, 99649, 1, 1, 2, 5),
('431f47bd-57da-4c11-92d9-0eac706ce497', '166355a9-f27a-4036-b72a-37f1ade8a102', '01dbd824-5745-49d6-af97-5d21d3d8c3f1', 996000, 23327, 0, 1, 2, 0),
('437e43dd-9b60-4aaf-a67b-07fb1adf34a3', '06d935fe-5a9b-463e-a8ab-84b4e6820502', '5e5192fb-9fc8-4a76-afe5-7aa8c038423c', 412000, 28660, 0, 1, 10, 3),
('43cee281-7701-4da5-8aa7-eb2f236e8744', 'ebae3726-cfa4-4413-9eff-b5ce669e62f4', 'b8e8c50e-902a-4c8b-b5e9-a4ca13b66260', 572000, 46722, 1, 2, 9, 12),
('43d1245c-f81b-4a7a-bb18-4f5c5fd6a789', 'bc88bec2-dd71-4811-a01c-ff0602c4a4a6', '4bcdbfd0-32dd-445e-9366-0f03db7fd6f8', 544000, 96999, 1, 1, 11, 4),
('43d39a09-32ec-47ae-b640-9991644d8a82', '51c16919-816c-4c0c-b1c9-37f4d01fa133', 'd72dac21-e2bf-4878-954b-9f0818742811', 497000, 65122, 1, 1, 6, 5),
('43ef1dda-39e5-48b6-947d-e1f3ba74d312', '31a7f8a5-68bb-45ae-b1c4-0f867f1ec398', '02ca4635-65c8-4aeb-81a5-9e2c708df1c5', 449000, 53241, 1, 1, 2, 2),
('446d761e-6a65-43b2-b785-95cb231ddadd', 'cdc72b68-8d08-43e6-824d-8677f5a057aa', '841048b4-f719-4873-bc7f-0c928f7a9f83', 653000, 41666, 0, 1, 6, 3),
('4474275c-e41b-4b13-a019-84f7d01a0e3e', '2ec800ee-9be2-48ef-b47d-745663373076', 'ea84aae7-ae43-4128-afb2-b96866660b33', 351000, 19081, 0, 1, 32, 2),
('448654b3-0718-42f8-9707-636f2a0da2e6', '2283c75e-e44d-4077-a1af-fa95d9a7cdbf', '783395b2-8450-4b44-a0e7-bbd4a75d1cf4', 300000, 56946, 1, 1, 7, 1),
('44de4433-6d29-4e83-905d-f43400206142', '31b5d41b-9825-440b-8c83-db7fab6cf750', 'c495a3d1-c45e-47f4-9e1a-6f5b9165b58b', 378000, 33244, 1, 1, 7, 6),
('451fd2c0-88e1-4c8d-aad7-7566c37d755c', '0d58d88d-2122-436e-8e51-1ce3e440a540', '36c9fe29-ff34-4cd2-b342-edc62f0f77e3', 392000, 39849, 1, 1, 28, 2),
('454e58fc-d839-45e2-bd4e-26e97f2a55fe', '2283c75e-e44d-4077-a1af-fa95d9a7cdbf', '80191672-a98b-46fb-91ca-2ffc2ed918ed', 492000, 44382, 1, 2, 3, 1),
('456e70f3-5eee-4c21-9e80-456d69655b07', '2283c75e-e44d-4077-a1af-fa95d9a7cdbf', '894c9588-71e9-4f82-afee-142b6158f54d', 218000, 32625, 0, 1, 13, 6),
('458812eb-495d-42c5-9b51-aac9ebc1910c', '0f23090d-793c-4d8d-9ab3-c95e5a923042', '38cb550d-eef2-4484-9cc6-32fa71f200f5', 447000, 76079, 0, 1, 16, 1),
('45952bc0-fa32-4a31-a011-514305acccef', '678bd763-e901-4966-836a-f22e26e8c802', 'bca97b13-211a-40a8-9678-091418979009', 282000, 83469, 1, 1, 2, 5),
('45c0174d-d509-4dec-9686-fac69d24b318', 'e07b43cd-2481-41d2-977b-13d3eabb4750', '315ba5ca-1c17-4f81-8374-4bf7080621c1', 892000, 67348, 1, 1, 4, 0),
('45fb902f-68cf-4c98-970f-a119c1418da1', '74dd689f-2aab-4cf1-9a46-9b4d2114514e', 'e2b2b870-e438-4b41-a4fe-dec259dad2e3', 389000, 30552, 0, 1, 7, 2),
('4630be66-89e3-4c22-a929-0cc15be31080', '02e14553-e9c5-4e8a-bbb3-7f3983fc6d2a', 'c412218c-0de8-4a73-885b-2d0e63f381f8', 275000, 46661, 0, 1, 16, 3),
('46318e2d-9836-41f9-beab-c91b70f77123', '19000518-af0c-4b0b-947d-4979801c2dfc', '03340e84-f19e-4262-807d-f1466e6be2a5', 618000, 36095, 1, 2, 9, 1),
('464954b1-da83-4e23-b87e-9e9fee362ed3', 'c71446ba-868f-4ff8-951d-0005c98617e1', '7cd5669b-f177-4830-907e-2aa040c5b8c7', 421000, 64311, 1, 1, 9, 4),
('4651fafa-9414-4d23-bc0d-84a76a768b55', '0ceb83c7-6b16-4370-8a30-05163004c5cc', '64764942-1aa9-4677-8d69-5f2f8d15d5b0', 686000, 38445, 0, 1, 10, 3),
('46cf901e-a0e9-49de-bb19-d7ab6d446ce0', '363d9210-f1a5-410f-b615-851541dafc47', '3dbbfecf-b9cd-4b3b-a17d-bb097df0f06b', 682000, 31968, 1, 1, 2, 1),
('46e8ac1b-fe32-438f-88a5-59bf6c305fd7', 'ff53fa3e-d666-408d-a1f3-e4a07edead4e', '458ac8b1-59eb-43e7-aaea-69e57d169205', 486000, 80265, 1, 1, 2, 1),
('47114a1d-de2a-432b-998c-94d8033b4995', 'd93d8e87-522c-4547-afd5-a8dafa582394', '7cc156ba-e53f-4790-99d1-3751f1863f81', 363000, 104045, 0, 1, 0, 0),
('477c574f-43df-4f25-ae5b-83b4bf8d8156', 'f22e23ec-8865-4c22-a211-4f043b9cde9d', '1500274f-a6a7-4f34-9e9f-8e2e4377560a', 999000, 54421, 0, 1, 1, 0),
('47bd1fbf-7dfd-4477-8c09-60ad21c98dde', '75d89fb0-2033-44d5-afc3-2e57faf58126', 'e5c33227-a860-4f0d-a9c6-2036c9c17047', 575000, 29057, 0, 1, 7, 5),
('47cc30bb-6d7f-4dfa-8f86-54a2cd218190', '84cb19dd-389d-45e7-a812-6cf038b2345e', '9b728712-7acc-49b9-9870-0fb499d13631', 665000, 38768, 1, 1, 2, 0),
('47f28bd6-43f9-4b0c-bb47-a771aed61c86', 'd58dbf41-cd08-4a6c-a4e8-c093f378c534', '0e2af91b-0409-4b3d-a2ad-8f2e6e91b47f', 807000, 44513, 0, 1, 11, 4),
('4812dc27-08d6-475c-8287-aaeda528fdcf', '57ccd994-133e-47f8-aaeb-f98610b4ff49', 'aad589d8-83be-448c-9c13-534b7c1d51dc', 460000, 81794, 1, 1, 2, 0),
('484620dd-9c3f-475c-93f3-843059328bcf', '6f78dd60-44b4-4b30-b65b-0004b1586697', '46e53719-a1d0-4ef6-9bba-e947cb71f859', 862000, 19901, 0, 1, 1, 0),
('486be65e-7593-4a34-ab88-9b9b896e3863', 'bff7cfc3-0e79-4f10-b65f-73f59aecde2a', '009b6e18-e973-4faf-b18a-d8c7e5f09aef', 441000, 107226, 1, 3, 0, 0),
('486da52c-80ee-4d50-a704-e9b927fe61e5', '5aa9281f-6881-42c6-8422-4548a2fee763', '244f88f7-44c0-453c-8eb9-dd045d0337e1', 322000, 29532, 1, 2, 10, 3),
('48841191-48ab-471a-9538-b7571eec650d', 'd6e852a0-e98d-4632-93c5-bb3e80b42c48', '38cb550d-eef2-4484-9cc6-32fa71f200f5', 414000, 51182, 1, 2, 8, 4),
('489b4a8b-37f9-4167-acb4-5a021601359b', '6d875df7-faa2-42e3-80bb-c134323e87a7', '2eac2a44-14f8-43b2-975d-821110862dbf', 770000, 27894, 1, 1, 17, 3),
('48aa07c9-2850-4078-8732-c39514704142', 'b43bc10d-c549-4d90-80f1-a517a1ca6683', '44167c1c-3668-4ece-9814-ba016014619c', 476000, 10815, 1, 1, 9, 0),
('4952530c-d486-4ce8-a310-4096eb8809eb', '66bbd2f8-041c-438b-a514-03541a161906', '900417e5-7b91-45ed-b732-befd61342ff8', 435000, 90082, 0, 2, 0, 0),
('495934d4-3490-41e0-aca5-2c65d1ac5936', '2b696c5d-9cc6-4f15-b533-47b7a35f64d2', '0ba2d2c5-1b17-4adf-bb68-e7f563a67b0f', 390000, 56257, 1, 1, 0, 0),
('49b0ea11-56e8-4172-a05b-8115df5d9d44', '1eed0924-316f-4758-b1c3-75d3dbde732f', '03340e84-f19e-4262-807d-f1466e6be2a5', 631000, 58514, 1, 1, 8, 1),
('49d5b038-5881-46fb-b2e8-e462347c20ac', '2857cce6-cb7d-46db-8ac2-c1bc6f1da9c1', '3dbbfecf-b9cd-4b3b-a17d-bb097df0f06b', 677000, 36262, 0, 1, 12, 5),
('49db3b9c-7f85-4275-b5f2-61b104ad4f1f', '264b0790-82ed-41b3-b08e-16eb4a2b2aa7', 'a7098138-567b-4a1d-b6b7-76f48c80de4a', 643000, 54408, 0, 2, 13, 4),
('4a2b35d1-339d-4f92-9c0f-945c36d5d8da', '007e7b4c-2b23-4f5e-8c25-e640693776f0', '6013379d-3e95-48fb-9f71-de602dcff7fa', 589000, 5169, 1, 1, 7, 1),
('4a418fe6-a632-4d1e-a1df-1f59fdd9badf', 'f586bfe1-bb09-49b9-b841-f55cb3aa9d1a', 'd4b09c43-aaa6-46e8-b638-14a1ae70a78b', 633000, 25625, 0, 1, 8, 1),
('4a6b9bde-2b3d-4041-93b8-88896cacf1db', '8694a7f8-7bd2-4422-ab4f-b61ac6106554', '6edd845b-a8e5-45a0-8b84-09043a7124e5', 251000, 45935, 1, 2, 19, 1),
('4b30814c-2be5-405e-aaef-4427f174e12f', '4af1de4a-34ce-41de-9b07-382ebefe73e5', '903b1813-4330-419e-9f5e-725f6abc803b', 465000, 95456, 1, 1, 14, 0),
('4b36931f-f83e-4a55-9854-226e220a800b', '61019ff3-a3fc-4d26-a954-6d23f1562696', '5abea582-6ebb-4dde-b0fd-faa2d24d8970', 444000, 89378, 1, 2, 8, 8),
('4b38f580-c437-4138-ab07-18bfce114c85', '0d58d88d-2122-436e-8e51-1ce3e440a540', '822174f6-a9eb-4e9b-9eee-33e21c2ee39a', 660000, 49622, 0, 1, 11, 4),
('4b4c4296-daeb-4a6e-b1ec-0c8455c54600', '7ec5e70b-bca7-4a25-a2c6-f75dcbf87638', '00bcf0d5-8fd5-48e0-8df1-7c3903033a68', 635000, 83762, 0, 2, 0, 0),
('4b5730d5-6f12-467e-b57b-afadc8bbb08e', 'd134b1fa-4e7e-4912-ad9a-38df1e24fc37', 'be56ccef-90eb-44b4-aa51-0137713510ca', 621000, 37274, 1, 1, 8, 2),
('4b8d9a31-2388-4f02-b08b-1db5110c5667', '95d655a2-f8b2-4943-8e40-f29d4ed4c57b', '6b41fed8-a7ff-4708-991c-53385a6c64b0', 654000, 61005, 0, 1, 16, 6),
('4bc1b754-224e-4494-b17d-73eb209bf54d', 'ff53fa3e-d666-408d-a1f3-e4a07edead4e', '325c0bd4-dab7-4bbf-8f12-b1a9cc732dd8', 552000, 1207, 1, 1, 1, 0),
('4c03ea56-c60a-4bb5-bb3f-42f0b5633603', '318960ba-4ecf-4289-82c6-e92f74f6748a', 'a88e9ddb-8bb4-4fc8-8746-9df908f919b3', 609000, 34224, 1, 1, 1, 3),
('4c2102db-5d59-4f8a-b1e7-5db75ceb288a', 'cdc72b68-8d08-43e6-824d-8677f5a057aa', '900417e5-7b91-45ed-b732-befd61342ff8', 459000, 99211, 1, 1, 16, 1),
('4c752e54-d667-45cc-9532-b5301a90075f', '81649930-dcde-459b-8e4f-1509111127eb', '8eee50de-cc0c-474c-bb06-09da79fdd0ba', 354000, 37246, 1, 2, 6, 3),
('4c7ad33b-1197-48cd-a18f-5a230bcf38bf', 'bff7cfc3-0e79-4f10-b65f-73f59aecde2a', '49fb7327-e138-44dc-bffd-485569204f2e', 320000, 43791, 0, 3, 2, 3),
('4c7aea2c-ff62-4bea-b2e9-027acb535c1b', 'e2f1826b-7d18-422b-8c20-8e2511d5775d', '03340e84-f19e-4262-807d-f1466e6be2a5', 645000, 71127, 0, 1, 15, 1),
('4d1bd7db-344a-4e9d-9153-256395d65a77', 'bd7a62fa-18c1-4da1-a4ad-7fc7585926f1', '1c16a4b8-5409-40b9-8da1-c8ec210ea902', 527000, 57417, 1, 1, 14, 4),
('4d2d885b-2820-4246-a8e0-650316d99c22', '258dc7e9-3291-4ab5-bbc5-5e480a3800a5', '3dbbfecf-b9cd-4b3b-a17d-bb097df0f06b', 561000, 59602, 1, 2, 15, 5),
('4d6f9b1a-ba8f-4806-8817-556347cdae31', 'f0b90cdf-8983-4137-ac16-ac558f22a892', '871cea70-cd9e-4d70-98a8-0ed8206a62ff', 608000, 61462, 1, 1, 2, 0),
('4d80ceb8-2f5b-4215-8f1b-168facf6d1e1', '4a67ebdf-6c32-426d-b92b-cbd6aa0bbb09', '9da8c5be-ab53-441f-915f-dd545f809df8', 678000, 68828, 0, 1, 9, 0),
('4d856ff4-2d9c-498b-ba06-975e8b056dcd', '5ba308b2-5e06-4e87-b6e3-a428062e5a45', '0379f222-0131-410e-8e3a-6961683f17af', 644000, 33848, 1, 1, 10, 4),
('4dd8717f-2658-4332-afac-fb6bbf4a81d3', '8694a7f8-7bd2-4422-ab4f-b61ac6106554', 'ac1747c9-7666-42b2-8a4f-cdf0fddac2dc', 402000, 26385, 1, 1, 2, 2),
('4e0d9d42-0ee2-4594-a0ba-f75b694b5a74', 'd6e852a0-e98d-4632-93c5-bb3e80b42c48', '736e4920-7f08-41bc-bfca-64357c8bd99c', 1231000, 10234, 1, 1, 0, 0),
('4e3d2104-0a0c-4499-812d-3190971f1768', '9dd4b85b-01be-4d00-9e47-cb0944c97456', '871cea70-cd9e-4d70-98a8-0ed8206a62ff', 503000, 65806, 1, 1, 28, 6),
('4e705ce3-93fb-4914-8c59-4c10eb6fe3c3', '08dcf23c-29a0-4522-ba5b-c8d07b4ac122', '3b173797-00de-4616-b196-d5d829ea41df', 710000, 25919, 1, 1, 0, 0),
('4ea84b5c-14df-49a2-9fc2-eb1df8c62d1f', 'd134b1fa-4e7e-4912-ad9a-38df1e24fc37', 'ea84aae7-ae43-4128-afb2-b96866660b33', 436000, 22526, 1, 1, 0, 0),
('4eaeb50d-168d-40d1-8d0c-0f08be4675a8', '2857cce6-cb7d-46db-8ac2-c1bc6f1da9c1', 'f947530c-8add-4b24-b7fb-c4d21ea78e0b', 512000, 77633, 0, 1, 8, 1),
('4eeb3185-fc16-4f0c-9f4d-c1a387ba0b5e', '86c6f89c-ae6d-4ece-ac79-0047b5d0fcdd', '6f880f73-a718-4fa6-bdf6-1899c0b7c111', 573000, 90881, 0, 1, 24, 1),
('4eeb9670-b54e-4966-9111-07a035906851', '15499ef6-e07b-4271-b45e-d82d10f3f513', '3d1034f5-eed9-49f8-89fd-1ab1dea0560d', 327000, 115256, 1, 1, 22, 6),
('4f2e5a2f-a1b4-4a73-b969-b792d99af195', 'dc2738b7-63c0-4fca-86ad-a63a56121b93', '1673c431-f218-4ef3-b157-b354455eefd0', 832000, 39774, 0, 1, 7, 1),
('4f68666d-2fd2-40ab-87ad-202d47ad2dc5', 'a6805054-4191-4d43-ada3-a807a78f15ef', '06f3fc73-a612-4df3-99a6-7e916f9ab2ae', 631000, 47915, 1, 2, 24, 3),
('4f6f840f-4cb5-4b21-bb79-13f8b6fca97d', 'ea64f028-7031-4058-94a3-c6a5f48308ce', '585ad6d3-d963-4719-9625-162a6caaa72b', 545000, 13103, 1, 1, 11, 0),
('4f7547cd-0b7e-4844-9edf-c65be76fda04', 'fe3c2e15-3ff0-463b-b9a1-d23d39df3cd3', '894c9588-71e9-4f82-afee-142b6158f54d', 278000, 63196, 1, 1, 0, 0),
('4f79a645-f00f-495c-8b90-101414bc02b3', '54b273be-e37c-4aa7-838b-cbd8e5b9f81e', '0a113c00-c983-4198-87c1-5e83624f5bb6', 804000, 27877, 1, 1, 7, 8),
('509d3eb2-5d66-4fea-92c6-356d26d72b01', '03feaffa-d14f-440b-847c-8ae04fd11520', '49fb7327-e138-44dc-bffd-485569204f2e', 336000, 49078, 1, 2, 20, 0),
('50c18aaf-7864-494f-8510-b9b1d9efa489', '0f23090d-793c-4d8d-9ab3-c95e5a923042', '9fb23255-3e81-4e9a-a6eb-f10a2428b867', 231000, 70050, 1, 2, 11, 6),
('50c4b850-6b0e-4672-9788-5ca05fe4b781', '25b45a83-70e7-4685-b5f2-6b78b2e7ed2c', '22f8736e-a819-4488-a223-b24521f6b886', 425000, 69185, 0, 1, 0, 0),
('51203e99-73c6-4960-83ea-a80b6eb202a6', '318960ba-4ecf-4289-82c6-e92f74f6748a', '2b00c04d-aab8-421a-a5d1-20c4258dd467', 349000, 110407, 0, 2, 11, 7),
('5122a3e8-84d8-4a9f-bd52-43002671dce9', '8d65ff84-99fc-402e-bf22-37ae8bfd5e43', '13957560-c601-46a2-b2e8-90e0b49f142e', 390000, 42022, 1, 1, 13, 7),
('5125122d-a3da-4524-a2a6-84fd2dd35726', 'f8e6b14b-a3fa-4e29-aedc-546199104084', '84e6d617-3061-4840-91f3-214501563372', 543000, 68890, 0, 1, 10, 7),
('5150d134-b655-4714-83dc-3d02be3119bb', '66bbd2f8-041c-438b-a514-03541a161906', '06f3fc73-a612-4df3-99a6-7e916f9ab2ae', 673000, 65568, 0, 2, 10, 2),
('517c4be0-982e-4d37-8683-ad8fcc9624c4', 'b556def5-8570-4c4a-9772-03d838551420', '0a113c00-c983-4198-87c1-5e83624f5bb6', 756000, 59733, 1, 1, 7, 5),
('5202efe5-c7ec-4967-83b4-e7696ae2072d', '7ec5e70b-bca7-4a25-a2c6-f75dcbf87638', '1500274f-a6a7-4f34-9e9f-8e2e4377560a', 980000, 53293, 1, 1, 1, 0),
('5218cac0-125a-4f69-913f-beed0c98394b', 'ea64f028-7031-4058-94a3-c6a5f48308ce', 'f92ccb34-343d-4552-b59e-4b7a1ab2b70d', 530000, 47616, 1, 2, 18, 5),
('523badeb-7e60-4666-8e41-41d5ddfd6839', 'ce1df218-757e-4cce-90c0-3fe9780bb377', '47f88a26-6f33-4ee3-a4e0-d6009f6cc2d3', 417000, 63516, 1, 1, 3, 3),
('5244d667-2496-430c-9d35-98588ce51c0a', 'c0cf50dd-4a25-4863-8f54-5cfcf13166b7', '68ecfcb4-65f1-42a5-b999-b6c67f2d52d5', 592000, 22666, 1, 1, 19, 0),
('525ccd0f-e7c6-49cf-91b2-39bc568297ca', '116b5dbc-0172-44ab-b153-740aa9c9d31e', 'd6e13744-0dc1-4865-b732-8cf396fe0cd6', 738000, 31437, 1, 1, 8, 5),
('526582c6-2908-4d88-b300-ba57b4df178d', '72828d79-0796-4b70-a3ef-b3815093e160', 'd6a3f6bf-f03f-42a4-9e1a-b929ab34a27a', 402000, 30478, 1, 1, 10, 2),
('52b464d3-8921-4a20-a4f2-da26a66c4be6', '4b99d2e0-6df1-4205-8d47-b6494ec399e8', 'e81ed69b-14fa-4c67-a096-424601f4ac84', 723000, 3883, 1, 1, 1, 0),
('52eb300f-e22b-48d1-8b78-1c732ad53edd', 'b63763de-568b-4525-85c9-b65fb31c7883', '225ab07c-6418-43b2-b1c8-b02ba89e57e5', 945000, 8899, 1, 1, 8, 0),
('531541de-e4fe-458a-be27-345e04ba41ab', '9dd4b85b-01be-4d00-9e47-cb0944c97456', 'b35ad8e9-c137-4d3d-bfe2-66d8d8857f40', 207000, 31827, 1, 2, 12, 4),
('531e4037-a561-4373-9317-e9ef16470167', '8694a7f8-7bd2-4422-ab4f-b61ac6106554', '20c254d4-b841-4503-9cf6-e5b0e3fc9a34', 513000, 7994, 1, 1, 7, 4),
('53664370-0a33-4616-97cc-be8247663324', '7ec5e70b-bca7-4a25-a2c6-f75dcbf87638', '3827fb8c-281b-4320-a7fe-ac0e54200765', 350000, 60446, 1, 1, 17, 2),
('5388176a-3abd-48e1-85f2-354039160e43', '114d6c59-aeba-4256-bc46-2e105d699a3b', '6cb7c068-6473-40a2-b38a-251f365b8765', 697000, 21955, 0, 1, 12, 0),
('53f13d91-59e3-4b16-8abf-73ac62305c68', '1f9a7cb0-bf24-4a40-9f11-eaacfcca5638', '7e92acf5-1df9-4ad7-b375-e72e1bbf491b', 361000, 90417, 1, 1, 8, 4),
('53f8c627-b07b-4700-96c2-e149c3f587ed', '2c61e4d6-b3bf-49b4-8c0b-ba9924bb9f6c', 'e6ecc0aa-0bf3-4342-a137-cc4b5564deb7', 646000, 48247, 1, 1, 6, 8),
('54438ff2-952c-457e-ad46-4b0c39ed26c4', '44b82fa5-ab25-4b3e-ad61-f62647dfa54c', '8589d578-e3d9-42c6-8240-39f27035bf5f', 921000, 27338, 1, 1, 3, 0),
('546c508d-9158-433b-bf49-4c65fe6f63fe', 'd93d8e87-522c-4547-afd5-a8dafa582394', '64764942-1aa9-4677-8d69-5f2f8d15d5b0', 558000, 73333, 1, 2, 12, 6),
('5473d483-a2db-4b31-be19-019336e30a01', '6ac95144-ca5d-4519-a196-2b10e5391e00', '19ced1d9-222d-4df6-8a16-02a70424c4d2', 273000, 32631, 0, 1, 0, 0),
('54d2857b-1808-4a58-8f9b-455e7ff29d1d', '264b0790-82ed-41b3-b08e-16eb4a2b2aa7', 'fb0e1ee7-8a02-4afa-97aa-3df3a829df44', 441000, 27532, 0, 1, 0, 0),
('551790c3-166d-4a70-8e25-f1c4e1a5877e', '6701adba-0d86-497c-8c6b-e9547571a2d9', '5abea582-6ebb-4dde-b0fd-faa2d24d8970', 484000, 22263, 1, 1, 0, 0),
('5527489e-00fe-4a14-8ecc-3f97d889ea6e', '678bd763-e901-4966-836a-f22e26e8c802', '9fb23255-3e81-4e9a-a6eb-f10a2428b867', 284000, 24202, 0, 1, 33, 6),
('5532a9e5-eb2a-4635-86d2-f991b32ca7f1', '0ceb83c7-6b16-4370-8a30-05163004c5cc', '98d94858-b2b9-4f4a-94bb-aade0c66ee18', 706000, 52707, 0, 2, 4, 5),
('55a722ad-1b61-4353-aeae-b9921247946a', '890c4621-6455-46ea-81f9-d4638b592f3d', '9fb23255-3e81-4e9a-a6eb-f10a2428b867', 194000, 62715, 0, 2, 10, 8),
('5612c303-454e-40b1-b0bc-37c8d56726ab', '81649930-dcde-459b-8e4f-1509111127eb', '5c6d911a-58ca-40eb-8e30-5f177c77e2b7', 210000, 69568, 0, 2, 12, 0),
('561a7b61-f3c8-47e9-9fd4-8675dd516779', '530d78e8-e1a2-40a8-bae1-82c2b1f9c521', '244f88f7-44c0-453c-8eb9-dd045d0337e1', 304000, 24588, 0, 1, 17, 3),
('561efb71-298b-4b28-9c65-4eaab4485ead', '5aa9281f-6881-42c6-8422-4548a2fee763', '1e02da2b-ae88-48d6-bae0-b62ae76e53b7', 536000, 44011, 0, 1, 0, 0),
('56854cf9-f868-40ae-9e4d-ec2afb2e6875', 'ea396f95-de4c-45a4-88e0-4420e8b3a58a', 'c34e7654-3d7b-4989-85db-2d1db25081e6', 1185000, 40395, 1, 2, 2, 0),
('5696e0c0-cfe4-41d0-971f-5eb2e91e539c', 'f8e6b14b-a3fa-4e29-aedc-546199104084', 'b87d7b8c-60b0-4349-a26a-8577e4da29db', 294000, 48331, 1, 2, 8, 3),
('57183ff8-38d6-4461-9dc2-7fa975a60c72', '51c16919-816c-4c0c-b1c9-37f4d01fa133', '69720727-22f0-4475-b9eb-29e22713ae76', 601000, 77919, 1, 1, 21, 6),
('5744b78e-36b7-405c-9cd5-ad4054f60caf', '9cce89e1-efed-4ae2-8c1f-a16b9ae919f0', 'c6764f1a-cb13-4297-9fe1-a4f3c6257531', 406000, 77319, 0, 1, 28, 7),
('57d4d0ea-fa0b-441d-b21c-354a3c713199', '678bd763-e901-4966-836a-f22e26e8c802', 'e47912ad-cb27-46a0-aacd-6606eb6b609e', 374000, 84574, 1, 1, 10, 8),
('57e67f72-220e-494c-b532-799ba7939d2e', '6f9b3391-3742-4786-8807-63c13888afc3', '6f880f73-a718-4fa6-bdf6-1899c0b7c111', 670000, 36274, 0, 1, 3, 0),
('5808119f-9e31-42c5-b3f7-e86e2144d1c1', '7103fd54-00c1-4a99-99cb-cecc23ba7c03', 'dbd3bb41-f089-4289-b77e-43774433bda2', 640000, 21574, 1, 1, 6, 5),
('58223e12-73f3-42ba-b3ab-709e0417c680', '363d9210-f1a5-410f-b615-851541dafc47', 'b87d7b8c-60b0-4349-a26a-8577e4da29db', 267000, 77786, 0, 3, 10, 4),
('58a6b556-8099-459c-8476-da630568ca24', 'e5ec8885-d79c-4f6b-8bd8-2651e400466a', 'd8a59843-1f06-48bf-b8b7-2b4e8f868c97', 278000, 89267, 0, 1, 19, 9),
('5927ec6a-a746-438e-a72d-04e5fe81d0ac', '7aba5951-af19-4be0-8aa7-753843bdfb0f', 'b5789311-6574-44e3-a092-b4fb51dfd7da', 740000, 86706, 1, 1, 3, 3),
('5929fd16-2157-4fa2-93a7-f1b90782cb9c', '53c1a694-97db-4576-902a-c07d49a907be', '03340e84-f19e-4262-807d-f1466e6be2a5', 659000, 31845, 1, 1, 11, 6),
('59439e67-bf4c-4886-bf60-44b8522c19dd', '9490722f-a305-4625-a7bb-38271ccfa2fd', 'a7b72118-2055-4ac9-834e-97e8ffe847bc', 414000, 31672, 0, 1, 6, 3),
('5956a0d5-539c-46d9-9a8a-3e9d1261d979', '116b5dbc-0172-44ab-b153-740aa9c9d31e', 'b305b73b-2fe9-4b61-9667-5aab70257c96', 668000, 61641, 1, 1, 6, 5),
('599b78e1-d837-421b-b07f-6870bf0e1735', '53c1a694-97db-4576-902a-c07d49a907be', 'caa3f236-839e-45cb-b4cd-42b5f022ed8d', 616000, 39992, 1, 1, 3, 1),
('59bd46f9-20db-4db0-9f09-4c8104ac4e85', 'eeb92d79-d4e4-495a-9e91-4ef883faeb52', 'a0543c7f-56f0-4f5a-8839-f90f5fa0024f', 775000, 57858, 0, 1, 10, 2),
('5a01f3f8-c2ee-48f8-8f89-a04987f0c601', '31a7f8a5-68bb-45ae-b1c4-0f867f1ec398', 'e6ecc0aa-0bf3-4342-a137-cc4b5564deb7', 454000, 49544, 1, 2, 25, 2),
('5a5645b3-f09c-407c-b41b-5654397087b5', '81649930-dcde-459b-8e4f-1509111127eb', '871cea70-cd9e-4d70-98a8-0ed8206a62ff', 565000, 73866, 0, 1, 9, 10),
('5ab7f143-1867-4e80-9f75-a99d45a8d6bc', 'f586bfe1-bb09-49b9-b841-f55cb3aa9d1a', '23c484ac-d178-46c8-bf39-ca3157a90af9', 493000, 71405, 1, 1, 6, 2),
('5ad5f621-4be7-4fd9-9352-2d57d13a59be', '264b0790-82ed-41b3-b08e-16eb4a2b2aa7', '931a9dc9-f8fa-4fc7-b630-e05bc6679998', 193000, 72136, 1, 2, 15, 7),
('5adc571f-b8e2-4006-bf63-b47a54b47468', 'f586bfe1-bb09-49b9-b841-f55cb3aa9d1a', 'a856d1ce-1261-4e4e-96d6-6ba6205c8c81', 521000, 77650, 0, 1, 25, 8),
('5ae1736e-d155-419e-9450-fb34cd5b8d80', '2fd09d39-0dee-4727-8c13-22d3911955c3', 'e47912ad-cb27-46a0-aacd-6606eb6b609e', 420000, 28404, 1, 2, 8, 3),
('5aed5cac-f594-436d-af14-e31bbaee91ed', '9b1b1996-8a61-4236-9916-ca06e4c021a4', '0379f222-0131-410e-8e3a-6961683f17af', 644000, 25705, 1, 1, 11, 5),
('5af165b1-e466-4455-8e4d-789a4dd8c781', 'd229d796-50be-457d-9a2e-78bec74957ac', '5530a626-86fc-42e2-be6e-fbf4e31f67e0', 667000, 23264, 1, 2, 11, 0),
('5b6e486d-c77f-40f3-b663-77535effda96', 'ed28d6c8-caf1-4dfe-8da9-ada2b3b372f9', '736e4920-7f08-41bc-bfca-64357c8bd99c', 1146000, 18693, 1, 1, 1, 1),
('5b7e4283-6bcc-42ed-a576-4cb7e6123bf4', 'bd7a62fa-18c1-4da1-a4ad-7fc7585926f1', 'e5ae7870-e74d-4c6f-91f1-2a4d3c34f31c', 564000, 106213, 1, 1, 19, 6),
('5bbef945-ba3f-4679-a55e-94717deb2a2a', '2b88c01e-9e9e-4687-8a9e-6906337f0343', 'e0335740-b3d8-4d26-a435-58bd2748d528', 554000, 58679, 1, 1, 24, 4),
('5c2bb93a-3843-416d-998a-6d470be6121e', '2b696c5d-9cc6-4f15-b533-47b7a35f64d2', 'b1a6b3ab-dc7b-4fc5-9f45-a382980392cd', 484000, 63716, 1, 1, 5, 0),
('5c3a4293-dd2c-46b6-b80b-5360b6250d2c', '86c6f89c-ae6d-4ece-ac79-0047b5d0fcdd', 'dc1422eb-4027-481e-b0fb-44e3396acc96', 963000, 43181, 1, 1, 6, 0),
('5c527d3b-6e97-4a9b-8c2e-f45cc6dcee38', 'f586bfe1-bb09-49b9-b841-f55cb3aa9d1a', 'cda7f543-cd8f-447d-8eda-827354e3fe90', 358000, 85873, 0, 2, 23, 4),
('5c832451-a8e6-43fe-ba98-52fc6d57f3d0', '44b82fa5-ab25-4b3e-ad61-f62647dfa54c', 'ae621735-179a-48dd-b614-af42526de641', 710000, 49559, 0, 2, 4, 1),
('5c9e8340-1e6b-4927-96a0-e5faad9ed5cb', '6fc31d18-db80-4823-b4f5-03c9f4f9ec7c', '3eb9bb8c-58de-4622-9bf0-848467e29710', 386000, 69973, 0, 2, 6, 2),
('5d5bc0b1-d6f1-4540-90be-61a61696ae9f', '2b696c5d-9cc6-4f15-b533-47b7a35f64d2', '16cdf0ae-fd55-43d4-9868-85245c52b2c0', 458000, 72496, 0, 2, 9, 6),
('5d98366f-c66d-4f19-8a5d-6adf1b2bd2ef', '239b96fe-2e77-4cc6-b16c-87d7d2972f14', 'c5088e46-cc5c-448a-a79b-b2889d130e00', 401000, 54751, 1, 1, 24, 5),
('5db7226d-20f1-4a80-8764-26a7407d0add', '19000518-af0c-4b0b-947d-4979801c2dfc', 'e5c33227-a860-4f0d-a9c6-2036c9c17047', 502000, 24003, 0, 2, 3, 4),
('5df0f033-7cdd-4a54-bb28-bc8fddf21b3e', '9b1b1996-8a61-4236-9916-ca06e4c021a4', 'd5b4569f-8d2e-47e9-ad13-76c8fae686f0', 598000, 56042, 1, 2, 13, 4),
('5df4ec19-cdfa-4615-a00d-466552575556', '08dcf23c-29a0-4522-ba5b-c8d07b4ac122', '585ad6d3-d963-4719-9625-162a6caaa72b', 587000, 20987, 1, 1, 1, 0),
('5df6d712-881b-41c1-9bcd-81f76337a474', '891c34da-b563-4412-9d7d-936f880b21c8', '23b27b01-f37f-4133-b4dd-6d9c3a558bb1', 574000, 62367, 1, 1, 15, 3),
('5e029473-fbe5-45ee-95e6-cf9b87b27858', '19000518-af0c-4b0b-947d-4979801c2dfc', 'ea84aae7-ae43-4128-afb2-b96866660b33', 363000, 36674, 1, 1, 14, 7),
('5e3e3d51-4c15-4984-aaf5-59a5cc7554a5', '6ac95144-ca5d-4519-a196-2b10e5391e00', 'cf42085d-bb62-421a-9bb3-713df9c32cc0', 366000, 65289, 1, 1, 13, 0),
('5e487ca9-594e-4ea9-9c11-7b32c5cdc071', 'aab374a7-b02f-415e-bbdd-9378435e82b2', '8eee50de-cc0c-474c-bb06-09da79fdd0ba', 306000, 62586, 1, 2, 3, 2),
('5e6c3472-6590-4161-99b0-378a0cebfffa', 'fc2b0402-8e33-4055-a4be-87b82b5659a5', '4eb11987-cc34-4b88-b315-f3344839d4a6', 754000, 4714, 1, 1, 1, 0),
('5ebd0f1a-691f-423c-a2fe-f6bef7898322', 'ea396f95-de4c-45a4-88e0-4420e8b3a58a', 'a347af7d-a3e2-44ff-9423-5387be1b9d1d', 454000, 42316, 0, 2, 0, 0),
('5ec4f240-3ef6-48c8-9197-a83e1510151a', '13c665e0-3022-4741-bd6b-a31dea918ff3', '8b6b849b-9329-4b11-8819-1bea8e9495d3', 773000, 30926, 1, 1, 3, 2),
('5f337d92-f7ac-4a71-ae8c-ba96ccb3dae6', '912109a7-705c-4242-87f3-10033bf26005', 'de75aa37-b66b-4b7b-84de-7502906266ac', 591000, 119998, 1, 2, 18, 5),
('5f46b96b-c1ea-471d-9204-9ac89d4faaa4', '19000518-af0c-4b0b-947d-4979801c2dfc', 'a347af7d-a3e2-44ff-9423-5387be1b9d1d', 561000, 25847, 0, 2, 6, 2),
('5f68ac66-201d-4092-929d-79cf8dbee1dd', '6f40b8c1-c12a-447e-a190-8f2576977578', '939ab999-997b-49d4-bb14-22ef43897d7d', 318000, 58071, 1, 3, 6, 0),
('5f72d085-0996-4636-9de0-3542c30c8f9b', '03feaffa-d14f-440b-847c-8ae04fd11520', '54a465be-4224-4483-90aa-51fbea7100fe', 565000, 96520, 0, 2, 13, 9),
('5f8dcf04-4f85-487d-a0c1-a449434437aa', 'd1dde2d1-6883-4667-a9fe-a5a9d587076a', 'e0cb8ab6-7c72-42da-9372-f3e2e9b9817e', 507000, 74061, 1, 2, 11, 4),
('5f8e6a24-47cd-47bd-80f3-5d85141d4060', 'e7ddb23b-dab8-4d30-be71-c37dff75bde7', '357d07dd-7c0b-44e4-9f9e-5ebfe061e818', 454000, 20189, 0, 1, 4, 6),
('5f9c5f1a-8a3c-4b65-ab6b-da9ab2a32873', '7693a493-2521-4c2d-8264-c94a7cb31a92', '63ed47ba-69a8-47c2-a7b8-2355001cbdd8', 1288000, 6634, 1, 1, 0, 0),
('5fe43590-e2ed-4330-8146-753de30e2647', '9490722f-a305-4625-a7bb-38271ccfa2fd', 'e920ebc8-6866-4513-a5e1-8831ed28d6cb', 560000, 54458, 1, 2, 6, 4),
('5ff33b6b-1a54-47fd-814c-5a28e66f814f', 'ea64f028-7031-4058-94a3-c6a5f48308ce', 'a88e9ddb-8bb4-4fc8-8746-9df908f919b3', 612000, 26550, 1, 1, 2, 8),
('6038be00-7dac-4700-9767-b7891c336bea', '9490722f-a305-4625-a7bb-38271ccfa2fd', '6edd845b-a8e5-45a0-8b84-09043a7124e5', 230000, 89853, 0, 1, 25, 7),
('609a6399-06da-468a-81f5-10ed3e16f059', 'bff7cfc3-0e79-4f10-b65f-73f59aecde2a', '1e47f51b-6a61-477d-9897-391ed06c30ae', 419000, 85064, 1, 1, 13, 1),
('60e4b741-7581-4959-82fa-f97abfb58773', '891c34da-b563-4412-9d7d-936f880b21c8', 'd3a786f2-f32d-4716-896b-cf9413236b7d', 1192000, 29126, 1, 1, 2, 0),
('61196288-0f66-46fa-8c02-48dfed05e6b7', '20ac8e30-279a-4e34-a0d0-8daa587220a8', '0f7733b4-7e1c-46e7-88e8-d53288c0fa51', 956000, 12867, 0, 1, 2, 0),
('613014c3-fc69-4664-bd32-a67b25778382', '142ca075-7e70-4f03-a78f-70fb64e08faf', '7c3e8ce0-e41d-4cfa-b96c-f5ab53477659', 219000, 48658, 1, 2, 2, 4),
('6136fa0b-9ef6-4757-b071-a0dceafc1394', '856e28a2-7e5b-492d-89ae-8567f59eac85', '8589d578-e3d9-42c6-8240-39f27035bf5f', 843000, 27052, 1, 1, 6, 6),
('61bf11d7-6789-4773-a5a8-f00f5aa07992', '118530da-751c-4315-aa68-35cedc58f005', 'aaf32e95-44e4-417d-9d1c-f3ee40f6eb57', 515000, 35708, 0, 1, 8, 6),
('61c92a60-e4bf-4f76-86e0-76cd5c94b3fc', '19000518-af0c-4b0b-947d-4979801c2dfc', 'c27e6579-72a0-4dd4-b634-f363d330bba0', 447000, 85129, 0, 1, 16, 6),
('61c982c3-d6ed-4daf-8581-5c6a5a174777', 'f8e6b14b-a3fa-4e29-aedc-546199104084', '734581bb-6417-4aa5-b35a-34f543688bfe', 470000, 52105, 1, 1, 9, 2),
('61ffb200-792e-4604-9cb5-5f200b7b6e2e', '912109a7-705c-4242-87f3-10033bf26005', '2eac2a44-14f8-43b2-975d-821110862dbf', 736000, 73050, 1, 1, 23, 1),
('6200da09-19d9-4a0a-a5a2-6b32817f1508', '745a9aad-fb95-4ea4-9503-8c8105882862', 'fd397881-9772-43f2-9be9-061ed40b281b', 278000, 70249, 1, 1, 0, 0),
('62036c15-4949-4707-a4fa-138afd68a4a7', '5ae99da1-2bc2-462f-99fb-7f766f44f49e', '84e6d617-3061-4840-91f3-214501563372', 465000, 95525, 0, 2, 3, 5),
('62164506-902d-4737-86ad-71cc8941c959', '8d65ff84-99fc-402e-bf22-37ae8bfd5e43', 'e920ebc8-6866-4513-a5e1-8831ed28d6cb', 642000, 62129, 1, 1, 3, 2),
('621d495b-08aa-4f05-bad1-98cb54085420', 'd2333b8f-9c2a-4f8b-a69c-a33f4abfd441', '3b173797-00de-4616-b196-d5d829ea41df', 677000, 25782, 0, 1, 8, 12),
('627ca653-95e4-4dd2-8c20-2589ed3202bd', 'f3069ab9-1b09-4a0d-b0cf-913c680be71b', '7dadabf7-7729-4d8b-859c-07607a548e0a', 490000, 94923, 1, 1, 21, 7),
('62967dd5-60cb-47ec-a7d0-2a7377111fc5', '95d655a2-f8b2-4943-8e40-f29d4ed4c57b', 'cda7f543-cd8f-447d-8eda-827354e3fe90', 361000, 62835, 1, 2, 4, 6),
('62efc6e3-48d0-4ab6-9e02-8b78e9624cd6', 'b43bc10d-c549-4d90-80f1-a517a1ca6683', '7746e8a6-6bc5-435e-b1dd-6e8a7d40ca60', 807000, 38299, 1, 1, 13, 4),
('6306fdd5-3860-43fd-aa7d-d32ce2fdbdb0', '0ceb83c7-6b16-4370-8a30-05163004c5cc', 'dfb4ea38-745a-4595-82d8-4b7135f4a9c3', 404000, 52643, 0, 1, 13, 1),
('6336d238-fc73-4f0f-9349-a36ebfb5504e', '44fd9227-f64f-4afc-875a-e10e4fd75f59', '7284ae19-8d50-4e2b-bfef-8fa73e301439', 442000, 9677, 0, 2, 6, 1),
('63d27d55-44d0-4aff-b960-58627fe0dba1', '116b5dbc-0172-44ab-b153-740aa9c9d31e', '939ab999-997b-49d4-bb14-22ef43897d7d', 367000, 75385, 1, 2, 1, 0),
('63d6b93f-823c-432b-a223-a8ccb8495044', '74dd689f-2aab-4cf1-9a46-9b4d2114514e', 'edd4079c-baaf-4517-82c1-d41e2896d6a9', 373000, 32880, 0, 2, 2, 0),
('63db559a-3e3e-48d9-a344-b12b9cd94e94', '520a7045-c07f-4711-8f71-eb04ce262de3', '780651e9-fe61-4615-9ddb-5f7713d2eded', 521000, 90513, 0, 1, 0, 0),
('63dc281e-8dcd-4f56-b5ff-ed9f49a0293e', 'e5ec8885-d79c-4f6b-8bd8-2651e400466a', '736e4920-7f08-41bc-bfca-64357c8bd99c', 1220000, 8264, 0, 1, 10, 0),
('6404928e-af9a-411d-a83e-09bd806b9092', '0cf9c0a7-8bf6-4e7d-ba3d-fc6a78405821', 'f6689ec3-5ec5-49f3-a4b0-a6a87e3b5db5', 643000, 23180, 1, 1, 4, 2),
('642570e0-1fb0-4364-96ab-f258a9af529f', '239b96fe-2e77-4cc6-b16c-87d7d2972f14', 'f947581d-29db-4efa-a842-a4c147c6686c', 545000, 35706, 0, 1, 10, 2),
('64cbce98-7590-49fc-9fc2-9014cbed9911', '537a49fc-6a72-45c1-9f14-d1fb6d65f683', '8eee50de-cc0c-474c-bb06-09da79fdd0ba', 339000, 29588, 1, 2, 3, 6),
('6501078e-2ac4-4651-9a38-10975369a87d', '2b696c5d-9cc6-4f15-b533-47b7a35f64d2', 'dc7c88ae-9a9b-4008-9895-bad0dbef65f6', 443000, 21196, 1, 1, 5, 0),
('6548eed9-b883-449f-abba-4e1c173afbc2', '363d9210-f1a5-410f-b615-851541dafc47', '1c608df5-8352-4b5b-b223-a0e32698e454', 526000, 8644, 1, 1, 4, 1),
('658aa9d6-7f0a-466c-8afe-54339a10772a', '9dd4b85b-01be-4d00-9e47-cb0944c97456', '49fb7327-e138-44dc-bffd-485569204f2e', 298000, 46592, 1, 1, 33, 6),
('6594e721-764f-4ce7-8cae-933670ed9074', '890c4621-6455-46ea-81f9-d4638b592f3d', '01f54677-62c6-4a73-acf2-28ea75d74334', 299000, 44009, 0, 1, 8, 2),
('65a5a72c-d9d9-4e7e-a84e-9f904610863a', 'cf01b625-dba6-47d6-92d7-2287b9850437', 'ddff6107-9001-4d0d-a853-9bb70b9ab035', 489000, 63339, 0, 2, 0, 0),
('66009236-f7ed-4681-9e67-10ad6237b2c6', '68065598-0a46-4648-b330-de4f847073d0', 'cf36689f-9e1b-4083-a897-6a7851984671', 392000, 13628, 0, 1, 28, 4),
('6600b174-9c45-4419-9178-7183897b0e2e', '9dd4b85b-01be-4d00-9e47-cb0944c97456', '2b42f7c0-5203-463d-a018-ce2ce4c21754', 466000, 36411, 1, 2, 9, 0),
('6677e282-b0f8-41eb-8b59-2e9d37d9983b', 'd9de8d89-f2c8-4860-b17f-3f522ee5aa72', 'd2c8022f-7d94-4032-a87a-59eb87524c6c', 208000, 103867, 0, 2, 35, 10),
('668a8e3a-6dd6-48f0-8042-36cd4f2e9c59', '72828d79-0796-4b70-a3ef-b3815093e160', '5c48381c-b15a-4e0c-bca5-527a8c8db115', 407000, 22156, 0, 1, 0, 0),
('66a14ea8-716c-43b2-aec8-3c59975cb3af', '74ea14fe-10a2-42a8-a647-cd54f61fe382', '4cd092b8-e12c-4725-8379-e558a88c033b', 1062000, 24062, 1, 1, 8, 3),
('66bc23cd-4d38-4f61-99be-55e6ad28ce9e', '0c119b17-923c-4d54-ac59-5ac7acbdcf47', '65808d75-c6a5-4558-972e-f19994b256fd', 744000, 72538, 1, 1, 6, 8),
('66df4619-d7a4-4a1a-9572-c4441201a93b', '7103fd54-00c1-4a99-99cb-cecc23ba7c03', 'e0335740-b3d8-4d26-a435-58bd2748d528', 610000, 73984, 1, 1, 2, 5),
('66e3ebb2-d91d-49ba-9ec3-d6517c3a62b8', '1eed0924-316f-4758-b1c3-75d3dbde732f', '711a1ab9-a557-48eb-b452-88c10a5da3ea', 614000, 11054, 1, 1, 8, 3),
('672edb1b-b7f8-480c-b118-078d27e5c23d', 'd229d796-50be-457d-9a2e-78bec74957ac', '19ced1d9-222d-4df6-8a16-02a70424c4d2', 246000, 64539, 0, 2, 0, 0),
('681a834f-777c-403c-a7fe-be26354491b5', '81649930-dcde-459b-8e4f-1509111127eb', 'dbd3bb41-f089-4289-b77e-43774433bda2', 594000, 27356, 1, 2, 10, 0),
('684fa841-6bed-473e-bb11-744bd35c85a2', '5f25da18-6be6-4ffa-94f2-40b4e761b6f0', '679f2404-f8b6-4fcd-a12f-e71bfc129314', 587000, 13106, 1, 1, 7, 3),
('685073b4-4eb2-4429-9858-fbaec1ecc24b', 'cdc72b68-8d08-43e6-824d-8677f5a057aa', 'e93c26ba-d086-4062-8758-148a855a99d4', 504000, 94757, 1, 1, 16, 7),
('686dae1a-d2e7-4c66-9d39-08a055e8ab8b', 'aa93b8ad-a974-42a9-9764-aaaffaa21a5f', '97f9b6a3-927a-4135-9efc-0cab2a5d06af', 466000, 75750, 0, 2, 20, 0),
('6874c6f0-4336-4f35-8075-0f383da23fa1', 'f22e23ec-8865-4c22-a211-4f043b9cde9d', '666606d3-3f16-419d-a90e-64ac290ade39', 1108000, 20888, 1, 1, 1, 0),
('688a08bf-f65d-44d0-9054-e92ab736d80d', '7103fd54-00c1-4a99-99cb-cecc23ba7c03', 'ac1747c9-7666-42b2-8a4f-cdf0fddac2dc', 377000, 13283, 1, 1, 10, 1),
('688fa585-c023-4360-900f-0160583dd510', '191c3114-50ef-4043-989f-1e97f8e9a877', '9c521612-059a-4d80-9649-bdf5bdb66701', 529000, 25230, 1, 1, 5, 3),
('68e58dd9-3528-4e68-80a3-d7b655ee278f', 'd9de8d89-f2c8-4860-b17f-3f522ee5aa72', '150ea407-422a-4348-bc3f-854bad2b4e31', 593000, 40276, 1, 2, 4, 1),
('68ffe292-6269-413b-b0bb-038537ecfba3', '0cf9c0a7-8bf6-4e7d-ba3d-fc6a78405821', '58accfe3-580e-49ac-bfb3-514863ca55bd', 519000, 34196, 1, 1, 1, 0),
('6922a86d-f8fa-487c-8443-b2093296e46c', '2ca59f3d-0c0b-4265-9bd3-af5216f30573', '994c364d-71ab-44c9-b5c4-aa60098eeb9b', 319000, 41155, 0, 1, 17, 5),
('694f3485-18b7-4c67-8032-996c8a85f361', 'aa93b8ad-a974-42a9-9764-aaaffaa21a5f', 'd4da91c9-5076-4218-bab3-d0ca6b7037b3', 450000, 7184, 0, 1, 3, 0),
('69a673cb-88b2-4f81-a05d-971d7a97359e', 'e957aaf0-325c-4d18-ae3f-51ff22169868', '54f94144-a118-4af7-b8ce-69700d029e3a', 622000, 80139, 1, 1, 17, 7),
('69eca734-2a0d-4f6d-820f-420739b79a48', '5d7d44c0-ef9b-44c2-9297-4ae01e5e14e7', '47f88a26-6f33-4ee3-a4e0-d6009f6cc2d3', 436000, 46355, 0, 1, 10, 1),
('6a6aa689-d444-4075-8abc-132a87c4c8c2', 'a21a4edd-5d3c-4bf9-9357-b6202d613cd8', '4220c2b2-e3c0-4538-a731-dd77bd610881', 722000, 82882, 0, 1, 19, 8),
('6a7866b6-33be-4903-854f-a9df7bd91285', 'd3d9e1f5-b590-4042-8ef8-63783f1d8249', '22f8736e-a819-4488-a223-b24521f6b886', 517000, 10280, 0, 1, 2, 0),
('6a947f0c-21d8-4f84-95c0-94bb8e5a7d4d', 'a21a4edd-5d3c-4bf9-9357-b6202d613cd8', '00df7d69-c0cb-42b0-8df5-0be6e2c6513b', 514000, 77148, 1, 1, 5, 3),
('6a9ad037-0b6b-41b5-8da0-0908ebbb4397', 'e957aaf0-325c-4d18-ae3f-51ff22169868', '0379f222-0131-410e-8e3a-6961683f17af', 604000, 41436, 0, 1, 5, 9),
('6a9db6fb-b940-4869-aa71-683c4ad1a568', '520a7045-c07f-4711-8f71-eb04ce262de3', 'a99dc110-6bfc-42fb-8047-3e1e12078df8', 850000, 11395, 1, 1, 13, 4),
('6aa5ccb4-c754-465d-908d-09779d55ca0f', '7ec5e70b-bca7-4a25-a2c6-f75dcbf87638', '30835a47-e53a-4ef8-86ec-dbac947872a1', 571000, 92745, 0, 2, 15, 3),
('6ae2531f-8bba-4865-adf8-b9c5d8fb9116', 'c71446ba-868f-4ff8-951d-0005c98617e1', '1e47f51b-6a61-477d-9897-391ed06c30ae', 435000, 70873, 0, 1, 10, 0),
('6b149eae-d46d-4c64-bae2-e9748c48cd87', 'ea396f95-de4c-45a4-88e0-4420e8b3a58a', '1c16a4b8-5409-40b9-8da1-c8ec210ea902', 497000, 48242, 1, 2, 8, 3),
('6b42dae3-09c5-478c-8631-ac4c39a5af63', '2857cce6-cb7d-46db-8ac2-c1bc6f1da9c1', 'cafc1ddb-c5eb-4e74-98b5-c02759a8ed84', 378000, 116413, 1, 1, 0, 0),
('6b8e644f-8494-4989-a9ec-c8595ac0efbb', '89be7c40-19b9-4117-b5e6-855fc80ffbe4', '6013379d-3e95-48fb-9f71-de602dcff7fa', 589000, 1958, 1, 1, 4, 0),
('6ba9c90a-02ba-4f41-9f66-477a8afcb072', '5aa9281f-6881-42c6-8422-4548a2fee763', '0f7733b4-7e1c-46e7-88e8-d53288c0fa51', 840000, 70110, 0, 1, 0, 0),
('6bfed435-2a88-4cdc-aa6e-b1942bde6173', '8a32412e-51a7-448e-9467-79869e9e7e99', '0379f222-0131-410e-8e3a-6961683f17af', 645000, 7386, 1, 1, 4, 0),
('6c2aa28e-98f9-46d4-a6d6-16138d7ac667', '116b5dbc-0172-44ab-b153-740aa9c9d31e', 'ef179f91-b0db-4e67-965e-2b1637722a86', 682000, 53792, 1, 1, 19, 3),
('6c4864e4-3ac2-41f8-94dc-24d5a27a7517', 'd79b2a18-ba4f-4116-b8e8-1c20ea3ac317', '81300974-d081-4ac6-be39-c0c271c040a5', 823000, 26477, 0, 2, 3, 0),
('6c596e70-9c59-4627-89b3-70fd54f7b057', '6ac95144-ca5d-4519-a196-2b10e5391e00', 'e64883c0-c012-4e07-95f9-7f8f1513e2ab', 755000, 12567, 0, 1, 6, 1),
('6c7f2e3f-e96f-452b-9706-fae535dc948f', '6701adba-0d86-497c-8c6b-e9547571a2d9', '30ba45a4-a6d3-4334-b2d8-eb790d0d5dd5', 520000, 62978, 0, 1, 4, 2),
('6cb23c32-89a7-428f-ad42-d5d748182631', 'ad384e62-1875-43d3-9878-6da45dc20e4b', '3940933d-fab7-4f72-b884-63bf54d0c559', 630000, 43343, 1, 1, 10, 9),
('6cc18080-b93b-49bc-b5af-a7af22d38d70', '0c119b17-923c-4d54-ac59-5ac7acbdcf47', '97f9b6a3-927a-4135-9efc-0cab2a5d06af', 429000, 54507, 1, 1, 0, 0),
('6cef746d-4d65-4a6a-b3ec-7a0beccc6ceb', 'bd7a62fa-18c1-4da1-a4ad-7fc7585926f1', '7c724a4c-2758-4790-87d2-9619efaefca7', 363000, 46241, 0, 2, 1, 1),
('6d0059d3-ddb7-49b9-9c35-6b9c0b5807c3', 'ea396f95-de4c-45a4-88e0-4420e8b3a58a', '19ced1d9-222d-4df6-8a16-02a70424c4d2', 280000, 67447, 1, 1, 16, 3),
('6d036049-ba58-4563-b5cd-073888f14617', '1f9a7cb0-bf24-4a40-9f11-eaacfcca5638', '8000f630-8a2a-4fe9-81bb-5682556866e6', 388000, 97699, 0, 1, 0, 0),
('6d1bbf3b-a32a-4405-a91f-f938791d4b11', 'e957aaf0-325c-4d18-ae3f-51ff22169868', '4cc23a4f-870b-4c4f-b09f-34dd83dc44b0', 665000, 40789, 1, 1, 32, 5),
('6d37a4b1-302d-4925-af68-5b247a72b4a1', '4765ee38-5f57-4a74-964c-a14565a0378e', '7f647d69-e5b6-4ed9-86a4-5c49606968d6', 406000, 63194, 1, 1, 19, 6),
('6d45e7f4-4980-4060-92c0-bd52c4b12648', 'd6e852a0-e98d-4632-93c5-bb3e80b42c48', '40ced1c5-bdaa-4aac-8f55-fa174094fb3f', 697000, 109407, 0, 1, 35, 5),
('6df4ec41-a1b2-4717-8ec8-0b29598965e0', '530d78e8-e1a2-40a8-bae1-82c2b1f9c521', 'fb14b9d0-5329-4c15-8bb7-4e955d4f68d5', 201000, 31824, 0, 3, 20, 5),
('6e09343e-7b7f-4fbd-9c55-552a8214a7be', 'b988f6f0-43be-4f45-9b80-d95ec51257e2', '15b4559f-18e6-4b14-a91c-67f1691e1190', 465000, 40092, 1, 2, 6, 6),
('6e1ad384-060a-4952-9d76-a0df3cb9bcc3', '116b5dbc-0172-44ab-b153-740aa9c9d31e', '7703a979-2405-454f-932a-e410fbaeec64', 705000, 41774, 1, 1, 0, 0),
('6ea62424-e343-4535-8866-b732f26f0612', '8d65ff84-99fc-402e-bf22-37ae8bfd5e43', '91cb9d00-943d-4d48-889a-37e9d10b38cb', 1213000, 24494, 1, 1, 1, 0),
('6f201968-b049-43ce-81be-7576112958fe', 'd93d8e87-522c-4547-afd5-a8dafa582394', 'e69ba9cc-6aa1-40df-b884-a2a4b50d6317', 322000, 86282, 0, 2, 0, 0),
('6f22dfac-427c-4fa9-97f8-05aaa9a3d396', 'd58dbf41-cd08-4a6c-a4e8-c093f378c534', '783395b2-8450-4b44-a0e7-bbd4a75d1cf4', 300000, 34461, 1, 1, 0, 0),
('6fa48ada-7c5b-4242-ab83-6a18cffb8a93', 'd229d796-50be-457d-9a2e-78bec74957ac', '1591c5fd-f29f-48a5-9a4b-2b03559efd4c', 677000, 32117, 1, 2, 16, 3),
('6fb26b9a-0cce-472e-a78c-35ef9e70f1bc', '57ccd994-133e-47f8-aaeb-f98610b4ff49', 'ef5341a3-9bd4-4434-bc17-0fe48ca04ca5', 312000, 81895, 1, 1, 6, 5),
('7003ebf1-d711-403e-8e2d-bf9a89909da2', 'd229d796-50be-457d-9a2e-78bec74957ac', '8eaf6166-3a08-4dbf-94ef-cd7d6a67a814', 1220000, 43830, 1, 1, 3, 4),
('7009d287-4c1a-41e9-acb6-3ddf3cddfcde', '191c3114-50ef-4043-989f-1e97f8e9a877', '85e4671d-54d7-4359-813f-831658aeec94', 679000, 62062, 0, 1, 1, 0),
('702f1e08-2a94-433e-b892-084f3dfc6608', '0164f8cc-f157-4be2-ad52-d75c20349364', '08b1eb08-3e65-452b-86eb-aed4b9cec228', 297000, 54292, 0, 1, 31, 10),
('70677e57-4587-41fa-a8b5-3569aeefd74a', '5f25da18-6be6-4ffa-94f2-40b4e761b6f0', 'aa856a7e-a83b-4a7b-9ceb-b1043c75fc0c', 1155000, 20619, 0, 1, 1, 0),
('709550d6-ef2b-4d39-9c27-c461f1859190', '7aba5951-af19-4be0-8aa7-753843bdfb0f', '2c5269bd-4afd-43ce-ad22-1e4259a0017d', 511000, 33972, 1, 1, 10, 5),
('7108ff72-28cc-41ae-93f6-72844aab15c3', '7693a493-2521-4c2d-8264-c94a7cb31a92', '7eb44f25-34c2-4231-9214-780b55c1bf65', 211000, 67219, 1, 2, 9, 6),
('7109ac33-d3a3-4d9a-a7f3-c5bb12d755e4', '2283c75e-e44d-4077-a1af-fa95d9a7cdbf', '8b676aea-e48b-4eb4-ae53-505eaf28b82b', 320000, 46028, 1, 2, 14, 9),
('711a4058-58bf-4cb1-bd2a-174e1bc99262', 'f0b90cdf-8983-4137-ac16-ac558f22a892', '69720727-22f0-4475-b9eb-29e22713ae76', 680000, 33499, 1, 2, 20, 3),
('71304cc8-68cd-4fb3-a4a9-4aa2d6d0bfa9', '891c34da-b563-4412-9d7d-936f880b21c8', '44167c1c-3668-4ece-9814-ba016014619c', 490000, 35049, 1, 1, 0, 0),
('7153ec3c-f03d-4043-8eaa-549818d67d0a', '678bd763-e901-4966-836a-f22e26e8c802', 'aaf32e95-44e4-417d-9d1c-f3ee40f6eb57', 544000, 27135, 0, 1, 23, 2),
('7160e41c-6684-4d9b-b265-41c2f7737488', '1f9a7cb0-bf24-4a40-9f11-eaacfcca5638', 'e93c26ba-d086-4062-8758-148a855a99d4', 568000, 105815, 1, 2, 15, 4),
('71831a8c-e440-4045-8a45-fcab15cf3495', 'e2f1826b-7d18-422b-8c20-8e2511d5775d', '13957560-c601-46a2-b2e8-90e0b49f142e', 451000, 62067, 0, 1, 35, 8),
('71b1f0f7-4db2-4867-9694-ceab071d92b6', '239a6410-a8af-49fd-a1a3-7a2e3ff891bb', '4d3d2b26-9032-40b1-a493-4ee6ff9fe7c8', 915000, 35472, 1, 1, 25, 3),
('71ceac13-86c6-4917-91b6-0572c1f0d417', '2ca59f3d-0c0b-4265-9bd3-af5216f30573', '43895574-95df-4fdb-98d4-b3a5bc0e8c31', 413000, 81204, 1, 1, 14, 5),
('71d7d9ce-caf0-413c-afde-068eab7c698f', '6ac95144-ca5d-4519-a196-2b10e5391e00', 'aaf32e95-44e4-417d-9d1c-f3ee40f6eb57', 503000, 31714, 0, 1, 12, 5),
('71fe6824-2e40-4103-87a0-e28a33cebce9', '0cf9c0a7-8bf6-4e7d-ba3d-fc6a78405821', 'da17a240-781f-43f2-ad76-463d784876ed', 283000, 61671, 1, 1, 16, 3),
('721e916d-c930-437a-b9dc-a6c29b1b3d1a', '264b0790-82ed-41b3-b08e-16eb4a2b2aa7', '244f88f7-44c0-453c-8eb9-dd045d0337e1', 286000, 57444, 1, 1, 35, 3),
('723566e7-b882-4246-8fc5-28553ba6e849', '74ea14fe-10a2-42a8-a647-cd54f61fe382', '13e728c6-1508-4219-b5c9-0646fff88a1c', 665000, 31504, 0, 1, 10, 4),
('72635a7a-c444-4f52-92da-60443258a8f3', '7531bbae-cb98-4f0b-8486-ebe6b1797d24', 'ee8c5f33-7d65-4142-a2cb-b741fa502d96', 629000, 73813, 0, 2, 16, 10),
('7301c5b1-9b16-4ea7-8be7-9fbe7fe0a705', '264b0790-82ed-41b3-b08e-16eb4a2b2aa7', '9da8c5be-ab53-441f-915f-dd545f809df8', 526000, 87163, 1, 1, 17, 5),
('73022eb1-624f-4b01-b105-1eb3724578d5', '75d89fb0-2033-44d5-afc3-2e57faf58126', '084f0d5e-0050-4b2c-ae0f-d124d018dac5', 462000, 31440, 0, 1, 15, 5),
('7309291d-0e9b-4f00-8a19-f2ec2dfb7a23', '0cf9c0a7-8bf6-4e7d-ba3d-fc6a78405821', 'b8fbc3cb-8dce-472e-9d85-5dcbd8c6b8ab', 294000, 115715, 1, 1, 15, 2),
('7319522e-6054-47e5-bc60-21e455bdb4a0', 'b26d4a6b-6589-4d53-8893-57e3fb62785c', '97f9b6a3-927a-4135-9efc-0cab2a5d06af', 371000, 53120, 0, 1, 5, 3),
('73474b89-846f-4559-9a95-9e8ef68630a6', '51c16919-816c-4c0c-b1c9-37f4d01fa133', '4cc7ce52-0b36-4f12-89e9-0828d33aca11', 371000, 43944, 1, 2, 14, 0),
('73b1ddd9-598c-4181-b378-94d2bf5ef414', '6ac95144-ca5d-4519-a196-2b10e5391e00', '97f9b6a3-927a-4135-9efc-0cab2a5d06af', 428000, 17595, 1, 2, 0, 0),
('73eac8ae-5045-4a64-a530-bd77d3078894', '74dd689f-2aab-4cf1-9a46-9b4d2114514e', '6d1c3a57-4ebc-4137-b3c5-0698e2989560', 369000, 30651, 1, 1, 6, 2),
('7406e38b-c176-43f1-992d-f4bb3f3a2ca9', '9490722f-a305-4625-a7bb-38271ccfa2fd', '43895574-95df-4fdb-98d4-b3a5bc0e8c31', 452000, 38004, 0, 2, 19, 1),
('745e4994-d7f7-4752-be96-87aed4583972', '66bbd2f8-041c-438b-a514-03541a161906', '5cf843fc-f01b-42ae-998e-080a6a5c58be', 599000, 10783, 1, 1, 11, 2),
('74b3b541-394e-43e7-833f-470b60ccd6e0', '9bfd83de-0b5d-4ee8-86cb-490fd55eced2', '649a6e9f-8ff1-4d47-8b84-5d6711895ac2', 635000, 90015, 1, 2, 10, 6),
('74b4e2d2-4835-42a8-bf63-eb9c76cca6e9', '6701adba-0d86-497c-8c6b-e9547571a2d9', '438fa9bb-7c29-4755-af99-9d578fcecb21', 418000, 59471, 1, 3, 4, 7),
('74b97d7b-94a3-4875-841a-68ec235b8cc3', '31fb5182-7e7c-4f49-89dd-73c9d2f72997', '7809b32d-88fc-4a24-8be4-2b43bc33ce31', 625000, 53293, 0, 1, 25, 3),
('750f2105-8cf5-40fd-81b9-901c1466dce7', 'a61b1347-d898-4170-bc27-dc9bd73d7303', '60ffe228-fb7e-479e-aea7-cecb53ee0232', 673000, 77413, 0, 2, 9, 6),
('751245e6-0ce8-4a76-93bf-460eeafbc14d', '79f6d774-8966-4497-ab9d-1aa8111e9be6', '7dadabf7-7729-4d8b-859c-07607a548e0a', 495000, 95738, 0, 2, 10, 9),
('7562e663-0c78-4bb8-9031-5d8d8f4e4da5', 'd9de8d89-f2c8-4860-b17f-3f522ee5aa72', '3ba749c6-b815-4335-8fd6-935dd2d5b66e', 397000, 11942, 1, 1, 19, 5),
('75fec1fc-76b6-4378-bbed-2de49e9d790f', '900f20b0-da96-4175-93d8-2b8364b47c42', '4bf922ad-4051-4c63-9717-f9c462624b67', 366000, 82552, 1, 1, 10, 3),
('76337153-8fac-4887-b57d-c9c12b9108ce', '741d3006-aa27-4331-9dfe-ada10ac544b7', '244f88f7-44c0-453c-8eb9-dd045d0337e1', 275000, 45304, 0, 1, 13, 12),
('763773c4-5799-4e5e-af12-c4bf9769e50c', '741d3006-aa27-4331-9dfe-ada10ac544b7', '783395b2-8450-4b44-a0e7-bbd4a75d1cf4', 277000, 49061, 1, 1, 10, 5),
('7640be98-a4d6-405f-b4dc-a0b3620f52b4', '007e7b4c-2b23-4f5e-8c25-e640693776f0', '5cc76971-71ff-42ae-8de2-f833f64f99ac', 527000, 98752, 1, 1, 6, 1),
('7649af23-f079-4c05-9755-e6221e414b32', 'a0063fba-d481-40aa-b01e-d065e4da3cc4', '681b47f6-0bd3-47bf-94ed-9fa3dc8b6848', 416000, 61039, 1, 1, 15, 1),
('765a21bf-502d-4dc3-8943-3691a29ea691', '363d9210-f1a5-410f-b615-851541dafc47', '75a79bdc-5efc-4917-98aa-0090a4eab982', 365000, 22765, 1, 1, 6, 6),
('766b4807-9de8-445f-843b-ca68ccef8ca6', '6f40b8c1-c12a-447e-a190-8f2576977578', 'b4ed6027-353a-4883-9db5-33d6026c27f4', 392000, 24463, 1, 1, 15, 7),
('76993f90-60af-467c-9bf7-3e3cde419a86', '9bfd83de-0b5d-4ee8-86cb-490fd55eced2', 'fb45784a-41ef-48b5-a50b-9765950aa24b', 679000, 43851, 0, 1, 1, 0),
('76c43c2b-776b-49b4-b5ad-a8f47e09124e', '51c16919-816c-4c0c-b1c9-37f4d01fa133', '5ef414bb-ceb8-41b6-80f9-2d51049f0487', 376000, 57012, 1, 2, 13, 2),
('76f723e3-7c84-4290-b346-bdce6df5c684', 'b988f6f0-43be-4f45-9b80-d95ec51257e2', '60ffe228-fb7e-479e-aea7-cecb53ee0232', 640000, 95453, 1, 1, 2, 3),
('77104d73-896e-41b4-94ee-d640605f1519', 'd93d8e87-522c-4547-afd5-a8dafa582394', '871cea70-cd9e-4d70-98a8-0ed8206a62ff', 567000, 76121, 1, 1, 6, 3),
('7712cf3f-9caa-4671-907e-f0f9f83081f3', '6f40b8c1-c12a-447e-a190-8f2576977578', '6f247095-143f-42bc-bd0b-c3eac7333ddf', 599000, 68760, 0, 1, 11, 4),
('771ceb25-717f-45dd-a91f-dc1b0c51a07a', '924e7e20-eebc-495c-b7a1-ae04ebe45a5a', '0379f222-0131-410e-8e3a-6961683f17af', 644000, 28415, 1, 1, 14, 3),
('773d17a3-46e6-499e-8005-1e5f0fe37ca8', 'd79b2a18-ba4f-4116-b8e8-1c20ea3ac317', '5abea582-6ebb-4dde-b0fd-faa2d24d8970', 470000, 22148, 1, 1, 14, 7),
('774f7860-044e-43ea-bd6e-aeb156dcd96e', '13c665e0-3022-4741-bd6b-a31dea918ff3', 'a6492ad6-2e67-4944-98be-5f3d287376a9', 921000, 54342, 1, 1, 12, 0),
('779097d4-e742-4de4-a837-c191bebce38d', '7ec5e70b-bca7-4a25-a2c6-f75dcbf87638', 'fb14b9d0-5329-4c15-8bb7-4e955d4f68d5', 245000, 53178, 0, 3, 31, 2);
INSERT INTO `transaction` (`id_transaction`, `id_customer`, `id_model`, `price`, `km_driven`, `spare_key`, `ownership`, `imperfections`, `repainted_parts`) VALUES
('77d19729-8999-45c5-a9ab-ab5b7420b1e4', 'aa93b8ad-a974-42a9-9764-aaaffaa21a5f', '0ba2d2c5-1b17-4adf-bb68-e7f563a67b0f', 373000, 91668, 1, 1, 12, 7),
('77f0e0af-5030-403e-aa69-fb8df2f84cad', '75d89fb0-2033-44d5-afc3-2e57faf58126', '438fa9bb-7c29-4755-af99-9d578fcecb21', 349000, 102460, 0, 1, 6, 9),
('7856bdd1-c2ba-4849-8cca-7995f8e74bff', '6ac95144-ca5d-4519-a196-2b10e5391e00', '957e0a61-3c49-469c-aef8-d4ca1ba6988e', 650000, 3760, 1, 2, 1, 0),
('78ba27c3-e68f-4ecc-b695-f55964dcd48b', '31b5d41b-9825-440b-8c83-db7fab6cf750', '4050cc94-6040-4a52-a6e5-048d898ea24b', 470000, 89506, 1, 1, 8, 7),
('78c36c33-a890-4363-9149-04c452adeb83', '2c6a0988-53be-4807-96cb-c69e352ce7e9', '2795a635-8c36-4ac4-a777-2555af78cf66', 1007000, 33525, 1, 1, 0, 0),
('78d36d68-a676-469d-a3c3-8f52d2d15837', 'f3069ab9-1b09-4a0d-b0cf-913c680be71b', 'caa3f236-839e-45cb-b4cd-42b5f022ed8d', 594000, 27841, 0, 1, 6, 3),
('78fe74ca-b97c-4a38-9842-c3b092c05a90', '5ba308b2-5e06-4e87-b6e3-a428062e5a45', 'c6a65868-1594-4ec1-a548-0a7a05bf1612', 508000, 66530, 1, 1, 16, 4),
('792a4860-5912-43b4-9768-88b8e9711db4', 'f71c082a-7648-4a50-b161-bc36cbd1f9b1', '7c724a4c-2758-4790-87d2-9619efaefca7', 394000, 39773, 0, 1, 6, 1),
('792eaa8a-3dd2-4f65-9507-85cdf0fc2872', '0cf9c0a7-8bf6-4e7d-ba3d-fc6a78405821', 'be56ccef-90eb-44b4-aa51-0137713510ca', 560000, 99905, 1, 1, 13, 9),
('79384be4-9770-4bfd-9b99-4bf4f03127e6', '9b576a1b-9739-426a-afa7-b811ffddf74a', '38311a45-5b15-49ce-8373-3eac576f51f7', 493000, 60410, 1, 1, 7, 2),
('79764727-5fe1-4f7a-a605-2f798337fdc5', '16c0d5aa-c5da-4b5d-85f7-8d6f4dd71e30', '994c364d-71ab-44c9-b5c4-aa60098eeb9b', 329000, 43424, 0, 1, 11, 2),
('797b9709-b804-4a40-b3a7-1c7aa1d80252', '61019ff3-a3fc-4d26-a954-6d23f1562696', '08b1eb08-3e65-452b-86eb-aed4b9cec228', 287000, 48618, 0, 1, 29, 9),
('79d588ed-65b9-457c-87d5-7efea3969f35', '9490722f-a305-4625-a7bb-38271ccfa2fd', '871cea70-cd9e-4d70-98a8-0ed8206a62ff', 535000, 69911, 1, 2, 6, 3),
('79df9e3c-b3ed-444b-8b19-af94555ec6f8', 'e957aaf0-325c-4d18-ae3f-51ff22169868', 'ea84aae7-ae43-4128-afb2-b96866660b33', 436000, 55485, 0, 1, 9, 0),
('7a029e01-caa2-48e3-968a-e44047035ffe', '19000518-af0c-4b0b-947d-4979801c2dfc', 'd7762f6c-9149-45b4-8251-537720ad86f3', 653000, 24902, 1, 2, 30, 1),
('7a295b24-6382-458c-a0a9-8643a758ca0f', '318960ba-4ecf-4289-82c6-e92f74f6748a', '23c484ac-d178-46c8-bf39-ca3157a90af9', 560000, 53462, 0, 1, 0, 0),
('7a7ac067-a2d9-478e-96cf-0e38739de8d0', 'd229d796-50be-457d-9a2e-78bec74957ac', 'f5ba138a-93a5-4c91-b42c-e05361db723e', 1123000, 38819, 1, 1, 6, 1),
('7a891c36-62ad-4489-b7d3-829438163a0a', '44b82fa5-ab25-4b3e-ad61-f62647dfa54c', 'f64388cf-a87c-44b8-9123-0eb275d3d8c3', 464000, 19085, 1, 1, 3, 3),
('7ac6443b-8d3f-4d84-8c61-938f6463f769', '32832771-b0d6-48af-863e-acdb17c0a35d', '4ff83af9-0714-41d0-8281-759005b25124', 245000, 18101, 1, 1, 0, 0),
('7af63545-e4c5-4031-a54e-bb1cf094855b', '0f23090d-793c-4d8d-9ab3-c95e5a923042', 'dfb4ea38-745a-4595-82d8-4b7135f4a9c3', 327000, 73092, 1, 2, 29, 1),
('7aff2e70-ce3a-424b-9e8c-771d4ef356b5', '75d89fb0-2033-44d5-afc3-2e57faf58126', '3f67d20c-42d8-42ba-9b68-f9ac473d0336', 607000, 29219, 1, 1, 13, 3),
('7aff6853-fdd7-4e1e-b10c-e4405ed94712', '2fd09d39-0dee-4727-8c13-22d3911955c3', '841048b4-f719-4873-bc7f-0c928f7a9f83', 664000, 19029, 1, 1, 1, 2),
('7b1782a5-2c75-487d-b97b-b24a6fa74c1f', '78f782d3-7199-4210-821c-afc336390cd4', '36288c8c-4343-4a51-98e9-b1da5b60f0e9', 536000, 106179, 1, 2, 20, 4),
('7b254eaf-82c1-4ca5-8917-691f03898a51', 'b63763de-568b-4525-85c9-b65fb31c7883', 'e0cb8ab6-7c72-42da-9372-f3e2e9b9817e', 526000, 77053, 1, 1, 4, 4),
('7b732410-4dda-4123-ac3d-c955672a2c98', 'd93d8e87-522c-4547-afd5-a8dafa582394', 'f65d4911-6c9f-47d6-b438-1520cf63f6d8', 501000, 27734, 1, 1, 7, 2),
('7bd39ec5-3f67-400f-bcb3-f9aaa2af5e7f', 'd3d9e1f5-b590-4042-8ef8-63783f1d8249', 'afe1acba-6b9f-41e7-9225-1bd75e6353ab', 441000, 27670, 1, 2, 1, 3),
('7be1cfc6-6c5a-4e8d-a4e1-fd5db7971527', '9b576a1b-9739-426a-afa7-b811ffddf74a', '39e5e191-93a9-401f-b205-45e73ab228d9', 1091000, 23690, 1, 1, 0, 0),
('7c1d635a-5b43-460d-a7c2-fc195fa6c560', '06d935fe-5a9b-463e-a8ab-84b4e6820502', '72c79ccd-2e7d-4ec7-a496-68d163ebced9', 516000, 36970, 1, 1, 6, 9),
('7c48e30e-8293-486c-99b6-4db5525ed5e9', '9cce89e1-efed-4ae2-8c1f-a16b9ae919f0', 'a6492ad6-2e67-4944-98be-5f3d287376a9', 956000, 48847, 1, 2, 1, 0),
('7c4ef9f5-15ef-4db2-b33b-363113ba73c3', '2f94a7ad-e780-461e-8863-56a64bd44e8a', '08b1eb08-3e65-452b-86eb-aed4b9cec228', 376000, 104807, 1, 3, 0, 0),
('7c7dfdf8-2606-492d-906f-5a685a14cdd6', '4765ee38-5f57-4a74-964c-a14565a0378e', '9c521612-059a-4d80-9649-bdf5bdb66701', 520000, 57184, 1, 1, 3, 2),
('7c7f191a-8c4b-4717-9795-2f88c3b38735', '13c665e0-3022-4741-bd6b-a31dea918ff3', '9477c72b-67a7-4d9f-9601-eed3118bf18e', 411000, 110904, 0, 2, 32, 11),
('7d05082c-14b5-407c-9ffa-91ed470b1877', '16c0d5aa-c5da-4b5d-85f7-8d6f4dd71e30', '8000f630-8a2a-4fe9-81bb-5682556866e6', 463000, 64557, 1, 1, 0, 0),
('7d1132ef-51b0-42ca-842c-7838964f9948', '31b5d41b-9825-440b-8c83-db7fab6cf750', 'd83a7c35-6536-41b1-a00a-a244552a4a3e', 562000, 27051, 1, 1, 8, 1),
('7d3389ef-41df-4164-aae0-66c20d4fa868', '2857cce6-cb7d-46db-8ac2-c1bc6f1da9c1', '0379f222-0131-410e-8e3a-6961683f17af', 633000, 29923, 1, 1, 10, 4),
('7d3998a5-d596-441f-8fdc-b0200205a10e', 'a6805054-4191-4d43-ada3-a807a78f15ef', '114d99a6-7190-434c-bef6-4b979c1917e5', 602000, 70911, 1, 1, 11, 3),
('7d8b8711-c4d8-4e36-852b-e4244188a8ee', '25547234-a84e-4fba-be08-c0ea3436124b', 'dc712551-579f-4b79-8a79-3b30737ea3be', 610000, 91417, 1, 2, 11, 4),
('7dd010b3-41c9-4c8d-9a12-c5675bd21ac2', '530d78e8-e1a2-40a8-bae1-82c2b1f9c521', '01f54677-62c6-4a73-acf2-28ea75d74334', 297000, 44631, 1, 1, 0, 0),
('7dd33db5-523b-4290-abfc-edd061611b3d', 'cf24e1f0-154f-48f8-ab3f-f55d6c2c342f', 'c92fd525-581a-4ad8-80dc-9120887b0dbd', 385000, 51758, 0, 2, 12, 8),
('7de39f52-f3c1-4a18-a67c-247589cc0f55', '32832771-b0d6-48af-863e-acdb17c0a35d', '3f518d41-fbc5-4067-8ddb-bc1e2e6049c3', 1069000, 59304, 0, 1, 1, 0),
('7e327d0b-153b-46d0-b4cb-e0349a304f62', '0f23090d-793c-4d8d-9ab3-c95e5a923042', '23c484ac-d178-46c8-bf39-ca3157a90af9', 507000, 8433, 1, 2, 6, 6),
('7e7fd4be-7c50-40aa-99de-5d9dc5aa8fe1', '2677ef4a-2fd4-43cd-a9cf-63c68c578191', 'f6484daa-d5d9-4561-b092-a8e44ccf9df7', 563000, 28788, 0, 1, 9, 0),
('7e97b56b-e2ed-489e-bf95-b10b35ce774b', 'ebae3726-cfa4-4413-9eff-b5ce669e62f4', 'b35ad8e9-c137-4d3d-bfe2-66d8d8857f40', 250000, 99832, 0, 2, 36, 2),
('7f1abb89-aec4-4793-8dd8-804d17062653', '318960ba-4ecf-4289-82c6-e92f74f6748a', '1c16a4b8-5409-40b9-8da1-c8ec210ea902', 419000, 94626, 1, 1, 6, 3),
('7f1f0ff0-c931-49dd-981a-c6e2ad421e7a', '8d65ff84-99fc-402e-bf22-37ae8bfd5e43', 'b1a6b3ab-dc7b-4fc5-9f45-a382980392cd', 376000, 84544, 1, 2, 6, 1),
('7f6b9dd0-b973-40e4-89ad-638ecaf3f58a', '900f20b0-da96-4175-93d8-2b8364b47c42', '72c79ccd-2e7d-4ec7-a496-68d163ebced9', 530000, 74858, 0, 1, 0, 0),
('7f9059cd-09a5-4c56-bf5b-4a604322037d', '25b45a83-70e7-4685-b5f2-6b78b2e7ed2c', '1a9410c7-c2d0-4597-923e-0d1f92a8cce3', 375000, 27204, 1, 1, 16, 4),
('7fa0089d-4984-4248-bddd-3554e9c63552', '83c58405-ed5d-46fa-96f5-307fcd96ad92', 'e6ecc0aa-0bf3-4342-a137-cc4b5564deb7', 506000, 33665, 0, 2, 23, 6),
('7fc8da11-d31d-4364-ae47-d12e21ebe632', '5ae99da1-2bc2-462f-99fb-7f766f44f49e', '83647f78-4484-44ee-85ab-469cba0f3744', 547000, 48598, 0, 1, 3, 1),
('7fe9a3e9-eebc-41d0-b823-6789d57f67c0', '912109a7-705c-4242-87f3-10033bf26005', '8000f630-8a2a-4fe9-81bb-5682556866e6', 265000, 34096, 0, 1, 12, 15),
('800dec72-6c36-46af-b161-dd9398071222', '6d875df7-faa2-42e3-80bb-c134323e87a7', 'cda7f543-cd8f-447d-8eda-827354e3fe90', 324000, 86692, 1, 2, 4, 1),
('80594527-cebd-40dc-bb92-b390645961b5', '9cce89e1-efed-4ae2-8c1f-a16b9ae919f0', '820acad3-f8b6-492a-a775-27411217a04e', 513000, 41016, 1, 2, 14, 4),
('80730056-39ff-4ddd-899e-68544fa55fc7', 'd134b1fa-4e7e-4912-ad9a-38df1e24fc37', 'a97d89dd-9aea-483e-9f9c-95631423d2eb', 476000, 85633, 1, 1, 7, 0),
('80890191-8170-4fde-969a-f6b052123dce', '75d89fb0-2033-44d5-afc3-2e57faf58126', '0ee5637e-45f1-4c6d-a47d-131bbf2920e4', 514000, 52328, 1, 1, 2, 0),
('80bf3792-e84f-4ad0-8971-8e83529b3253', '72828d79-0796-4b70-a3ef-b3815093e160', 'd6e13744-0dc1-4865-b732-8cf396fe0cd6', 724000, 23309, 1, 1, 1, 0),
('811262ff-bf7c-4a18-b451-6c90dc319a99', 'a61b1347-d898-4170-bc27-dc9bd73d7303', '6dc841f5-5b5f-4c64-bf87-f735f2d544a8', 285000, 76356, 0, 1, 8, 9),
('811da70e-0072-42d9-9a03-a7c6d209bc40', '75d89fb0-2033-44d5-afc3-2e57faf58126', '10ab361d-49a5-4236-af93-642292077370', 475000, 28358, 0, 1, 7, 2),
('815d047f-d477-4522-9828-9d0785b1bd69', '912109a7-705c-4242-87f3-10033bf26005', 'a7098138-567b-4a1d-b6b7-76f48c80de4a', 717000, 55281, 0, 1, 3, 4),
('816563e3-9fa0-4424-aea3-1a764a7ad3c5', 'd134b1fa-4e7e-4912-ad9a-38df1e24fc37', '3f67d20c-42d8-42ba-9b68-f9ac473d0336', 597000, 57341, 1, 1, 3, 0),
('818eec26-f0c9-4c0d-86d9-7dfc4fde95f7', '6701adba-0d86-497c-8c6b-e9547571a2d9', '49fb7327-e138-44dc-bffd-485569204f2e', 320000, 110669, 1, 1, 34, 3),
('81c46a8a-630f-433b-947b-27990ab49b5f', 'ff53fa3e-d666-408d-a1f3-e4a07edead4e', '13957560-c601-46a2-b2e8-90e0b49f142e', 435000, 63296, 0, 1, 0, 0),
('81d5e400-0a1a-428a-a728-c381dcc74471', '264b0790-82ed-41b3-b08e-16eb4a2b2aa7', '743876ac-e205-4b2c-8644-16dec61ee572', 747000, 57301, 1, 1, 6, 4),
('823b66b7-86e2-462b-93b0-1f66b129dad3', 'e69a14b3-ae9c-4962-879e-f5fad70b7eb5', '39e5edb7-9a1f-4817-9228-c4bf4ee2bfa6', 900000, 28570, 1, 1, 0, 0),
('8249e781-3bab-4450-b0d0-a05fd6d77aa9', '25547234-a84e-4fba-be08-c0ea3436124b', '2590dac6-2b72-46fc-863f-366b1edc71bf', 973000, 21217, 1, 1, 1, 2),
('824ce288-9c04-4a7c-9e6a-56ae277fa288', '86c6f89c-ae6d-4ece-ac79-0047b5d0fcdd', 'ea84aae7-ae43-4128-afb2-b96866660b33', 336000, 43451, 0, 2, 16, 0),
('82787b0b-8701-4972-959e-6c71a0f3c9e9', '912109a7-705c-4242-87f3-10033bf26005', 'aad589d8-83be-448c-9c13-534b7c1d51dc', 418000, 94910, 0, 1, 16, 0),
('829145b9-0d71-4488-848d-de2980b9db04', 'fc2b0402-8e33-4055-a4be-87b82b5659a5', '871cea70-cd9e-4d70-98a8-0ed8206a62ff', 575000, 76378, 1, 1, 1, 7),
('82cf9769-bfd2-4e27-9f98-76b873d03f87', '83c58405-ed5d-46fa-96f5-307fcd96ad92', 'a97d89dd-9aea-483e-9f9c-95631423d2eb', 507000, 50022, 0, 1, 5, 2),
('82d615e9-e41b-4429-9069-1f09f4cdbb05', '78f782d3-7199-4210-821c-afc336390cd4', 'ee8c5f33-7d65-4142-a2cb-b741fa502d96', 698000, 24499, 1, 1, 10, 2),
('831ca543-f116-49d3-a695-02a7121255a1', '4af1de4a-34ce-41de-9b07-382ebefe73e5', '994c364d-71ab-44c9-b5c4-aa60098eeb9b', 326000, 31475, 1, 1, 10, 1),
('832063fb-de86-478b-8053-d883148f579a', '9490722f-a305-4625-a7bb-38271ccfa2fd', '74543236-3e54-4360-8ed6-63eed2d905ab', 821000, 31444, 0, 1, 1, 0),
('833aff10-435b-4276-acd7-780dc6187c93', 'aa93b8ad-a974-42a9-9764-aaaffaa21a5f', '5ef414bb-ceb8-41b6-80f9-2d51049f0487', 334000, 117691, 1, 1, 0, 0),
('83748511-617d-417b-86e4-fc655b3f4d11', '2c61e4d6-b3bf-49b4-8c0b-ba9924bb9f6c', '7075b91a-c39f-46f7-9205-861568d51a0e', 400000, 75112, 1, 1, 6, 4),
('8391e5b9-3606-4ac4-9d5e-b838c19bc5c2', 'eeb92d79-d4e4-495a-9e91-4ef883faeb52', 'b35ad8e9-c137-4d3d-bfe2-66d8d8857f40', 226000, 36066, 1, 2, 4, 6),
('839ce169-1b9f-434a-a140-985f3ce0f517', '51c16919-816c-4c0c-b1c9-37f4d01fa133', '4bcdbfd0-32dd-445e-9366-0f03db7fd6f8', 438000, 120050, 1, 1, 25, 16),
('83bc6105-8afa-406e-9ca9-d06c718736ad', 'ff9bef60-c661-47b7-b308-c3d09f71aca8', '86f7823f-f408-47bb-8751-90034442e428', 765000, 50334, 0, 2, 22, 5),
('83c87a45-bc2b-45ee-824a-fd35ace7b27f', '57ccd994-133e-47f8-aaeb-f98610b4ff49', 'a347af7d-a3e2-44ff-9423-5387be1b9d1d', 493000, 74579, 0, 1, 8, 3),
('83ceba7f-e250-43d0-b6fc-4f9033a684da', '4765ee38-5f57-4a74-964c-a14565a0378e', 'faf29645-18bf-4f9b-9491-27c508ac0bf3', 511000, 20785, 1, 1, 3, 1),
('84053435-42d2-43f4-a682-9aefeee8be8b', '31a7f8a5-68bb-45ae-b1c4-0f867f1ec398', '5ae1d52e-f24e-4c46-a19a-35f96a6cb432', 713000, 70579, 0, 2, 22, 2),
('84215ecb-a440-4ba8-a957-1230eca897b0', '7718d74e-e6eb-4932-aad1-167105a11a3a', 'c9ec7d87-4498-4e5b-b233-5c589df1e951', 378000, 78252, 1, 2, 0, 0),
('847b3367-be3a-443f-8081-750d0fbee603', 'f586bfe1-bb09-49b9-b841-f55cb3aa9d1a', '90ae8e56-d3ca-464f-b817-6eec6fa9efd5', 182000, 50057, 0, 1, 26, 7),
('8487e2b3-4fc8-4115-813d-3ed3cfe74f45', 'ff53fa3e-d666-408d-a1f3-e4a07edead4e', '7ad112e8-9526-4952-894d-20660745cda9', 904000, 37265, 1, 1, 7, 7),
('84b72314-e9a9-47b2-8d4a-2fa82f8540e3', '7ec5e70b-bca7-4a25-a2c6-f75dcbf87638', '26da1e46-d15c-4cb4-bebd-efe51e317ab8', 793000, 52878, 0, 2, 11, 2),
('84d20075-862b-4957-864e-153e62da37b5', '728d06b2-3a72-4e5b-9338-f04ecf5f8b4a', '4c2fd0ab-741e-4d4a-b4a4-5064fd0fa2db', 422000, 64157, 0, 1, 10, 4),
('84e8a897-9e3f-4b05-be7e-7b291f5586d6', 'f8e6b14b-a3fa-4e29-aedc-546199104084', '75a79bdc-5efc-4917-98aa-0090a4eab982', 275000, 65948, 1, 2, 12, 9),
('85136a2d-93a2-40e3-9861-2eff63693be4', '44b82fa5-ab25-4b3e-ad61-f62647dfa54c', '97f9b6a3-927a-4135-9efc-0cab2a5d06af', 473000, 32533, 1, 1, 8, 2),
('859a9e13-01b4-4b12-bdfd-974625b27eb8', '7103fd54-00c1-4a99-99cb-cecc23ba7c03', '72c79ccd-2e7d-4ec7-a496-68d163ebced9', 577000, 37330, 0, 2, 14, 5),
('85d5d9aa-3168-4f44-a352-d43269a212ad', '61019ff3-a3fc-4d26-a954-6d23f1562696', 'b87d7b8c-60b0-4349-a26a-8577e4da29db', 317000, 85292, 0, 1, 5, 9),
('865a198f-d5bc-42eb-8ec2-1caa5699b657', '31a7f8a5-68bb-45ae-b1c4-0f867f1ec398', '7b71d4c5-5629-48c3-b2c3-2dd0ff2cad8a', 618000, 79589, 1, 1, 0, 0),
('866b5031-e830-480c-8004-dcd45c464d40', '678bd763-e901-4966-836a-f22e26e8c802', 'cda7f543-cd8f-447d-8eda-827354e3fe90', 369000, 21218, 1, 1, 4, 4),
('8691c503-57d1-4ded-8f8c-cc9798d2b3ce', '1f9a7cb0-bf24-4a40-9f11-eaacfcca5638', '98ad18de-621b-44ea-afb9-1bd7dbf7dc38', 634000, 17447, 1, 1, 1, 0),
('873ab2e9-c496-46ea-91e4-679e9360cc45', '54b273be-e37c-4aa7-838b-cbd8e5b9f81e', '23c484ac-d178-46c8-bf39-ca3157a90af9', 512000, 67466, 1, 1, 2, 2),
('87460931-4d0c-4cf2-887d-c2ac925ebe44', '4a08fd06-768a-4b84-a37e-ec87ccf54a8e', '3eddc70d-963e-4a2f-b9b0-e35f46d0c151', 842000, 57060, 0, 1, 10, 10),
('875f8e2f-34ff-4faa-b3db-73dc289a39fb', '0cf9c0a7-8bf6-4e7d-ba3d-fc6a78405821', 'e69ba9cc-6aa1-40df-b884-a2a4b50d6317', 361000, 64003, 0, 1, 13, 5),
('8766cac9-bb52-4280-b6df-8c1998652078', '2ca59f3d-0c0b-4265-9bd3-af5216f30573', '9d2536a5-36b2-4c9c-934f-7618dd7cd92c', 955000, 35515, 0, 1, 21, 9),
('87770db2-4e9d-47f0-88bf-109ca69870a8', '5f25da18-6be6-4ffa-94f2-40b4e761b6f0', 'cda7f543-cd8f-447d-8eda-827354e3fe90', 372000, 82834, 1, 1, 12, 8),
('87e123d2-1d2e-4d52-8444-1f1a20c35e50', 'ea396f95-de4c-45a4-88e0-4420e8b3a58a', '23596897-e22b-46f4-a203-0d15e75cfb4a', 551000, 47679, 0, 2, 1, 4),
('87e3d9e3-ad0a-4540-9dc0-6ad3348c704a', 'ea64f028-7031-4058-94a3-c6a5f48308ce', '6398d33e-e963-42a8-b37e-5d7e78ad9388', 556000, 32226, 0, 1, 3, 0),
('87e64d0f-2f54-454a-a4b4-beb8b3c48bf8', '66bbd2f8-041c-438b-a514-03541a161906', 'fb14b9d0-5329-4c15-8bb7-4e955d4f68d5', 275000, 34408, 1, 2, 6, 3),
('87ee2538-4c49-41f4-8ece-7153a51fd32f', 'b26d4a6b-6589-4d53-8893-57e3fb62785c', 'caa3f236-839e-45cb-b4cd-42b5f022ed8d', 637000, 61979, 1, 1, 1, 7),
('88011a41-62eb-4df0-8293-25924125b61a', 'b4860a2b-94b1-4bf0-af52-46b477a4aab3', 'b4ed6027-353a-4883-9db5-33d6026c27f4', 420000, 28158, 1, 1, 4, 1),
('88044215-1bd1-4be7-a79c-cae4209f4f6f', '116b5dbc-0172-44ab-b153-740aa9c9d31e', '6fa7b740-6a02-4be1-bea0-d43a1c2b994c', 507000, 60326, 1, 1, 0, 0),
('88a8fd4b-28be-4f1a-9fdf-2263efa2840f', 'ea396f95-de4c-45a4-88e0-4420e8b3a58a', '12163731-0e55-4c84-9af2-8ba6434eef2c', 454000, 17426, 1, 1, 4, 4),
('88f8596a-3ac3-40af-be72-747a04074cd8', '6d875df7-faa2-42e3-80bb-c134323e87a7', '3eddc70d-963e-4a2f-b9b0-e35f46d0c151', 838000, 17902, 1, 1, 5, 1),
('891a2898-c956-463b-a2ef-5de784a9be45', '9cce89e1-efed-4ae2-8c1f-a16b9ae919f0', 'f59fa39f-d4d5-4292-9270-b776d0cc9487', 237000, 68920, 1, 2, 11, 6),
('891ca405-8e66-4660-982c-61b2129566aa', '0cf9c0a7-8bf6-4e7d-ba3d-fc6a78405821', '398baaf8-da70-40c6-a39b-6e118a193d12', 404000, 67082, 1, 1, 1, 12),
('892c2b1e-9616-4e89-8af5-943ea9a1748c', 'cc93600a-918d-4cd2-8fb5-091f018b74a8', 'e0335740-b3d8-4d26-a435-58bd2748d528', 584000, 19224, 0, 1, 4, 0),
('899f110e-d8c2-4bf6-bb8c-6d936f69d186', 'e5ec8885-d79c-4f6b-8bd8-2651e400466a', '711a1ab9-a557-48eb-b452-88c10a5da3ea', 661000, 5098, 1, 1, 12, 2),
('89d07743-2dcd-4bc8-85d8-355399444b20', '9cce89e1-efed-4ae2-8c1f-a16b9ae919f0', 'd57a4e43-6865-437a-a909-30e3d7268e02', 580000, 6675, 1, 2, 1, 1),
('89f3e35d-c3c2-4db9-9b05-45d05399e8ca', '1628e71e-a690-4826-b88f-6551d38118fb', '2b42c817-b15f-4ab5-b835-22158aa407c8', 243000, 90913, 1, 1, 9, 14),
('8a53cd03-9f11-430c-ba8c-b15f561ac6c4', '890c4621-6455-46ea-81f9-d4638b592f3d', '411c946f-2537-4d3d-9ff8-925dcedfe134', 547000, 70337, 1, 1, 22, 9),
('8a628304-d9d6-4f5c-a292-c7b9dc894a40', '84cb19dd-389d-45e7-a812-6cf038b2345e', '417ed55e-dd51-4aed-9a8b-e676763f3057', 445000, 68971, 0, 2, 17, 3),
('8a8e0ddc-0c5f-4e75-a058-53e36f55349f', 'd6e852a0-e98d-4632-93c5-bb3e80b42c48', 'e0335740-b3d8-4d26-a435-58bd2748d528', 551000, 35190, 0, 1, 7, 5),
('8aad3b0e-25ba-431c-9427-4859ea1c70cf', '0c119b17-923c-4d54-ac59-5ac7acbdcf47', '7cd5669b-f177-4830-907e-2aa040c5b8c7', 426000, 75502, 1, 1, 20, 3),
('8afdf949-4440-4351-bbda-8c50e4352df7', '6701adba-0d86-497c-8c6b-e9547571a2d9', 'b1a6b3ab-dc7b-4fc5-9f45-a382980392cd', 473000, 47285, 0, 1, 8, 1),
('8b598db3-0bed-4732-bf56-6833927d8888', '856e28a2-7e5b-492d-89ae-8567f59eac85', '912edcb6-a994-4eca-9ba2-a9dba0c4895a', 577000, 43834, 1, 1, 11, 5),
('8b627f5e-f663-4319-801f-2b1a6f7cf6c6', '54b273be-e37c-4aa7-838b-cbd8e5b9f81e', '15b4559f-18e6-4b14-a91c-67f1691e1190', 486000, 18106, 0, 1, 6, 0),
('8b705a3d-07d0-448d-85e3-918267f521c2', '114d6c59-aeba-4256-bc46-2e105d699a3b', '0d79ef9b-0025-489a-b6bf-92f237322875', 371000, 60902, 1, 2, 7, 0),
('8b7f37e7-14a1-4b3c-adbb-c6bbae91bf95', '9b518155-c6c7-4e01-8dd4-032531246f7c', '6edd845b-a8e5-45a0-8b84-09043a7124e5', 240000, 68741, 0, 2, 3, 5),
('8b83f99d-c8e4-4d37-99a7-6f888c17b25d', '0164f8cc-f157-4be2-ad52-d75c20349364', 'e0335740-b3d8-4d26-a435-58bd2748d528', 670000, 24160, 0, 1, 7, 0),
('8b9ce5b0-d670-422a-96d1-cefc75da64d6', '118530da-751c-4315-aa68-35cedc58f005', '9399c9aa-c778-4d2d-9993-ff245ce46c6e', 445000, 66374, 0, 1, 8, 0),
('8bb90514-5d7e-43b7-a07d-00b13db2300d', '2f94a7ad-e780-461e-8863-56a64bd44e8a', '11e6bca8-a333-4def-b0ed-258c094bdd9f', 689000, 31947, 0, 1, 13, 3),
('8bc4fd6b-f882-40ea-bbb5-e88cbb6d6e9d', '5f25da18-6be6-4ffa-94f2-40b4e761b6f0', '585ad6d3-d963-4719-9625-162a6caaa72b', 498000, 32238, 0, 2, 3, 5),
('8bf1c90c-054f-4df1-932d-b29cc96fe1c9', 'dc749658-9697-4547-9ed7-93e82e9e36a7', '903b1813-4330-419e-9f5e-725f6abc803b', 496000, 32605, 1, 2, 14, 5),
('8c5542d6-330e-42e4-94ef-b3b7371df106', '7718d74e-e6eb-4932-aad1-167105a11a3a', '97f9b6a3-927a-4135-9efc-0cab2a5d06af', 450000, 71516, 0, 1, 0, 0),
('8c5ba79f-dc6d-4f3e-bc4e-db6fe717331c', '0c119b17-923c-4d54-ac59-5ac7acbdcf47', 'efb81396-7a2c-45b9-97cf-43d697a3eebe', 367000, 73631, 0, 2, 0, 0),
('8c60ae33-c03b-492b-b4ff-895fd914670c', '06d935fe-5a9b-463e-a8ab-84b4e6820502', '894c9588-71e9-4f82-afee-142b6158f54d', 240000, 83474, 0, 1, 0, 0),
('8c726edc-2a5a-4417-9a87-080702638869', 'bc88bec2-dd71-4811-a01c-ff0602c4a4a6', 'c8752801-3dbd-448f-98c6-a257cbbd42ce', 439000, 37817, 0, 1, 7, 5),
('8c913188-133a-4573-9847-ef902911bf95', '900f20b0-da96-4175-93d8-2b8364b47c42', '065585df-48ed-4864-a046-5c066d7aa3c7', 209000, 110664, 0, 2, 14, 13),
('8c94ff05-9a9c-422d-b2e2-4ea72a5e2975', 'd2333b8f-9c2a-4f8b-a69c-a33f4abfd441', '734581bb-6417-4aa5-b35a-34f543688bfe', 477000, 41307, 0, 2, 9, 2),
('8ccc9ba5-715c-4381-be75-3d5e340db1ab', '327004bb-5c70-40a2-aca7-359c59fa7069', '6f8c5067-9ee9-4b2b-a325-d6109c782654', 660000, 20754, 0, 1, 3, 0),
('8cda5677-6cce-4728-8f28-b8146c51c7de', '9cce89e1-efed-4ae2-8c1f-a16b9ae919f0', 'd66da056-00ae-436a-aef5-0668b6bcffcb', 469000, 56397, 0, 1, 4, 1),
('8d054a8f-f22d-40f4-8313-a5b89979fbe4', 'f8e6b14b-a3fa-4e29-aedc-546199104084', '9c673709-234d-4c03-9bc7-d889e555f4ef', 620000, 9301, 0, 1, 0, 0),
('8d06ff2e-d3fb-421c-a184-60decd6eea76', 'e2f1826b-7d18-422b-8c20-8e2511d5775d', 'c495a3d1-c45e-47f4-9e1a-6f5b9165b58b', 421000, 106215, 0, 2, 0, 0),
('8d1c5020-d57b-4970-b8e6-0ec644b1c0c7', '2ca59f3d-0c0b-4265-9bd3-af5216f30573', 'c467b53b-2bcf-4783-812f-cafbad5be7cb', 431000, 56219, 0, 2, 27, 0),
('8d519ba1-34a1-40cf-9625-6bc835df00d7', 'fc2b0402-8e33-4055-a4be-87b82b5659a5', '23c484ac-d178-46c8-bf39-ca3157a90af9', 504000, 69898, 0, 1, 13, 3),
('8d6963a9-a3b8-412d-a186-86ae0f5b4fd5', '9b576a1b-9739-426a-afa7-b811ffddf74a', '4cd092b8-e12c-4725-8379-e558a88c033b', 1048000, 21566, 1, 1, 1, 0),
('8d7fa4aa-9a1c-4059-b74f-5d1d7c8f2007', '74ea14fe-10a2-42a8-a647-cd54f61fe382', '4c2fd0ab-741e-4d4a-b4a4-5064fd0fa2db', 418000, 99726, 0, 1, 13, 5),
('8d82bc2a-ed4d-4582-8084-903e30f1e597', '4af1de4a-34ce-41de-9b07-382ebefe73e5', '7746e8a6-6bc5-435e-b1dd-6e8a7d40ca60', 779000, 60741, 0, 1, 9, 2),
('8d83ab33-be4b-4d2e-a3c4-c448b3890710', '2677ef4a-2fd4-43cd-a9cf-63c68c578191', '23c484ac-d178-46c8-bf39-ca3157a90af9', 555000, 70649, 1, 1, 0, 0),
('8db11f5b-8190-4f14-be6b-ac60a7590d1c', '9dd4b85b-01be-4d00-9e47-cb0944c97456', '783395b2-8450-4b44-a0e7-bbd4a75d1cf4', 294000, 69275, 0, 1, 0, 0),
('8dc817a7-e11f-4acd-b346-24d6e0fa3b09', '10fd5aca-9a7c-443f-908e-842517f8eff0', '767078fe-2a7d-4cd7-95ee-9e8b944d1b9a', 1364000, 11016, 0, 1, 0, 0),
('8e173c33-cf01-4394-bce1-2cd8f8f960d7', 'ebae3726-cfa4-4413-9eff-b5ce669e62f4', '3b1d405c-eb07-4e80-a489-9e7c1df3a198', 358000, 45381, 1, 1, 7, 3),
('8e26aac3-d3e3-4606-a55d-a10fc21ad60b', '20ac8e30-279a-4e34-a0d0-8daa587220a8', '0083c164-2c40-4c77-820b-7e0bf0f75316', 780000, 33086, 0, 1, 0, 0),
('8e66a248-6e4f-4c76-afad-7f93cddf7a78', '6ac95144-ca5d-4519-a196-2b10e5391e00', 'cda7f543-cd8f-447d-8eda-827354e3fe90', 390000, 48043, 0, 1, 10, 2),
('8e772487-7997-4932-a630-08e514ee66d6', 'a61b1347-d898-4170-bc27-dc9bd73d7303', '8eee50de-cc0c-474c-bb06-09da79fdd0ba', 355000, 24744, 1, 1, 28, 12),
('8e8dcf27-6d84-4503-8af7-ca245ba941ea', 'cf01b625-dba6-47d6-92d7-2287b9850437', 'a260a952-eb2d-4f96-956b-5838c4520512', 214000, 40783, 0, 1, 3, 2),
('8ea6af6b-f102-49e9-95ea-2009718d5ada', '890c4621-6455-46ea-81f9-d4638b592f3d', '3409214a-8848-4a89-b06c-956c4621ba92', 716000, 78922, 0, 2, 14, 3),
('8ea77bb0-a06c-432d-bcb2-a76a2c22c524', 'd58dbf41-cd08-4a6c-a4e8-c093f378c534', '807d374d-a3c7-4d5c-b865-03a1a69e94b2', 559000, 11194, 1, 1, 3, 0),
('8ed9e324-a153-4b87-9e3e-dc316ef93d59', '2fd09d39-0dee-4727-8c13-22d3911955c3', 'a97d89dd-9aea-483e-9f9c-95631423d2eb', 538000, 97889, 1, 2, 41, 11),
('8f26e836-5891-4d0d-8f0f-43a895199bdc', '5d7d44c0-ef9b-44c2-9297-4ae01e5e14e7', '45faa110-a90c-41db-929f-9f811a335e28', 816000, 15983, 0, 1, 6, 1),
('8f5aecfc-9721-444c-a815-091b05ba9585', '741d3006-aa27-4331-9dfe-ada10ac544b7', '7c3e8ce0-e41d-4cfa-b96c-f5ab53477659', 219000, 56113, 0, 2, 15, 9),
('8fbefd06-6810-46e8-8075-b7a229aa81d9', 'ed28d6c8-caf1-4dfe-8da9-ada2b3b372f9', '9d986133-cec2-4c71-8e78-9a83e4514cdb', 437000, 69515, 0, 1, 8, 2),
('8fe1fb9b-593d-40bf-b170-1667f88176f9', '83c58405-ed5d-46fa-96f5-307fcd96ad92', '7fe1c508-fc15-429b-90a4-7309c75bc8f7', 464000, 72164, 1, 1, 3, 0),
('8fefd387-e067-46d7-9a27-32f53623e207', 'b4860a2b-94b1-4bf0-af52-46b477a4aab3', '822174f6-a9eb-4e9b-9eee-33e21c2ee39a', 745000, 49950, 1, 1, 3, 4),
('8ff1a994-dbde-4bac-a4b8-1b7cc4c4955e', 'a21a4edd-5d3c-4bf9-9357-b6202d613cd8', '438fa9bb-7c29-4755-af99-9d578fcecb21', 373000, 59260, 1, 1, 0, 0),
('9020937e-d200-4a6e-94b4-235495e1d118', '717f7653-75ca-40a4-8c15-c95b8271eb20', '019de520-d410-4384-be92-66e5ba9ac74e', 525000, 67091, 1, 1, 13, 4),
('9029bcb9-c866-4d7c-b16f-ff68fb40cafc', 'd1dde2d1-6883-4667-a9fe-a5a9d587076a', '0d303161-026a-4c10-98ef-e7e286469912', 494000, 12708, 0, 1, 9, 2),
('90436469-ba81-4c3a-bb3d-c1089c1f1886', '9b576a1b-9739-426a-afa7-b811ffddf74a', 'cb0196d2-888b-4e59-a3d1-9d96267df6a1', 573000, 20654, 0, 1, 7, 5),
('905bcc37-5181-444c-8364-5ca658ccddda', '7607003a-212c-41c9-a1a4-02dc5ca212ba', '13957560-c601-46a2-b2e8-90e0b49f142e', 462000, 55835, 0, 1, 16, 6),
('906088bc-0c46-4577-bede-1a9b9cd7dbda', 'e5ec8885-d79c-4f6b-8bd8-2651e400466a', 'ae02cebb-cb26-4189-b2a6-0eb5ec1c6cf2', 490000, 56050, 1, 1, 12, 0),
('909ef45b-3013-4e6c-957d-02fcbd22b954', '239b96fe-2e77-4cc6-b16c-87d7d2972f14', '00df7d69-c0cb-42b0-8df5-0be6e2c6513b', 515000, 46150, 1, 1, 19, 8),
('90ad50f1-5b6f-42f8-ba3b-6bc4cec787e3', '79f6d774-8966-4497-ab9d-1aa8111e9be6', '47f88a26-6f33-4ee3-a4e0-d6009f6cc2d3', 436000, 45232, 1, 1, 0, 0),
('90b4f05a-d198-4d04-aa96-92cbf7d34f5a', 'd6e852a0-e98d-4632-93c5-bb3e80b42c48', '6e1137eb-5a0f-4a10-a91a-d70b01f98536', 362000, 72644, 1, 1, 0, 0),
('90bd9b2b-18fa-401f-bcfa-9493adab2196', '16c0d5aa-c5da-4b5d-85f7-8d6f4dd71e30', 'edd4079c-baaf-4517-82c1-d41e2896d6a9', 325000, 49080, 1, 1, 17, 3),
('9100fb3c-aa46-41c7-9060-f13ed968e753', '5ba308b2-5e06-4e87-b6e3-a428062e5a45', '06f3fc73-a612-4df3-99a6-7e916f9ab2ae', 747000, 32201, 1, 1, 4, 2),
('9134d124-915e-4705-be08-7bbea17e5d44', 'e2f1826b-7d18-422b-8c20-8e2511d5775d', '75a79bdc-5efc-4917-98aa-0090a4eab982', 331000, 69455, 1, 1, 20, 3),
('914b94f4-1d6c-40e8-8084-16410158ab76', '0c119b17-923c-4d54-ac59-5ac7acbdcf47', '1a156320-155c-4c17-ae55-5c76e9145732', 479000, 17472, 1, 1, 11, 9),
('917eba4b-459d-4a42-bfbc-5b1a386d082f', '9b576a1b-9739-426a-afa7-b811ffddf74a', '891e4a13-9372-44d6-983e-5cd46ff6560c', 722000, 29865, 1, 1, 1, 1),
('91ada37f-0e97-46b2-8a06-210c84a8c55f', 'f586bfe1-bb09-49b9-b841-f55cb3aa9d1a', '66ab9be8-a25a-41d5-9390-f8aed2c50e74', 532000, 14243, 0, 1, 4, 4),
('92199148-6205-4819-9dc6-17368a718489', 'd229d796-50be-457d-9a2e-78bec74957ac', '0ba2d2c5-1b17-4adf-bb68-e7f563a67b0f', 373000, 87192, 1, 1, 11, 9),
('9235ec49-0ec9-4e50-a05a-4c32925ca0a8', '68065598-0a46-4648-b330-de4f847073d0', '8412be71-4d5b-4025-a230-e1e6e553768c', 162000, 93282, 0, 1, 35, 10),
('92a958be-4a13-455b-946b-b0baf76f2ac0', 'ebae3726-cfa4-4413-9eff-b5ce669e62f4', '9e275873-d0ea-47d5-bd98-ba8d83e2f664', 379000, 93871, 0, 3, 0, 0),
('92c8fec6-508c-4b63-b73c-84c7bcad596f', '239a6410-a8af-49fd-a1a3-7a2e3ff891bb', '5fb8be9b-9516-4a0c-9d1b-a6c6d4c5f64d', 373000, 16511, 1, 2, 13, 7),
('92e41fd7-0df6-4a44-be59-7b6852ad6754', '66bbd2f8-041c-438b-a514-03541a161906', 'e6ecc0aa-0bf3-4342-a137-cc4b5564deb7', 491000, 94021, 1, 2, 3, 0),
('92f2847e-5c3e-4b22-8c9b-a837548a94e9', 'cc93600a-918d-4cd2-8fb5-091f018b74a8', '665e8cc5-72e9-41a5-8ec7-a7eef7e45125', 678000, 45992, 1, 1, 2, 5),
('931ac689-972a-4643-a08f-a136498113e6', '756d4b02-1593-4094-b44d-6e1ff441361f', 'a347af7d-a3e2-44ff-9423-5387be1b9d1d', 527000, 63852, 1, 1, 4, 1),
('931f79ac-65ab-424a-a0dc-af7021763ef0', '81649930-dcde-459b-8e4f-1509111127eb', '0a0cbaac-86a5-4d7e-8f7a-2b7d09008e22', 336000, 35457, 1, 1, 27, 3),
('937939a0-4fcf-4292-b8c2-039e2cb101ad', '75d89fb0-2033-44d5-afc3-2e57faf58126', 'a93247de-265e-4544-bef0-30084a61dbf6', 380000, 89536, 0, 1, 7, 5),
('93bfe121-240c-49af-aa48-a06adc1822bb', '03feaffa-d14f-440b-847c-8ae04fd11520', '9e275873-d0ea-47d5-bd98-ba8d83e2f664', 415000, 97837, 0, 3, 0, 0),
('93d92d92-324f-4315-9de8-f69d08220e12', '8ea42c75-661f-4f60-bd3c-a595b6ca15bc', '84e6d617-3061-4840-91f3-214501563372', 444000, 113744, 1, 1, 12, 8),
('940ccdae-dbb3-407f-b957-79545dd39734', '31fb5182-7e7c-4f49-89dd-73c9d2f72997', '26da1e46-d15c-4cb4-bebd-efe51e317ab8', 839000, 40753, 1, 1, 3, 1),
('94162bd1-3f0a-4ff9-877a-ba9714e833d9', '68065598-0a46-4648-b330-de4f847073d0', 'aaf32e95-44e4-417d-9d1c-f3ee40f6eb57', 449000, 105428, 1, 1, 27, 3),
('94a3d916-5d05-425c-9813-9517e8585826', '1eed0924-316f-4758-b1c3-75d3dbde732f', '86f7823f-f408-47bb-8751-90034442e428', 648000, 64686, 1, 1, 14, 1),
('94caec85-338c-4002-ba40-40c36f94b125', 'f22e23ec-8865-4c22-a211-4f043b9cde9d', 'd57a4e43-6865-437a-a909-30e3d7268e02', 565000, 8023, 0, 1, 1, 1),
('94f832cd-4817-4661-8dd3-5fde9e28b615', 'b988f6f0-43be-4f45-9b80-d95ec51257e2', '871cea70-cd9e-4d70-98a8-0ed8206a62ff', 664000, 49591, 0, 1, 0, 0),
('94ff0602-aefb-4e0e-ac52-e56f98d7c49c', '19000518-af0c-4b0b-947d-4979801c2dfc', '6e4aaf6b-bc74-4137-a470-046befb6092c', 623000, 38023, 1, 1, 10, 1),
('951dba5a-da2e-4c15-b0a2-2fad97a2ad44', 'cfa36bf5-82a4-4bb6-8b3e-ba65037531b6', '65808d75-c6a5-4558-972e-f19994b256fd', 763000, 15673, 1, 1, 1, 3),
('9536af4f-1dd0-4779-819d-9bd7b44f99ff', '118530da-751c-4315-aa68-35cedc58f005', '060dcfa1-5c7e-41cf-b0d0-3c872ea82b47', 1089000, 11953, 1, 1, 11, 0),
('9551b41e-3b5c-4929-865f-24386a5c360c', 'a21a4edd-5d3c-4bf9-9357-b6202d613cd8', '47f88a26-6f33-4ee3-a4e0-d6009f6cc2d3', 450000, 10266, 0, 1, 0, 0),
('9633ace7-b18b-4521-ab10-920c9ba0f945', '6d875df7-faa2-42e3-80bb-c134323e87a7', 'd49dbc8f-f680-4ed8-82ee-f4d715c667c8', 936000, 39121, 1, 1, 0, 0),
('964388f1-5acf-4756-8659-781a58953dd7', '912109a7-705c-4242-87f3-10033bf26005', '70ae7c89-ba94-4854-ae9c-88918e8130aa', 515000, 34781, 1, 1, 11, 14),
('96641f8a-7b0f-469f-be78-e91fe86e5983', '900f20b0-da96-4175-93d8-2b8364b47c42', 'c2b42216-0440-4e7f-9a79-5acc05c56af4', 500000, 16796, 1, 2, 6, 1),
('968133cc-5845-46f0-8f2d-15f7779242da', '9bfd83de-0b5d-4ee8-86cb-490fd55eced2', '96e5889f-f4d4-40a2-ad9b-199b237c45e3', 446000, 54533, 1, 2, 9, 4),
('96a02e44-f107-497d-bae3-6622e3496387', '5bb8d34c-2297-4bdb-a4c2-10068f803d45', '97f9b6a3-927a-4135-9efc-0cab2a5d06af', 333000, 69389, 1, 1, 10, 6),
('971d5c52-2ee5-4ee3-a9a4-a24029632afb', '142ca075-7e70-4f03-a78f-70fb64e08faf', '2e714645-ca1b-4854-9e99-7601a3b0d5fe', 234000, 42531, 0, 2, 22, 0),
('971d8e51-e00d-4268-b74e-1564b7e49eea', '191c3114-50ef-4043-989f-1e97f8e9a877', 'd1f6bd63-2785-4789-8933-c65bc9d0fcf3', 546000, 62767, 1, 1, 9, 1),
('9725d247-2499-44fb-afee-5f2f0d2fc77e', 'f586bfe1-bb09-49b9-b841-f55cb3aa9d1a', '0deeaafb-1c44-4df7-a16e-ec26d1fad85d', 527000, 107690, 1, 2, 6, 3),
('978a54e4-548d-4004-86b5-4ea521be80bc', 'dc749658-9697-4547-9ed7-93e82e9e36a7', '939ab999-997b-49d4-bb14-22ef43897d7d', 295000, 106679, 0, 1, 29, 10),
('97e0143e-6bd8-499f-aeec-d0f6e02297bd', '2677ef4a-2fd4-43cd-a9cf-63c68c578191', 'caa3f236-839e-45cb-b4cd-42b5f022ed8d', 583000, 33723, 0, 1, 9, 0),
('97fd480f-d23a-473a-b055-b4ad41aecaad', 'b26d4a6b-6589-4d53-8893-57e3fb62785c', '71578d5b-1fb8-40df-b9e1-e38220cc2860', 517000, 14787, 0, 1, 1, 1),
('9872e38b-9253-40fe-a127-fe56859cf257', '25b45a83-70e7-4685-b5f2-6b78b2e7ed2c', 'ef179f91-b0db-4e67-965e-2b1637722a86', 694000, 24368, 0, 2, 1, 2),
('98879952-a6e1-4336-869a-1c7689966f03', '2677ef4a-2fd4-43cd-a9cf-63c68c578191', 'ada2091c-91ce-4c7c-895d-42a32c575257', 426000, 10347, 1, 1, 17, 5),
('98babc13-0506-4bd5-8bec-b800d14bef45', '74ea14fe-10a2-42a8-a647-cd54f61fe382', 'e6ecc0aa-0bf3-4342-a137-cc4b5564deb7', 490000, 83664, 0, 1, 14, 0),
('98d83138-a28e-41cd-a598-03e4a4f06df6', 'cc93600a-918d-4cd2-8fb5-091f018b74a8', 'c661354d-5ff1-4f74-8d84-e4503ee219f8', 500000, 59169, 1, 1, 0, 0),
('98ed4998-f207-428f-8944-1b737fc09ef4', '2c61e4d6-b3bf-49b4-8c0b-ba9924bb9f6c', 'edd4079c-baaf-4517-82c1-d41e2896d6a9', 323000, 70605, 1, 1, 0, 0),
('99348016-d0b0-4487-a9d6-822678b1d745', 'd93d8e87-522c-4547-afd5-a8dafa582394', '36288c8c-4343-4a51-98e9-b1da5b60f0e9', 665000, 54397, 1, 1, 5, 3),
('995721b1-0104-4db1-ac49-0571c391a5a6', 'b26d4a6b-6589-4d53-8893-57e3fb62785c', '3e292e11-a39d-4f6d-a9cc-a64d1ebdca3e', 590000, 36124, 1, 1, 10, 5),
('99756a51-8fe8-42c8-9e68-3abe6cf86640', 'e07b43cd-2481-41d2-977b-13d3eabb4750', 'ee8c5f33-7d65-4142-a2cb-b741fa502d96', 649000, 88651, 1, 1, 3, 4),
('99a37c4a-b537-4f9b-9ea2-12a3c6060818', '7693a493-2521-4c2d-8264-c94a7cb31a92', 'd08d67a0-acd9-44d3-bb13-f809b1e8b390', 642000, 53155, 1, 1, 6, 2),
('99b31e30-e31d-44c5-bdec-04e428c9d6d2', 'e7ddb23b-dab8-4d30-be71-c37dff75bde7', '3dbbfecf-b9cd-4b3b-a17d-bb097df0f06b', 647000, 55295, 0, 2, 2, 1),
('99c60414-665b-45ac-ab4e-f004305a144b', 'd93d8e87-522c-4547-afd5-a8dafa582394', '3c1f4ea3-66dd-42b6-94d5-2e9c0d276c1d', 441000, 61446, 0, 2, 21, 9),
('99f1d8c1-257f-44f6-a71e-b8116601720a', 'f8480810-59a0-4c17-b861-163d2f74e875', 'c661354d-5ff1-4f74-8d84-e4503ee219f8', 421000, 60076, 1, 1, 0, 0),
('9a2d5afe-4836-40db-87ed-104edb5bc71e', 'bff7cfc3-0e79-4f10-b65f-73f59aecde2a', '90d7b1e0-b067-43d9-a93d-b4bb2dcbf5eb', 245000, 85612, 0, 1, 19, 12),
('9a53391a-f7a0-4f8a-8bc0-217211f6c143', '756d4b02-1593-4094-b44d-6e1ff441361f', '5e5192fb-9fc8-4a76-afe5-7aa8c038423c', 427000, 21125, 1, 1, 9, 0),
('9a8ad303-f3af-4f97-8849-836e9b1b4e9a', 'c7d91e97-86ee-4d10-8bf5-3b495590ebee', '11e6bca8-a333-4def-b0ed-258c094bdd9f', 631000, 35218, 0, 1, 15, 5),
('9ac0ef4f-eef1-40d0-a3bc-3d34ef4618ef', 'fd2ea378-8485-4a52-bc66-d6d2dc91d12a', '20c254d4-b841-4503-9cf6-e5b0e3fc9a34', 536000, 18693, 1, 1, 9, 2),
('9adb78f6-2970-406d-aee9-44ff4d19c58c', '7718d74e-e6eb-4932-aad1-167105a11a3a', '8aa5159e-a79a-42ba-a615-a9819143861b', 689000, 69763, 1, 1, 12, 3),
('9ae1d3b9-70a0-4a16-bb93-c03b516f2c10', '31a7f8a5-68bb-45ae-b1c4-0f867f1ec398', '657eae9a-40b6-4e8d-957d-44732ad23389', 491000, 41074, 0, 1, 29, 5),
('9b308103-4f51-4159-97d1-4566c951f225', 'd9de8d89-f2c8-4860-b17f-3f522ee5aa72', 'c52cbf15-7b09-495b-b2d5-d75fd69246c0', 592000, 28300, 0, 1, 14, 1),
('9bfdc55c-35a1-45ee-9ad5-433ed3bace30', '924e7e20-eebc-495c-b7a1-ae04ebe45a5a', '244f88f7-44c0-453c-8eb9-dd045d0337e1', 358000, 40896, 0, 1, 10, 5),
('9c21948d-b5c9-4bc9-bad7-a875de27bd18', '0ceb83c7-6b16-4370-8a30-05163004c5cc', '0083c164-2c40-4c77-820b-7e0bf0f75316', 755000, 12432, 1, 1, 6, 2),
('9c415d52-5140-4f89-ad3a-22afb161132b', '756d4b02-1593-4094-b44d-6e1ff441361f', '15293007-4ab8-4bcb-8f4d-8cacc89706dd', 531000, 6549, 0, 1, 5, 1),
('9c4d8772-b71e-4907-9fac-df3ab05a609c', '890c4621-6455-46ea-81f9-d4638b592f3d', 'aed47f0e-3f66-4450-921d-c45b54d31e0c', 439000, 82541, 0, 1, 8, 11),
('9c6b7320-210a-4ac8-b2a4-08cbc52da5c5', '4ab451b2-8921-415b-8c8e-3934fca1f5da', '7f9ae7aa-f095-4665-b1da-b5170d83485d', 285000, 105803, 1, 1, 14, 0),
('9c8adb17-35a5-428b-b394-3dac30446b82', '717f7653-75ca-40a4-8c15-c95b8271eb20', '5c48381c-b15a-4e0c-bca5-527a8c8db115', 358000, 80495, 1, 1, 33, 6),
('9cc5f650-d6a1-4a25-96e7-a34004586c88', '06d935fe-5a9b-463e-a8ab-84b4e6820502', 'd0484920-475b-4c9d-94e1-4d95276c1f52', 561000, 54635, 1, 1, 3, 9),
('9d0e10ef-1ace-4a0d-9748-2119e3d433be', '81649930-dcde-459b-8e4f-1509111127eb', 'f96b0e67-7d38-4bc6-8911-fe8043e91071', 398000, 40144, 1, 1, 10, 0),
('9d54b94c-e929-4ba8-9310-a62736f777b3', 'c7d91e97-86ee-4d10-8bf5-3b495590ebee', '3fa9d589-eb66-4f09-b85c-3b89b7eb41dc', 687000, 45236, 1, 2, 9, 5),
('9d944bb2-a2bd-4560-b5fc-be5d1e8d09c7', 'f8480810-59a0-4c17-b861-163d2f74e875', 'dbd3bb41-f089-4289-b77e-43774433bda2', 718000, 64747, 0, 1, 15, 1),
('9db09509-76a3-4623-9cae-4c69346f6ebb', 'fc2b0402-8e33-4055-a4be-87b82b5659a5', '6edd845b-a8e5-45a0-8b84-09043a7124e5', 264000, 29295, 0, 1, 20, 4),
('9db83ac7-fa89-4445-a2c7-f859f48a34aa', '02e14553-e9c5-4e8a-bbb3-7f3983fc6d2a', '5ae1d52e-f24e-4c46-a19a-35f96a6cb432', 739000, 47699, 1, 1, 10, 5),
('9ddef18e-dddb-48d2-bdf9-c3602a81ffcc', 'd6e852a0-e98d-4632-93c5-bb3e80b42c48', '1c16a4b8-5409-40b9-8da1-c8ec210ea902', 489000, 29235, 1, 1, 9, 2),
('9df713db-c1c8-4353-8966-6594cc190378', '2ca59f3d-0c0b-4265-9bd3-af5216f30573', '009b6e18-e973-4faf-b18a-d8c7e5f09aef', 439000, 49757, 0, 2, 27, 4),
('9e1951c7-4cb9-4e94-a36b-adc68df63284', 'bd7a62fa-18c1-4da1-a4ad-7fc7585926f1', '431597df-5774-4bc7-9637-cf9018295845', 1084000, 35378, 1, 1, 2, 3),
('9e452279-69c1-4440-9fe5-87edfe1c5f02', '31fb5182-7e7c-4f49-89dd-73c9d2f72997', 'dc7c88ae-9a9b-4008-9895-bad0dbef65f6', 410000, 18442, 1, 1, 7, 1),
('9e791698-7337-435e-98a0-fc47ab8705f6', '61019ff3-a3fc-4d26-a954-6d23f1562696', '69720727-22f0-4475-b9eb-29e22713ae76', 642000, 43537, 0, 1, 13, 4),
('9e903373-aa38-48b2-a359-6529585d586f', '0d58d88d-2122-436e-8e51-1ce3e440a540', 'aea85f32-7d60-4046-a68c-ab9557271f18', 181000, 107619, 0, 3, 18, 6),
('9ea5bb63-27bb-4c47-8f40-c7208d5f5123', '0164f8cc-f157-4be2-ad52-d75c20349364', '665e8cc5-72e9-41a5-8ec7-a7eef7e45125', 721000, 38807, 0, 2, 6, 2),
('9ed5bc85-e6ce-4da0-82bd-7e345dffc8b7', 'b556def5-8570-4c4a-9772-03d838551420', 'fac923d1-39ad-4028-92fb-a0b363f65c16', 295000, 35954, 0, 1, 25, 3),
('9edafacd-099b-4f0d-9db0-355570814e19', 'eeb92d79-d4e4-495a-9e91-4ef883faeb52', '96e5889f-f4d4-40a2-ad9b-199b237c45e3', 413000, 41964, 1, 2, 6, 1),
('9f11a762-3615-40f0-ba2d-1c619fa989f2', 'e957aaf0-325c-4d18-ae3f-51ff22169868', '1e02da2b-ae88-48d6-bae0-b62ae76e53b7', 565000, 40609, 1, 1, 6, 4),
('9f3641fc-bc06-4538-91c4-521b2fbcf082', 'dc2738b7-63c0-4fca-86ad-a63a56121b93', '12670aa9-74a1-42c8-98f5-a25d91252396', 783000, 39505, 1, 1, 1, 1),
('9f6881a0-6b99-4b96-b6d9-9658731306ac', 'e2f1826b-7d18-422b-8c20-8e2511d5775d', '681b47f6-0bd3-47bf-94ed-9fa3dc8b6848', 409000, 98274, 0, 2, 0, 0),
('9f712359-cb25-432b-b918-18895690a11b', '318960ba-4ecf-4289-82c6-e92f74f6748a', '681b47f6-0bd3-47bf-94ed-9fa3dc8b6848', 436000, 23582, 1, 1, 11, 6),
('9fa4826e-6a9d-47c0-ac53-38aeefcf94e9', 'ac0b5068-38a4-4102-9192-13df8abc616d', '244f88f7-44c0-453c-8eb9-dd045d0337e1', 335000, 76286, 0, 1, 16, 4),
('a0463a06-30c0-4a60-b102-bd1e5374f707', '3b632977-5123-43ca-a97f-f2e40b4eae10', '3f3c5759-aab5-477c-9756-ad6e89197b66', 501000, 45951, 1, 2, 9, 12),
('a04d0d67-4199-4412-992d-b19e1b23c610', '6f9b3391-3742-4786-8807-63c13888afc3', '060dcfa1-5c7e-41cf-b0d0-3c872ea82b47', 1102000, 24794, 1, 1, 3, 1),
('a0506417-7499-403e-8854-16aededb4ff3', '924e7e20-eebc-495c-b7a1-ae04ebe45a5a', '437c1759-f7fb-48c8-b06c-abd535e828db', 567000, 90742, 1, 1, 9, 3),
('a05a3a19-63ed-424d-8dab-ad34cbcc1ff3', '7ec5e70b-bca7-4a25-a2c6-f75dcbf87638', '0f7733b4-7e1c-46e7-88e8-d53288c0fa51', 886000, 28539, 1, 1, 15, 2),
('a06f8152-54bc-4f7d-b4eb-0d6fbb1dc73e', '0d58d88d-2122-436e-8e51-1ce3e440a540', '398baaf8-da70-40c6-a39b-6e118a193d12', 395000, 41734, 0, 1, 6, 11),
('a07c3535-07da-48de-8755-c870c1fc8562', '4a67ebdf-6c32-426d-b92b-cbd6aa0bbb09', 'caa3f236-839e-45cb-b4cd-42b5f022ed8d', 593000, 54733, 1, 1, 11, 4),
('a08cd0f6-41bc-4941-a2c8-aae9c07edf1a', '116b5dbc-0172-44ab-b153-740aa9c9d31e', 'a60a47d5-addf-45df-99f6-4f234d0a99e8', 451000, 70867, 1, 2, 28, 6),
('a0d1f383-a945-4b36-97c0-6cb123237d3d', '6fc31d18-db80-4823-b4f5-03c9f4f9ec7c', 'b6cd7025-e385-46e6-893d-fb38a507e7ff', 522000, 32287, 0, 1, 4, 2),
('a0e38825-1d0a-4584-9b3d-03674468b286', '4b99d2e0-6df1-4205-8d47-b6494ec399e8', '1c16a4b8-5409-40b9-8da1-c8ec210ea902', 471000, 71982, 0, 1, 8, 4),
('a0eee924-c0a8-4d2d-8cf3-427d5e3b4bd4', '3b632977-5123-43ca-a97f-f2e40b4eae10', '8eee50de-cc0c-474c-bb06-09da79fdd0ba', 358000, 13485, 1, 1, 6, 1),
('a1409244-76ff-4720-bd15-44f2f4ff5ebf', '327004bb-5c70-40a2-aca7-359c59fa7069', '438fa9bb-7c29-4755-af99-9d578fcecb21', 492000, 40348, 0, 2, 14, 0),
('a14b5b82-f87a-4053-b319-eeedfaf2a20f', '2b88c01e-9e9e-4687-8a9e-6906337f0343', 'aed47f0e-3f66-4450-921d-c45b54d31e0c', 401000, 96264, 0, 2, 0, 0),
('a176f299-1ea6-4222-9792-ae4aa4ca6d44', 'c0cf50dd-4a25-4863-8f54-5cfcf13166b7', 'caa3f236-839e-45cb-b4cd-42b5f022ed8d', 608000, 38482, 0, 1, 2, 6),
('a17aceb9-f1cd-40ab-a7a8-ce6ad1091e36', 'b556def5-8570-4c4a-9772-03d838551420', 'cb4be79c-c4e9-4ced-b6cf-8d441d63bd22', 533000, 35090, 1, 1, 4, 2),
('a1b34448-0c30-4375-af69-924336aceaa1', '891c34da-b563-4412-9d7d-936f880b21c8', 'd386e2ff-4036-4638-be77-f489c24d9cf5', 406000, 2116, 0, 1, 2, 0),
('a1f06eee-417d-44ba-9004-1704187b1d42', '9b1b1996-8a61-4236-9916-ca06e4c021a4', '417ed55e-dd51-4aed-9a8b-e676763f3057', 494000, 14268, 1, 1, 7, 2),
('a228aa45-37f1-4ef2-ac8e-c569b6215f74', 'fe3c2e15-3ff0-463b-b9a1-d23d39df3cd3', 'f6003f82-c40a-419e-9a2c-118fc1eadfd0', 265000, 71297, 1, 1, 5, 3),
('a29d0f0c-c6b4-40e1-9f45-ca65a1032687', '363d9210-f1a5-410f-b615-851541dafc47', '23c484ac-d178-46c8-bf39-ca3157a90af9', 438000, 70948, 1, 3, 17, 4),
('a2f32796-2bad-4038-bf7a-7bc9a222d04e', '537a49fc-6a72-45c1-9f14-d1fb6d65f683', 'caa3f236-839e-45cb-b4cd-42b5f022ed8d', 598000, 60770, 0, 1, 9, 3),
('a37f77b6-8675-43ba-8193-3e0b4ffeec03', '363d9210-f1a5-410f-b615-851541dafc47', 'a6492ad6-2e67-4944-98be-5f3d287376a9', 819000, 62418, 1, 2, 2, 6),
('a42f098c-24d1-4e36-b459-7abb4d28a955', 'c71446ba-868f-4ff8-951d-0005c98617e1', 'ef179f91-b0db-4e67-965e-2b1637722a86', 699000, 15600, 1, 1, 4, 4),
('a463ca35-5504-465a-9619-6c2559532d85', 'b63763de-568b-4525-85c9-b65fb31c7883', 'c6a65868-1594-4ec1-a548-0a7a05bf1612', 564000, 15178, 1, 1, 8, 1),
('a496707f-16c4-46cd-858d-abadbf97a779', '9b576a1b-9739-426a-afa7-b811ffddf74a', 'def9b528-9bd3-47c2-979f-59ddb4309d21', 557000, 73948, 1, 2, 4, 5),
('a54c3f7f-9c8b-4c43-82a4-a8f17e144755', '20ac8e30-279a-4e34-a0d0-8daa587220a8', '939ab999-997b-49d4-bb14-22ef43897d7d', 318000, 98502, 0, 1, 0, 0),
('a5559b19-9d0e-4752-9656-5d9aff78b548', '327004bb-5c70-40a2-aca7-359c59fa7069', 'dc7c88ae-9a9b-4008-9895-bad0dbef65f6', 440000, 14896, 1, 2, 12, 1),
('a55d9daf-6bc8-41db-8ce0-64a2057dfaa6', '25547234-a84e-4fba-be08-c0ea3436124b', 'd332bb5f-1037-49d6-98e1-fdb651da4576', 475000, 37808, 0, 1, 12, 3),
('a569778e-9684-4b86-bf8f-3030622aad60', '890c4621-6455-46ea-81f9-d4638b592f3d', '9cd93a3c-31e8-4565-b1a8-ab21e3ad8123', 443000, 53840, 1, 1, 0, 0),
('a592961f-eb2b-4d8f-a027-9f6a823d7785', 'c0d3bde6-36cc-4d93-8f1f-5cb70ab92c97', 'e69ba9cc-6aa1-40df-b884-a2a4b50d6317', 218000, 68075, 1, 1, 30, 6),
('a6023aed-d0b8-404c-8c64-1133c5c36c7d', 'bc88bec2-dd71-4811-a01c-ff0602c4a4a6', 'caa3f236-839e-45cb-b4cd-42b5f022ed8d', 598000, 60935, 1, 1, 11, 0),
('a613aaa8-ac23-474a-bb9e-a2791eae3d75', '9ff0119f-6851-48da-ad2f-a946bd980cae', 'd66da056-00ae-436a-aef5-0668b6bcffcb', 496000, 23686, 0, 2, 7, 2),
('a62899ed-7a12-4d70-9edf-0d42a20980d6', '84cb19dd-389d-45e7-a812-6cf038b2345e', '67ed6f07-1a95-4e30-8e54-1fd1918b4850', 472000, 16628, 0, 1, 0, 0),
('a65cb865-915d-4ea9-b641-562caaf02485', '264b0790-82ed-41b3-b08e-16eb4a2b2aa7', 'd0df4670-1a6f-432c-9582-9fe31495dc4c', 267000, 63792, 1, 1, 0, 0),
('a68bc34d-815d-47b0-8a5b-eace1faaad69', '66bbd2f8-041c-438b-a514-03541a161906', '16cdf0ae-fd55-43d4-9868-85245c52b2c0', 472000, 51244, 1, 1, 12, 2),
('a69f4353-9d87-4073-a6d0-397e5da94929', 'e07b43cd-2481-41d2-977b-13d3eabb4750', 'e0335740-b3d8-4d26-a435-58bd2748d528', 523000, 65056, 1, 2, 13, 2),
('a7a3162e-08f4-40cb-bebb-1ff783a0a9f6', 'ad384e62-1875-43d3-9878-6da45dc20e4b', '81300974-d081-4ac6-be39-c0c271c040a5', 700000, 39141, 1, 2, 3, 0),
('a7a374e2-1783-45d9-8bd1-4283c4f3c0ac', '537a49fc-6a72-45c1-9f14-d1fb6d65f683', 'ada2091c-91ce-4c7c-895d-42a32c575257', 385000, 90267, 0, 2, 14, 1),
('a7c20569-1a96-412f-a5cb-576ca8a7688a', 'ebae3726-cfa4-4413-9eff-b5ce669e62f4', '7ad112e8-9526-4952-894d-20660745cda9', 961000, 57002, 0, 1, 6, 3),
('a7c52b8b-9e5f-4906-abea-675642d4fa02', '13c665e0-3022-4741-bd6b-a31dea918ff3', '019de520-d410-4384-be92-66e5ba9ac74e', 579000, 77467, 0, 1, 11, 3),
('a944b08d-c1de-4dc4-a2a5-6de3054d64c3', 'd3353655-885c-4d30-9295-fa0af724217d', 'af214ab4-ec8c-446b-a50f-3127fece66e0', 620000, 68199, 0, 2, 8, 5),
('a9c606cf-a75d-4a43-ba1d-c73e78d65b61', '79f6d774-8966-4497-ab9d-1aa8111e9be6', '1c16a4b8-5409-40b9-8da1-c8ec210ea902', 477000, 33099, 1, 1, 16, 0),
('aa874730-6ba0-4299-beaa-7f3763d735d0', 'd9de8d89-f2c8-4860-b17f-3f522ee5aa72', 'a856d1ce-1261-4e4e-96d6-6ba6205c8c81', 528000, 113814, 0, 2, 7, 5),
('aab81d1a-1f04-4100-8031-f42e58a90444', 'b43bc10d-c549-4d90-80f1-a517a1ca6683', 'e60ffab7-348c-474b-9ff2-1ab25ceabf5f', 671000, 43437, 1, 1, 2, 3),
('ab25c6ec-26c2-4c66-9fa5-f3316f658f67', 'b556def5-8570-4c4a-9772-03d838551420', 'fac165a6-b74d-4281-91f5-4a528485741f', 858000, 31283, 0, 1, 10, 4),
('abb67d1a-cbc7-47ac-b88c-86f1b749d048', 'b26d4a6b-6589-4d53-8893-57e3fb62785c', '0d79ef9b-0025-489a-b6bf-92f237322875', 493000, 39085, 0, 1, 22, 4),
('ac04f175-a131-4a91-a1a5-f5c18d269bfd', '327004bb-5c70-40a2-aca7-359c59fa7069', '23c484ac-d178-46c8-bf39-ca3157a90af9', 476000, 52736, 1, 1, 12, 5),
('ac0ae079-0b88-43af-9efb-0d1ff2d2e55f', '0164f8cc-f157-4be2-ad52-d75c20349364', 'ddff6107-9001-4d0d-a853-9bb70b9ab035', 479000, 86195, 1, 1, 3, 2),
('ac18e85d-7785-41c4-b00f-fed730a11d1a', '4a08fd06-768a-4b84-a37e-ec87ccf54a8e', '8706366a-9c3a-406f-8b33-70bd293a7b1e', 539000, 95343, 1, 2, 27, 9),
('ac8fa4ba-998d-4b5e-93fe-72311a81dda5', '9dd4b85b-01be-4d00-9e47-cb0944c97456', '3dbbfecf-b9cd-4b3b-a17d-bb097df0f06b', 600000, 43478, 1, 1, 22, 3),
('aceaba48-820d-4b46-bd2e-0cc79ba9c2d1', '20ac8e30-279a-4e34-a0d0-8daa587220a8', '3ab187e8-900d-4c38-84e5-45b3742a1c77', 511000, 81391, 1, 1, 3, 1),
('ad0f5b7a-39d5-437d-8c78-4958c1094db4', 'd134b1fa-4e7e-4912-ad9a-38df1e24fc37', 'd1f104b1-eea6-4721-af65-a1918ea8d2b1', 927000, 16992, 0, 1, 4, 2),
('ad196813-7d31-45d8-9170-42bce5812464', '08dcf23c-29a0-4522-ba5b-c8d07b4ac122', '44167c1c-3668-4ece-9814-ba016014619c', 455000, 12690, 1, 1, 4, 0),
('ad2c4881-7de9-4d4c-8a44-411819ce2a4a', '7ec5e70b-bca7-4a25-a2c6-f75dcbf87638', '3eddc70d-963e-4a2f-b9b0-e35f46d0c151', 837000, 29125, 1, 2, 3, 0),
('ad4a2eb4-8438-49f1-9a80-b1d9b7a27f93', '68065598-0a46-4648-b330-de4f847073d0', 'c6bcc521-f205-4996-95a5-c1cc43938728', 381000, 48661, 1, 1, 7, 1),
('ad98eacf-e5ee-42d3-b44a-870dfeca93a7', 'cf01b625-dba6-47d6-92d7-2287b9850437', 'b66d0e73-545e-4a8e-b7f1-c043d05a9fd2', 596000, 81469, 1, 1, 0, 0),
('ada10d10-87c3-40cc-ae59-6667b3d98b72', '65cc32f9-d4c0-4313-a625-3b7dbd8c91e3', '0ba2d2c5-1b17-4adf-bb68-e7f563a67b0f', 394000, 80107, 0, 3, 0, 0),
('adc0e488-2501-4583-9ca7-7d33b5e376d5', '53c1a694-97db-4576-902a-c07d49a907be', '3ae6380f-1ef0-48dd-b4fc-a7206a7ff266', 945000, 27376, 1, 2, 0, 0),
('adeeee2b-4969-4b9d-807c-5fe9442b28d7', '891c34da-b563-4412-9d7d-936f880b21c8', 'dc7c88ae-9a9b-4008-9895-bad0dbef65f6', 407000, 15966, 1, 1, 7, 0),
('ae23f358-a811-4019-9f6d-5c5bb65933de', '856e28a2-7e5b-492d-89ae-8567f59eac85', 'fb3551d6-a525-4d47-ae08-8af44f031069', 578000, 88396, 1, 2, 28, 5),
('ae32f2c0-14e2-41af-ae79-756426b44b0d', '20ac8e30-279a-4e34-a0d0-8daa587220a8', '0aa1f391-252a-4a31-b775-d1c3ab082b5d', 522000, 34019, 1, 1, 15, 2),
('ae3bcaf3-a425-4e21-919d-ce0effc35e97', '114d6c59-aeba-4256-bc46-2e105d699a3b', '994c364d-71ab-44c9-b5c4-aa60098eeb9b', 320000, 57555, 1, 2, 2, 2),
('ae4f2fb9-6c61-4ba6-9c10-5a64b5d8399b', '74ea14fe-10a2-42a8-a647-cd54f61fe382', '5ef414bb-ceb8-41b6-80f9-2d51049f0487', 414000, 58845, 0, 2, 28, 3),
('ae6c2296-57dc-4539-ae14-c687d1241b74', 'cdc72b68-8d08-43e6-824d-8677f5a057aa', '9da8c5be-ab53-441f-915f-dd545f809df8', 674000, 34800, 0, 2, 19, 9),
('ae6d7d20-4328-476e-9537-150da099594b', 'ff9bef60-c661-47b7-b308-c3d09f71aca8', 'c00e2440-9ab6-4706-a172-c44c556d8424', 570000, 109938, 1, 1, 14, 5),
('aea01a7c-8d3e-4951-8258-363bce55bc9e', '6f40b8c1-c12a-447e-a190-8f2576977578', '01f54677-62c6-4a73-acf2-28ea75d74334', 287000, 75649, 0, 2, 0, 0),
('aecede7a-14c5-4a95-a815-dffc468a04ff', 'aab374a7-b02f-415e-bbdd-9378435e82b2', 'a0543c7f-56f0-4f5a-8839-f90f5fa0024f', 725000, 74875, 0, 1, 17, 10),
('aed08b1d-d711-4773-a709-18b42dbe9063', '007e7b4c-2b23-4f5e-8c25-e640693776f0', '6f270a5c-5580-4835-910f-568779558a5d', 240000, 37089, 1, 1, 21, 2),
('af09ab1a-177a-4ae1-ae6b-45ce4ae9e6d4', '318960ba-4ecf-4289-82c6-e92f74f6748a', 'ea0889ab-6e4b-422f-aa02-8177ce93aa01', 433000, 35970, 0, 1, 23, 4),
('af55ccd1-3a1a-46ab-b2ab-f3931fe59ea3', '327004bb-5c70-40a2-aca7-359c59fa7069', '0a0cbaac-86a5-4d7e-8f7a-2b7d09008e22', 332000, 27947, 0, 2, 10, 0),
('afce59c9-4a1f-423a-8feb-fd0d110a5155', '924e7e20-eebc-495c-b7a1-ae04ebe45a5a', 'b5789311-6574-44e3-a092-b4fb51dfd7da', 904000, 49968, 1, 1, 6, 2),
('b003ca11-a90e-4a8a-bdba-d7ff614d7f95', '2857cce6-cb7d-46db-8ac2-c1bc6f1da9c1', '405eeadb-0f79-4fc9-bff0-30f203af393a', 333000, 76934, 1, 2, 14, 4),
('b027099c-fd18-4586-88e5-dbd88f2c1d8e', '363d9210-f1a5-410f-b615-851541dafc47', 'dcd4514c-2b9e-4176-b0e8-2739cafcf131', 529000, 22343, 1, 2, 14, 2),
('b04033e3-1719-46b7-99f7-6ec9b85f5949', '8a32412e-51a7-448e-9467-79869e9e7e99', 'cafc1ddb-c5eb-4e74-98b5-c02759a8ed84', 403000, 79682, 0, 1, 17, 1),
('b06cbee8-e3e9-4ea9-b1ae-68e4904b35f7', '7aba5951-af19-4be0-8aa7-753843bdfb0f', '73af1cad-f55c-4a86-9274-0c18098d1aa3', 422000, 93158, 1, 1, 3, 2),
('b0766e65-0627-42a2-a460-359b7e7db07b', 'e2f1826b-7d18-422b-8c20-8e2511d5775d', '0379f222-0131-410e-8e3a-6961683f17af', 657000, 11595, 1, 1, 5, 0),
('b077440a-e2a3-426c-9cb8-0db2a4f7156d', '31b5d41b-9825-440b-8c83-db7fab6cf750', '0a3296bf-bb38-49c8-9dfa-91efa369ca3b', 442000, 62447, 0, 1, 11, 1),
('b0898c15-b21f-48f2-80a4-19603e0556bb', '6f9b3391-3742-4786-8807-63c13888afc3', 'd83a7c35-6536-41b1-a00a-a244552a4a3e', 570000, 13032, 1, 1, 4, 0),
('b09071cb-d4a0-49c8-863a-7d617a906e5d', '86c6f89c-ae6d-4ece-ac79-0047b5d0fcdd', '7553b1ca-8d60-4a2e-82d6-ddc3fd3e6633', 465000, 38048, 0, 2, 22, 2),
('b0edc209-5fe2-4dbf-a471-ec44728c7a3c', '61019ff3-a3fc-4d26-a954-6d23f1562696', '23596897-e22b-46f4-a203-0d15e75cfb4a', 547000, 80251, 0, 1, 24, 6),
('b127adca-1b2a-4c0a-90d0-914d913bde77', '16c0d5aa-c5da-4b5d-85f7-8d6f4dd71e30', 'd57a4e43-6865-437a-a909-30e3d7268e02', 565000, 15262, 1, 1, 1, 0),
('b1453bbb-0418-4bca-8558-bc6f1b5bfbfd', '191c3114-50ef-4043-989f-1e97f8e9a877', '86f7823f-f408-47bb-8751-90034442e428', 642000, 119884, 1, 1, 9, 8),
('b186f214-9e46-4286-a000-88d8d0ee22ac', '9ff0119f-6851-48da-ad2f-a946bd980cae', '97f9b6a3-927a-4135-9efc-0cab2a5d06af', 486000, 73239, 0, 1, 15, 4),
('b19dae5d-7274-496d-822a-221ba575b8c4', '86c6f89c-ae6d-4ece-ac79-0047b5d0fcdd', '657eae9a-40b6-4e8d-957d-44732ad23389', 495000, 56168, 1, 1, 18, 0),
('b19e1464-8696-42dc-b720-a94937e903b1', '5aa9281f-6881-42c6-8422-4548a2fee763', '69720727-22f0-4475-b9eb-29e22713ae76', 634000, 80422, 1, 1, 13, 0),
('b1af23f9-f82f-436a-ad6a-76222210cb95', '06d935fe-5a9b-463e-a8ab-84b4e6820502', 'd386e2ff-4036-4638-be77-f489c24d9cf5', 368000, 34574, 1, 1, 15, 5),
('b201ec14-c284-42e6-bc33-ee7d1fbe5cdc', '53c1a694-97db-4576-902a-c07d49a907be', 'aa669e53-0c1a-45de-97d2-66e09a92fca7', 630000, 16282, 1, 2, 2, 2),
('b20f797d-1ce5-4eff-b879-a331f5e0612a', 'f3069ab9-1b09-4a0d-b0cf-913c680be71b', 'af214ab4-ec8c-446b-a50f-3127fece66e0', 578000, 50044, 1, 1, 9, 5),
('b214ab7c-53c5-49df-8ac4-9b49c5d2d3ca', '007e7b4c-2b23-4f5e-8c25-e640693776f0', 'dd90fd88-ac93-410b-ab2b-ba884624677d', 556000, 73649, 1, 1, 19, 1),
('b217931b-04d3-4473-b989-f4592e325746', 'b26d4a6b-6589-4d53-8893-57e3fb62785c', '0aa1f391-252a-4a31-b775-d1c3ab082b5d', 453000, 81039, 1, 1, 14, 2),
('b2275575-b4c5-449a-98df-60c2d5a0be77', 'f0b90cdf-8983-4137-ac16-ac558f22a892', 'b4ed6027-353a-4883-9db5-33d6026c27f4', 373000, 24381, 1, 2, 6, 3),
('b2aabce1-3233-4b14-af83-446e7721ae74', '4a67ebdf-6c32-426d-b92b-cbd6aa0bbb09', 'd6a3f6bf-f03f-42a4-9e1a-b929ab34a27a', 292000, 121389, 1, 1, 27, 0),
('b2c53d03-c0ff-4dc6-9aae-b6aea179efd0', '2283c75e-e44d-4077-a1af-fa95d9a7cdbf', '49fb7327-e138-44dc-bffd-485569204f2e', 358000, 56620, 0, 1, 6, 1);
INSERT INTO `transaction` (`id_transaction`, `id_customer`, `id_model`, `price`, `km_driven`, `spare_key`, `ownership`, `imperfections`, `repainted_parts`) VALUES
('b2e2c307-0a47-45c1-ae40-af7aaecbcf0c', '912109a7-705c-4242-87f3-10033bf26005', '23c484ac-d178-46c8-bf39-ca3157a90af9', 555000, 92616, 0, 2, 14, 2),
('b2ec4019-e837-486d-9179-a5ca8bc01a69', '19000518-af0c-4b0b-947d-4979801c2dfc', '1e02da2b-ae88-48d6-bae0-b62ae76e53b7', 552000, 37683, 1, 1, 11, 4),
('b304df3f-4a4e-4dda-838b-c7c79578c300', '31a7f8a5-68bb-45ae-b1c4-0f867f1ec398', 'b35ad8e9-c137-4d3d-bfe2-66d8d8857f40', 299000, 49599, 0, 1, 5, 0),
('b344b8cd-d45c-461d-834b-41c43d81030a', '7302a95e-73f5-4a5a-bdf3-51c2bec90173', 'a260a952-eb2d-4f96-956b-5838c4520512', 233000, 43780, 0, 1, 10, 2),
('b3a8dbf5-d75f-4043-8d96-ae6109ea0e2d', '63b55129-ca1d-49de-8a7e-bb08d8260565', 'e47912ad-cb27-46a0-aacd-6606eb6b609e', 385000, 76727, 1, 1, 17, 3),
('b3bbbe98-8b26-4514-9fdc-6a4575f41d93', '327004bb-5c70-40a2-aca7-359c59fa7069', '40c1c497-d703-4585-a01e-d2a08ab4d73f', 746000, 32897, 1, 1, 11, 6),
('b3c57779-dd12-472a-b0c7-eae2ce1a7761', '08dcf23c-29a0-4522-ba5b-c8d07b4ac122', '558dcb45-673b-4f7b-b493-a551a96b2aca', 378000, 50645, 1, 1, 0, 0),
('b3ce3b44-f192-4f1a-a9d0-5f28b1de407c', '9ff0119f-6851-48da-ad2f-a946bd980cae', '0ba2d2c5-1b17-4adf-bb68-e7f563a67b0f', 388000, 48605, 1, 2, 10, 2),
('b3dc510e-124d-40bb-8355-f36162556a6b', 'd58dbf41-cd08-4a6c-a4e8-c093f378c534', 'af214ab4-ec8c-446b-a50f-3127fece66e0', 474000, 107298, 1, 1, 35, 12),
('b41da1d7-627c-4852-8f5a-b502dd4954e0', 'c7d91e97-86ee-4d10-8bf5-3b495590ebee', '1735c955-f431-470f-81f0-86fb2641b743', 410000, 88225, 1, 1, 0, 0),
('b426bd76-2a09-4f70-97c5-e9763673c657', 'e69a14b3-ae9c-4962-879e-f5fad70b7eb5', '736e4920-7f08-41bc-bfca-64357c8bd99c', 1146000, 22737, 1, 1, 0, 0),
('b5337c49-4369-42ba-addf-621652969423', '2ec800ee-9be2-48ef-b47d-745663373076', '5ef414bb-ceb8-41b6-80f9-2d51049f0487', 376000, 56359, 1, 2, 9, 4),
('b55d2847-306c-450b-bbaf-9c80a0d9ecf8', '89be7c40-19b9-4117-b5e6-855fc80ffbe4', '2b42f7c0-5203-463d-a018-ce2ce4c21754', 449000, 70604, 1, 1, 14, 9),
('b5d89221-a148-44e0-b8d2-d8a5038a56d5', 'e69a14b3-ae9c-4962-879e-f5fad70b7eb5', '47f88a26-6f33-4ee3-a4e0-d6009f6cc2d3', 432000, 12058, 1, 1, 9, 2),
('b64509a9-d939-4aa3-926a-b2cecc722fdf', 'd93d8e87-522c-4547-afd5-a8dafa582394', '38162518-3ce2-48fd-957c-1a2bda4b6b81', 522000, 80161, 0, 2, 14, 7),
('b650f27d-99d6-4c32-8432-8f8089b62807', '25547234-a84e-4fba-be08-c0ea3436124b', '9b728712-7acc-49b9-9870-0fb499d13631', 758000, 29003, 0, 1, 1, 0),
('b70dd84d-e2d8-4f96-a7be-549451ce81dc', 'bd7a62fa-18c1-4da1-a4ad-7fc7585926f1', '5f117654-25f3-4d23-a242-fd7686b2e21e', 661000, 60384, 1, 2, 15, 3),
('b727fe25-0047-45da-b50d-ed4516ecc83c', '8d65ff84-99fc-402e-bf22-37ae8bfd5e43', 'ae621735-179a-48dd-b614-af42526de641', 657000, 98119, 1, 1, 16, 7),
('b7486fa0-d1fd-4bdb-95c0-fc3d83ab8922', 'b26d4a6b-6589-4d53-8893-57e3fb62785c', '0f43cc3a-b4ce-4736-b0ee-658abe023ce8', 470000, 92528, 1, 2, 6, 10),
('b74a07be-2482-4342-8876-0a37c1ac034e', '75d89fb0-2033-44d5-afc3-2e57faf58126', '75a79bdc-5efc-4917-98aa-0090a4eab982', 266000, 72090, 1, 1, 21, 4),
('b77dcc9e-8538-4763-b827-ab280fa19c71', '890c4621-6455-46ea-81f9-d4638b592f3d', '3c1f4ea3-66dd-42b6-94d5-2e9c0d276c1d', 425000, 69216, 1, 1, 25, 16),
('b7954321-7e8b-4960-bcba-551b2a37cdbe', 'f0b90cdf-8983-4137-ac16-ac558f22a892', '94bdd3ea-de8d-4740-ba3e-1b655e557bb3', 817000, 40101, 0, 1, 10, 3),
('b795a8f9-3c68-44a1-a113-ae0ad9597b76', '61019ff3-a3fc-4d26-a954-6d23f1562696', '44167c1c-3668-4ece-9814-ba016014619c', 471000, 15847, 1, 1, 0, 0),
('b8184e4f-e457-4c9d-b5c6-e0871b988f00', '5ba308b2-5e06-4e87-b6e3-a428062e5a45', '75a79bdc-5efc-4917-98aa-0090a4eab982', 304000, 42307, 1, 1, 11, 0),
('b85ea84a-3b77-4539-9508-13d97ce9bfe6', '2ca59f3d-0c0b-4265-9bd3-af5216f30573', 'f93ff028-af4b-4a23-8c2f-29af54a2d684', 417000, 62412, 1, 2, 3, 10),
('b887832f-4992-4fe4-b0c7-495776bc1c14', '9bfd83de-0b5d-4ee8-86cb-490fd55eced2', 'aaf32e95-44e4-417d-9d1c-f3ee40f6eb57', 496000, 69471, 0, 1, 5, 3),
('b89a67ad-8883-48cd-ae81-5566eb62a344', 'eeb92d79-d4e4-495a-9e91-4ef883faeb52', '0379f222-0131-410e-8e3a-6961683f17af', 622000, 33717, 1, 1, 30, 11),
('b8aa8e01-fd6f-43b7-9d07-d84c88a4ecfc', 'f586bfe1-bb09-49b9-b841-f55cb3aa9d1a', '0a113c00-c983-4198-87c1-5e83624f5bb6', 749000, 41735, 1, 1, 23, 8),
('b8c9c18c-7650-4417-ba54-3829f2412724', 'a590eb1b-23d3-4f42-af8f-b507de6d2788', 'fd656238-9206-475f-99d2-39f07f941d0b', 488000, 31772, 0, 1, 3, 0),
('b8fcfdb9-b008-4344-b2fd-8f494bebda7c', '8694a7f8-7bd2-4422-ab4f-b61ac6106554', 'cf42085d-bb62-421a-9bb3-713df9c32cc0', 443000, 84182, 1, 2, 18, 1),
('b8fd5c19-8206-4616-baad-eac9b5f58602', 'f8e6b14b-a3fa-4e29-aedc-546199104084', '6a12f727-f061-4653-b898-da1a4ecc77fa', 644000, 80229, 0, 1, 8, 1),
('b9362025-77b5-4bc7-a48e-f483fd72c6f9', 'c7d91e97-86ee-4d10-8bf5-3b495590ebee', 'fac923d1-39ad-4028-92fb-a0b363f65c16', 250000, 70322, 1, 2, 11, 4),
('b95a73a8-b4d8-4657-aed4-a154439de753', '84cb19dd-389d-45e7-a812-6cf038b2345e', 'a9214436-5b2c-469f-b01a-71de08bb003a', 521000, 20485, 1, 1, 5, 6),
('b973f659-ff22-4e4d-aef8-c25e4b221a1e', 'cf01b625-dba6-47d6-92d7-2287b9850437', '4cd7c3a6-9e56-4f3c-b84a-275de46b2389', 208000, 31841, 1, 1, 30, 2),
('b9820cdc-638f-4c8c-914b-674d4369f0ec', '31fb5182-7e7c-4f49-89dd-73c9d2f72997', '59650bad-855b-4ed5-a4ac-930aa490bc42', 577000, 47110, 0, 1, 4, 2),
('b9bf44ba-2714-4ce1-83e6-18ad6054a89d', '741d3006-aa27-4331-9dfe-ada10ac544b7', '3e292e11-a39d-4f6d-a9cc-a64d1ebdca3e', 600000, 16547, 1, 2, 3, 9),
('ba01746f-1902-4bb1-a715-f232627943d3', 'd93d8e87-522c-4547-afd5-a8dafa582394', '81300974-d081-4ac6-be39-c0c271c040a5', 779000, 14683, 1, 1, 1, 0),
('ba5b262a-212d-45f0-b094-2edd1f6b1d4a', 'cdc72b68-8d08-43e6-824d-8677f5a057aa', '73a5e118-2c5d-44fb-b0c9-dcd7cf5efba1', 616000, 72891, 1, 2, 3, 7),
('ba8d986a-15c8-4f33-bb89-e4c714ff94f5', '32832771-b0d6-48af-863e-acdb17c0a35d', '2eac2a44-14f8-43b2-975d-821110862dbf', 677000, 76460, 1, 2, 8, 3),
('bad4f20d-a6c3-4b0c-9a5a-47963bd91911', 'e957aaf0-325c-4d18-ae3f-51ff22169868', '009b6e18-e973-4faf-b18a-d8c7e5f09aef', 513000, 58570, 1, 2, 10, 3),
('baf26268-7384-434d-9fb3-44318eee1c48', '8a32412e-51a7-448e-9467-79869e9e7e99', 'd386e2ff-4036-4638-be77-f489c24d9cf5', 398000, 27014, 0, 1, 10, 2),
('bb1ebc86-3433-4094-ac7e-fb9ca21b20a0', 'e07b43cd-2481-41d2-977b-13d3eabb4750', 'e39fccaa-68fc-4979-bec0-a7186ed506e4', 307000, 39721, 1, 2, 18, 14),
('bb2c3b3e-8755-474f-af5f-eee06a7e827d', '327004bb-5c70-40a2-aca7-359c59fa7069', 'e1b9dff2-7786-40e1-9450-7743d18e9589', 627000, 59534, 1, 1, 9, 2),
('bb6e0014-ad6b-4665-99d8-f1d9abacfc3c', '318960ba-4ecf-4289-82c6-e92f74f6748a', '3c56c214-290f-4833-99c7-a9fd52a5d24e', 442000, 47493, 1, 1, 10, 0),
('bbda9aa4-8021-4845-87ef-04a8c00ce30d', 'b43bc10d-c549-4d90-80f1-a517a1ca6683', 'b8fbc3cb-8dce-472e-9d85-5dcbd8c6b8ab', 286000, 80601, 0, 1, 28, 9),
('bbf122b8-c0a3-4dbf-9afe-85a4ca5013b0', 'bff7cfc3-0e79-4f10-b65f-73f59aecde2a', '4115ee3c-d12b-4087-8691-aa86d2108b0e', 380000, 26792, 1, 1, 4, 0),
('bc13e1c4-57dd-4cf6-9d8b-78c4faff1921', '9dd4b85b-01be-4d00-9e47-cb0944c97456', 'a347af7d-a3e2-44ff-9423-5387be1b9d1d', 422000, 87820, 1, 1, 10, 6),
('bc13e3f2-4e8e-4ce8-a419-6d9dbfbe3513', '2857cce6-cb7d-46db-8ac2-c1bc6f1da9c1', 'a65aa2a9-5e2a-412e-8aea-7f04b61d2218', 619000, 49070, 1, 1, 5, 2),
('bc5aecf6-e887-4b9a-8e5f-ae69ecced0a6', '84cb19dd-389d-45e7-a812-6cf038b2345e', '2b23541e-0e9b-42a7-b2b7-944a33805348', 809000, 30949, 1, 1, 30, 11),
('bc82adca-a6ac-40c3-9141-0104662f7869', 'bff7cfc3-0e79-4f10-b65f-73f59aecde2a', '65808d75-c6a5-4558-972e-f19994b256fd', 699000, 27579, 1, 2, 12, 0),
('bc8c45a5-cfe2-4b25-932d-6e1b17343cae', 'd58dbf41-cd08-4a6c-a4e8-c093f378c534', 'edd4079c-baaf-4517-82c1-d41e2896d6a9', 400000, 17897, 1, 1, 9, 0),
('bc955d6f-cc13-4353-bf9f-7db798b706e2', 'f586bfe1-bb09-49b9-b841-f55cb3aa9d1a', '1c12c6f4-4bf9-4fde-adeb-68719c38436a', 608000, 91528, 1, 1, 32, 7),
('bca41257-27bd-4f1f-bd2e-b1374efd52a2', '5bb8d34c-2297-4bdb-a4c2-10068f803d45', '0379f222-0131-410e-8e3a-6961683f17af', 701000, 17079, 0, 1, 8, 0),
('bca7a519-b309-482c-8d8b-9d2051c3f36c', '7103fd54-00c1-4a99-99cb-cecc23ba7c03', '894c9588-71e9-4f82-afee-142b6158f54d', 312000, 76750, 0, 1, 9, 8),
('bcaca5d5-46b7-4959-940d-987117905ffe', '1eed0924-316f-4758-b1c3-75d3dbde732f', '29f5c74b-e9a8-4c52-8bd5-2e7b8ecbc1df', 437000, 65272, 1, 2, 13, 5),
('bcb7b6ef-0334-49b1-b6bd-4d8f3204aa56', 'a590eb1b-23d3-4f42-af8f-b507de6d2788', '7dadabf7-7729-4d8b-859c-07607a548e0a', 519000, 77033, 1, 2, 12, 7),
('bcd90826-f059-43b5-8070-949d230101eb', '86c6f89c-ae6d-4ece-ac79-0047b5d0fcdd', 'f6689ec3-5ec5-49f3-a4b0-a6a87e3b5db5', 662000, 13228, 0, 1, 15, 0),
('bcdcfce3-afe6-4dfa-ac81-cf33f11164f3', 'ce1df218-757e-4cce-90c0-3fe9780bb377', '4cc6936c-6be7-4bc4-ac12-c74bf7237f02', 721000, 24626, 0, 1, 34, 15),
('bdba0a95-b693-480e-93b4-ab8b0576aa24', '717f7653-75ca-40a4-8c15-c95b8271eb20', 'ef5341a3-9bd4-4434-bc17-0fe48ca04ca5', 287000, 105898, 0, 2, 30, 0),
('bdd5df29-5274-4034-994d-a5e78a2a4d1c', 'a0063fba-d481-40aa-b01e-d065e4da3cc4', '244f88f7-44c0-453c-8eb9-dd045d0337e1', 319000, 66819, 1, 1, 21, 8),
('be370af8-6f59-452e-8600-8a963ecfb6ee', 'b556def5-8570-4c4a-9772-03d838551420', '1500274f-a6a7-4f34-9e9f-8e2e4377560a', 976000, 19967, 1, 1, 2, 0),
('be3d7c0e-9034-4ba1-98b7-412e35705745', '0ceb83c7-6b16-4370-8a30-05163004c5cc', '88cc2f36-a567-4441-9c90-568fcbb66499', 487000, 40081, 1, 1, 8, 14),
('be4d3611-8708-4496-8a92-37f4cbad1bd6', '007e7b4c-2b23-4f5e-8c25-e640693776f0', '585ad6d3-d963-4719-9625-162a6caaa72b', 604000, 22594, 1, 1, 3, 2),
('be56a576-a91f-4861-809d-e46d47189fef', '7103fd54-00c1-4a99-99cb-cecc23ba7c03', '3eb9bb8c-58de-4622-9bf0-848467e29710', 385000, 32899, 0, 2, 25, 8),
('beaca293-f381-4816-a9e3-128ec01ecc8c', 'dc749658-9697-4547-9ed7-93e82e9e36a7', '43895574-95df-4fdb-98d4-b3a5bc0e8c31', 331000, 60005, 1, 3, 4, 13),
('beb4b8c8-57e7-40d5-adc7-81b0141856d0', '63b55129-ca1d-49de-8a7e-bb08d8260565', 'fb0e1ee7-8a02-4afa-97aa-3df3a829df44', 357000, 88376, 0, 1, 0, 0),
('bebdef59-84a6-4a0b-b8bf-cdfff576d341', 'fd2ea378-8485-4a52-bc66-d6d2dc91d12a', 'd364ee01-1849-4021-8e90-03a5222a425b', 278000, 37983, 1, 1, 6, 8),
('beec9d41-d926-49d1-a5da-4b854cfd3b88', '31c4b675-0fc8-4cf3-8b90-f404b0b5d62d', 'd6e13744-0dc1-4865-b732-8cf396fe0cd6', 699000, 36251, 1, 1, 1, 1),
('bf7ae2c8-de47-4b46-bd54-44c613837c44', '166355a9-f27a-4036-b72a-37f1ade8a102', '8000f630-8a2a-4fe9-81bb-5682556866e6', 331000, 71115, 1, 3, 0, 0),
('c005c715-0e36-468c-a63f-2afe6facdb74', 'f3069ab9-1b09-4a0d-b0cf-913c680be71b', 'a856d1ce-1261-4e4e-96d6-6ba6205c8c81', 564000, 42752, 1, 1, 8, 3),
('c0103c40-8121-47fe-a7f9-1b70ce0ec1b0', '86c6f89c-ae6d-4ece-ac79-0047b5d0fcdd', '44167c1c-3668-4ece-9814-ba016014619c', 483000, 13814, 1, 1, 1, 0),
('c0622c49-2254-46fc-95ad-76f0fe730637', '15499ef6-e07b-4271-b45e-d82d10f3f513', '5619fd40-32d4-4122-b65a-da3a956c5613', 489000, 10106, 1, 1, 3, 0),
('c066011d-e3c6-4b3a-a374-3d13e12c7363', 'd3d9e1f5-b590-4042-8ef8-63783f1d8249', '0f7733b4-7e1c-46e7-88e8-d53288c0fa51', 873000, 45058, 1, 1, 1, 0),
('c0728815-9a99-4c88-a2a3-7527004dc4cb', '0ceb83c7-6b16-4370-8a30-05163004c5cc', '19ced1d9-222d-4df6-8a16-02a70424c4d2', 267000, 65520, 0, 1, 18, 5),
('c077f5f8-0ee4-4d01-bb96-578bec357397', '08dcf23c-29a0-4522-ba5b-c8d07b4ac122', '7fe1c508-fc15-429b-90a4-7309c75bc8f7', 445000, 80488, 1, 2, 10, 6),
('c089edc4-e284-4086-b35c-353c41f5c7a6', 'ad384e62-1875-43d3-9878-6da45dc20e4b', 'd386e2ff-4036-4638-be77-f489c24d9cf5', 415000, 19497, 0, 1, 7, 5),
('c09b2ed0-ae26-4269-858f-cc08286f2efc', '8d65ff84-99fc-402e-bf22-37ae8bfd5e43', '43e765c4-1648-4e8f-b18e-b9c0f7baba0c', 434000, 108085, 0, 2, 20, 9),
('c0d9ad66-56e1-4888-bb39-1ec69e56f83d', '900f20b0-da96-4175-93d8-2b8364b47c42', 'c495a3d1-c45e-47f4-9e1a-6f5b9165b58b', 411000, 59700, 1, 3, 0, 0),
('c0e164ac-78d6-47ac-914a-ac0800160a96', '5f25da18-6be6-4ffa-94f2-40b4e761b6f0', '23c484ac-d178-46c8-bf39-ca3157a90af9', 525000, 69995, 1, 1, 10, 1),
('c0e6321a-fb97-421f-84fd-f76d2eadbf28', '25547234-a84e-4fba-be08-c0ea3436124b', 'a260a952-eb2d-4f96-956b-5838c4520512', 244000, 57290, 1, 1, 0, 0),
('c10e5398-aba3-4435-89b0-247d7310ecf3', 'e5ec8885-d79c-4f6b-8bd8-2651e400466a', 'fb822724-e893-48f1-8951-d4e8ef0bfc20', 701000, 80245, 0, 2, 6, 0),
('c110eeb3-7251-43e2-b6ae-52aeef5f3241', 'dc2738b7-63c0-4fca-86ad-a63a56121b93', '8589d578-e3d9-42c6-8240-39f27035bf5f', 863000, 5527, 1, 1, 1, 0),
('c14ded8a-23c1-4dbf-aade-109e426a873f', '728d06b2-3a72-4e5b-9338-f04ecf5f8b4a', '871cea70-cd9e-4d70-98a8-0ed8206a62ff', 662000, 57040, 0, 1, 10, 4),
('c17b44f1-6ba2-4ee0-9064-249ac442eb2f', '9b576a1b-9739-426a-afa7-b811ffddf74a', 'dc7c88ae-9a9b-4008-9895-bad0dbef65f6', 378000, 31102, 0, 2, 27, 11),
('c1a336c5-094b-4092-b7f1-207f053bb4bb', 'd134b1fa-4e7e-4912-ad9a-38df1e24fc37', '5fb8be9b-9516-4a0c-9d1b-a6c6d4c5f64d', 370000, 21999, 1, 1, 0, 0),
('c1e00e7c-0652-4ff9-af0f-c6efbcc9b48a', '0ceb83c7-6b16-4370-8a30-05163004c5cc', 'dc7c88ae-9a9b-4008-9895-bad0dbef65f6', 402000, 26931, 1, 1, 2, 3),
('c206eca9-cf00-4298-a44d-336d9773f958', '25b45a83-70e7-4685-b5f2-6b78b2e7ed2c', '75a79bdc-5efc-4917-98aa-0090a4eab982', 295000, 99572, 1, 1, 25, 3),
('c20a614e-050c-4cde-a137-62e234bae1b3', '7718d74e-e6eb-4932-aad1-167105a11a3a', 'd6e13744-0dc1-4865-b732-8cf396fe0cd6', 683000, 39686, 1, 1, 1, 6),
('c22c0ace-3bc3-436e-b07b-aefb72f8de13', '72828d79-0796-4b70-a3ef-b3815093e160', 'f6689ec3-5ec5-49f3-a4b0-a6a87e3b5db5', 667000, 31851, 1, 1, 12, 2),
('c26cd64d-dbd2-4285-86d2-0e1cd86bd680', '114d6c59-aeba-4256-bc46-2e105d699a3b', '3c733468-38a1-44ce-bbf5-64d00be84466', 581000, 63916, 0, 2, 8, 1),
('c27547b9-e911-4245-8e99-e175257bdd57', 'b26d4a6b-6589-4d53-8893-57e3fb62785c', '75a79bdc-5efc-4917-98aa-0090a4eab982', 363000, 35720, 0, 1, 7, 1),
('c28b9f01-54df-4a97-a83c-c5131f2e2c01', '9b576a1b-9739-426a-afa7-b811ffddf74a', '5fb8be9b-9516-4a0c-9d1b-a6c6d4c5f64d', 385000, 8064, 1, 1, 5, 2),
('c2e0c4d4-08c0-42e2-b437-3dc093b8187a', '7607003a-212c-41c9-a1a4-02dc5ca212ba', '9b7843c9-16fa-4dda-acf2-43571e377fc5', 793000, 18868, 1, 1, 6, 5),
('c3013d19-ea6e-48dd-b748-86d8946512aa', '9bfd83de-0b5d-4ee8-86cb-490fd55eced2', '379a6721-7b80-4393-8784-64850f89bd9f', 445000, 65005, 1, 2, 18, 4),
('c330fe58-8902-4e2e-9c56-836fa400d58f', 'fc2b0402-8e33-4055-a4be-87b82b5659a5', 'a4a3cdf2-7399-4ab4-8d08-78fc88249c53', 467000, 76787, 1, 2, 6, 1),
('c34cefcc-f72c-4e92-bb12-532a0e6626ad', 'b43bc10d-c549-4d90-80f1-a517a1ca6683', '4ff83af9-0714-41d0-8281-759005b25124', 216000, 19685, 1, 1, 3, 0),
('c3a2cc8d-75e9-4ac6-af8d-37205e00aaf5', '520a7045-c07f-4711-8f71-eb04ce262de3', '3940933d-fab7-4f72-b884-63bf54d0c559', 696000, 29010, 0, 1, 6, 3),
('c3a4f44a-8bff-451c-bedd-3de16defb9ea', '0cf9c0a7-8bf6-4e7d-ba3d-fc6a78405821', '28186e97-2e96-4359-83f9-a84eedaacb75', 336000, 47066, 0, 2, 7, 3),
('c3ee44b9-308b-4a16-adc9-2c5559e9e3a7', 'cc93600a-918d-4cd2-8fb5-091f018b74a8', 'aa669e53-0c1a-45de-97d2-66e09a92fca7', 708000, 24684, 1, 1, 3, 0),
('c4296fae-217a-4798-981f-7557d283857b', '78f782d3-7199-4210-821c-afc336390cd4', '65d03885-0e57-4fda-a0c2-64dec4dd6f23', 301000, 95214, 1, 1, 21, 0),
('c4459a52-78ff-401b-95ac-5d05536cdc5f', 'd3353655-885c-4d30-9295-fa0af724217d', 'aaf32e95-44e4-417d-9d1c-f3ee40f6eb57', 490000, 41801, 1, 1, 13, 5),
('c45b7a9f-1f2a-4c8c-8230-f92fafeffd63', '16c0d5aa-c5da-4b5d-85f7-8d6f4dd71e30', 'd6a3f6bf-f03f-42a4-9e1a-b929ab34a27a', 318000, 73723, 1, 2, 26, 15),
('c4b90455-8b8e-452b-905a-fae9c18d5224', '31b5d41b-9825-440b-8c83-db7fab6cf750', 'e6ecc0aa-0bf3-4342-a137-cc4b5564deb7', 699000, 23573, 0, 1, 4, 1),
('c5e3eb19-4879-4650-98d9-e695104de6c3', 'a0063fba-d481-40aa-b01e-d065e4da3cc4', 'd4b09c43-aaa6-46e8-b638-14a1ae70a78b', 703000, 60706, 1, 1, 3, 0),
('c5ebc5b0-1c4d-4e4e-b9e2-3a8ff962e531', '2ec800ee-9be2-48ef-b47d-745663373076', '019de520-d410-4384-be92-66e5ba9ac74e', 468000, 42091, 0, 2, 10, 8),
('c5ec807c-9667-426c-b465-fe701e028f75', 'f71c082a-7648-4a50-b161-bc36cbd1f9b1', '994c364d-71ab-44c9-b5c4-aa60098eeb9b', 321000, 53567, 0, 2, 9, 5),
('c5f9410d-e658-4120-aa97-fcccbc723bb6', 'ac0b5068-38a4-4102-9192-13df8abc616d', 'f05738c5-17a0-4de9-87d8-8fa849e428fc', 563000, 43456, 1, 2, 5, 2),
('c6079656-3871-49f2-978d-2cb3954d3703', '54b273be-e37c-4aa7-838b-cbd8e5b9f81e', 'd1f104b1-eea6-4721-af65-a1918ea8d2b1', 865000, 29291, 1, 1, 2, 0),
('c625422c-093e-4c26-8f69-96242485835f', '6f9b3391-3742-4786-8807-63c13888afc3', 'aa669e53-0c1a-45de-97d2-66e09a92fca7', 718000, 86198, 1, 1, 20, 7),
('c62b95a9-61d0-4666-a11e-071e62297e66', '0ceb83c7-6b16-4370-8a30-05163004c5cc', '6398d33e-e963-42a8-b37e-5d7e78ad9388', 497000, 71773, 1, 1, 6, 6),
('c6c74cb3-d927-4ca3-9ba2-5425a672969c', '9490722f-a305-4625-a7bb-38271ccfa2fd', '939ab999-997b-49d4-bb14-22ef43897d7d', 398000, 10558, 1, 1, 2, 4),
('c6cb4a4a-75a0-4287-9931-1e6492e69274', '7693a493-2521-4c2d-8264-c94a7cb31a92', '1da733f2-7f72-401d-af57-0499da8dbbda', 632000, 86345, 1, 2, 0, 0),
('c6d389a2-05a4-4340-9af2-b24bdf56e4c8', '8ea42c75-661f-4f60-bd3c-a595b6ca15bc', 'e0335740-b3d8-4d26-a435-58bd2748d528', 524000, 39639, 1, 2, 19, 12),
('c7179cac-8cd6-43dd-9e15-ce32943a310a', 'd93d8e87-522c-4547-afd5-a8dafa582394', '114d99a6-7190-434c-bef6-4b979c1917e5', 582000, 89450, 1, 2, 5, 4),
('c7c56e2f-b2f3-4507-82b4-e51aa3691c25', '4a67ebdf-6c32-426d-b92b-cbd6aa0bbb09', 'a260a952-eb2d-4f96-956b-5838c4520512', 211000, 60963, 1, 1, 21, 7),
('c803ca65-734d-4f85-bec1-f691cdfdaf5f', 'bff7cfc3-0e79-4f10-b65f-73f59aecde2a', '3dbbfecf-b9cd-4b3b-a17d-bb097df0f06b', 584000, 32866, 1, 2, 1, 1),
('c81da2a9-a18b-4e7c-83dc-2902569f9191', '363d9210-f1a5-410f-b615-851541dafc47', '49fb7327-e138-44dc-bffd-485569204f2e', 375000, 29956, 0, 1, 15, 1),
('c85b4390-3ff1-4840-ba2e-3e8068648004', '81649930-dcde-459b-8e4f-1509111127eb', '1c16a4b8-5409-40b9-8da1-c8ec210ea902', 562000, 72633, 0, 1, 6, 4),
('c88e5ed4-1ebd-44bf-b7e0-b512e2bbb701', 'dc749658-9697-4547-9ed7-93e82e9e36a7', '7ed1b475-ec9b-4c22-8192-97abc6e12b33', 549000, 50380, 1, 2, 3, 0),
('c8971e0c-8122-4023-8be7-906dda6da5e0', 'cf01b625-dba6-47d6-92d7-2287b9850437', 'ea84aae7-ae43-4128-afb2-b96866660b33', 359000, 43944, 0, 1, 24, 10),
('c8d9fa14-eb11-48c1-938f-e41081861082', 'b988f6f0-43be-4f45-9b80-d95ec51257e2', '7cd5669b-f177-4830-907e-2aa040c5b8c7', 401000, 66992, 0, 1, 4, 2),
('c948a29f-9a20-4465-863b-d4e99f6b7216', 'f8480810-59a0-4c17-b861-163d2f74e875', '6f247095-143f-42bc-bd0b-c3eac7333ddf', 583000, 86837, 0, 2, 4, 6),
('c9d2cf26-7e24-4cf7-b2cb-6fa5f8a3c045', 'e5ec8885-d79c-4f6b-8bd8-2651e400466a', 'ef179f91-b0db-4e67-965e-2b1637722a86', 660000, 59613, 1, 2, 17, 1),
('ca4bc9c3-a727-47fc-bd3a-1e8af23f8f9a', '5ae99da1-2bc2-462f-99fb-7f766f44f49e', '8eee50de-cc0c-474c-bb06-09da79fdd0ba', 360000, 5093, 0, 1, 2, 0),
('ca62ef30-90c4-46f6-9fb0-007d6b4849af', 'e7ddb23b-dab8-4d30-be71-c37dff75bde7', '72c79ccd-2e7d-4ec7-a496-68d163ebced9', 537000, 78023, 1, 1, 5, 2),
('ca76e0f9-84ff-40a6-adc9-08670cd4110c', 'c0d3bde6-36cc-4d93-8f1f-5cb70ab92c97', 'cde166c3-f785-46f2-8026-8db07a402b82', 750000, 42483, 0, 1, 14, 4),
('cab506c6-d3f4-4b1a-9533-dfc3c9b56c6d', 'fd2ea378-8485-4a52-bc66-d6d2dc91d12a', '7352299d-ea97-4c88-807a-5511da23f8ef', 533000, 18015, 1, 1, 8, 0),
('cad5941b-bc49-4abf-89dc-20af7339df86', 'aa93b8ad-a974-42a9-9764-aaaffaa21a5f', '923d8610-1d27-4572-94bb-f1ee1d4c4c0d', 427000, 74343, 1, 1, 30, 1),
('caf15be2-254a-4a22-82f8-d222806205e6', '9dd4b85b-01be-4d00-9e47-cb0944c97456', 'd26e18a6-003f-4435-ad6c-c60bd5ff4c73', 620000, 6992, 1, 1, 1, 2),
('cb432817-68c5-4507-92d1-d324c8e37051', 'd93d8e87-522c-4547-afd5-a8dafa582394', '994c364d-71ab-44c9-b5c4-aa60098eeb9b', 332000, 35479, 0, 2, 20, 8),
('cb6b0bd7-42d1-4cb4-a0fc-85eb12f003b0', 'ad384e62-1875-43d3-9878-6da45dc20e4b', '38311a45-5b15-49ce-8373-3eac576f51f7', 419000, 123772, 1, 1, 36, 4),
('cb70488c-c968-4561-a74c-65f25c8cf6bf', 'd1dde2d1-6883-4667-a9fe-a5a9d587076a', '263fd9f2-4a3f-46a9-a66f-abb8a1623351', 471000, 37621, 1, 1, 5, 3),
('cbc3a888-caeb-4dec-b5df-a693fc135a63', '74ea14fe-10a2-42a8-a647-cd54f61fe382', 'd6e13744-0dc1-4865-b732-8cf396fe0cd6', 730000, 27957, 1, 1, 11, 2),
('cc023a41-14ab-4142-87de-9195f1bea01e', '31a7f8a5-68bb-45ae-b1c4-0f867f1ec398', 'ee8c5f33-7d65-4142-a2cb-b741fa502d96', 600000, 76024, 0, 2, 11, 8),
('cc092b5f-4e5e-4e4d-8d72-e0a3d9cf0b87', '7693a493-2521-4c2d-8264-c94a7cb31a92', 'e81ed69b-14fa-4c67-a096-424601f4ac84', 745000, 8230, 1, 1, 0, 0),
('cc46d5b0-17ed-434f-b560-aea0d0f86287', 'b4860a2b-94b1-4bf0-af52-46b477a4aab3', 'a60a47d5-addf-45df-99f6-4f234d0a99e8', 546000, 59958, 1, 2, 16, 2),
('cc4cd7ac-cf52-4e88-841f-4916bd10ffb1', '81649930-dcde-459b-8e4f-1509111127eb', '3f518d41-fbc5-4067-8ddb-bc1e2e6049c3', 973000, 49458, 1, 1, 4, 1),
('cc8381dc-b4d4-4cd6-898b-03f31ea3acda', '5aa9281f-6881-42c6-8422-4548a2fee763', 'edd4079c-baaf-4517-82c1-d41e2896d6a9', 345000, 67823, 1, 2, 3, 3),
('ccb08216-18a6-46fe-8f32-5de5904d692b', '8d65ff84-99fc-402e-bf22-37ae8bfd5e43', '7cd5669b-f177-4830-907e-2aa040c5b8c7', 416000, 37608, 1, 1, 11, 0),
('ccbb4b62-8a0e-425b-876f-5d2e5145369b', '239a6410-a8af-49fd-a1a3-7a2e3ff891bb', 'a99dc110-6bfc-42fb-8047-3e1e12078df8', 850000, 28610, 1, 1, 3, 4),
('ccc54ca9-6a49-46fd-af4b-bc4a375951cb', '16c0d5aa-c5da-4b5d-85f7-8d6f4dd71e30', '9b6f73f4-dc32-4328-98dd-9188684b8f65', 743000, 24487, 0, 1, 8, 5),
('ccdc68b4-a7ac-4524-b61f-db72d8161934', 'cf01b625-dba6-47d6-92d7-2287b9850437', '5619fd40-32d4-4122-b65a-da3a956c5613', 515000, 8882, 0, 1, 6, 4),
('cce3b94e-f72c-4542-b2cf-3bdfd8d9116a', 'ce1df218-757e-4cce-90c0-3fe9780bb377', '54a465be-4224-4483-90aa-51fbea7100fe', 629000, 66695, 1, 1, 17, 8),
('ccfb2d5a-6af3-4439-b689-659206c645b0', 'd134b1fa-4e7e-4912-ad9a-38df1e24fc37', 'cdca3a48-eafc-40d4-b15c-ba0c5c41d870', 842000, 31459, 1, 1, 23, 4),
('cd111b1f-aabc-4115-bfed-c09702afa005', '6ac95144-ca5d-4519-a196-2b10e5391e00', 'e6ecc0aa-0bf3-4342-a137-cc4b5564deb7', 475000, 97030, 1, 1, 11, 6),
('cd22706e-0f38-4d46-8df8-15dd071f9c1a', '13c665e0-3022-4741-bd6b-a31dea918ff3', '0e6a4903-4c3a-47b0-aa60-176e160e73c9', 574000, 6799, 1, 1, 2, 1),
('cd412de4-1e8e-4b27-a5bb-beb56321f09e', 'a21a4edd-5d3c-4bf9-9357-b6202d613cd8', '2ea1e2ce-3033-4750-a0c2-4c2f94ef6a19', 739000, 62438, 1, 1, 4, 4),
('cda4b4f1-7161-478c-9d6f-10c641880361', '891c34da-b563-4412-9d7d-936f880b21c8', '0379f222-0131-410e-8e3a-6961683f17af', 635000, 38303, 1, 1, 4, 1),
('cdac307c-bcbe-457e-af2c-40142cdaebb3', '10fd5aca-9a7c-443f-908e-842517f8eff0', '213eed41-0ff1-49a9-80a2-e4a1dc6b2521', 476000, 18880, 0, 2, 6, 0),
('ce3535f0-b65f-4c06-91ed-ba580424ca30', '6f9b3391-3742-4786-8807-63c13888afc3', 'f64388cf-a87c-44b8-9123-0eb275d3d8c3', 511000, 49347, 1, 1, 1, 1),
('ce5b99ea-6301-40e8-884a-823d2f5eaa17', '1628e71e-a690-4826-b88f-6551d38118fb', 'ea84aae7-ae43-4128-afb2-b96866660b33', 418000, 51689, 0, 2, 10, 0),
('ce869e01-3b69-4cc7-99d8-6bc03d7f8187', '2f94a7ad-e780-461e-8863-56a64bd44e8a', 'b5353ae8-d6f2-4cf4-ac09-e8dfe8d9920e', 852000, 24961, 1, 1, 10, 1),
('ce8c1814-9e03-4f00-820f-8a1901c609f6', '239a6410-a8af-49fd-a1a3-7a2e3ff891bb', '5fb8be9b-9516-4a0c-9d1b-a6c6d4c5f64d', 371000, 17290, 1, 1, 35, 5),
('ce9734a6-9bda-49b5-9c03-62d7ecdb37b6', '318960ba-4ecf-4289-82c6-e92f74f6748a', '90ae8e56-d3ca-464f-b817-6eec6fa9efd5', 216000, 109991, 0, 2, 29, 10),
('cea5272c-a19c-4492-bc2e-a740e002b5ee', 'd79b2a18-ba4f-4116-b8e8-1c20ea3ac317', '15b4559f-18e6-4b14-a91c-67f1691e1190', 407000, 66068, 1, 2, 6, 1),
('cee5a053-37de-499d-8c4c-8bdac5e5827f', 'ed28d6c8-caf1-4dfe-8da9-ada2b3b372f9', '9160cd44-61f7-485b-9822-e8f80aa66ae4', 696000, 19575, 1, 1, 4, 0),
('cefdeb36-d73f-4a95-a144-c75f98c77552', '75d89fb0-2033-44d5-afc3-2e57faf58126', '511eba9d-96c9-4add-9ab9-f4fafdab4a1c', 747000, 72213, 1, 1, 13, 3),
('cf476b3c-c819-4c3b-bbec-fa1125e5651f', 'b988f6f0-43be-4f45-9b80-d95ec51257e2', '39e5edb7-9a1f-4817-9228-c4bf4ee2bfa6', 894000, 10731, 0, 1, 0, 0),
('cf66c072-42bf-46c5-b0d5-57c36da6aa20', '54b273be-e37c-4aa7-838b-cbd8e5b9f81e', 'd0b94df4-5b46-451f-b7cb-453b3273c96e', 610000, 31951, 0, 1, 4, 6),
('cf695404-1f87-4f83-a9fd-75b3b1477ce0', 'f8480810-59a0-4c17-b861-163d2f74e875', '4ce2c914-a280-4772-8b95-86bc3743d3e6', 643000, 27743, 1, 1, 0, 0),
('cf8e79d6-aec7-49dc-9eb4-698dfc8f961d', 'bd7a62fa-18c1-4da1-a4ad-7fc7585926f1', '87a98ad0-785d-44e9-a63d-f9353e367bfe', 454000, 13440, 1, 1, 13, 0),
('cf9749b1-1a15-4536-b66c-f32ce79c1ce2', '741d3006-aa27-4331-9dfe-ada10ac544b7', '2eac2a44-14f8-43b2-975d-821110862dbf', 655000, 91521, 1, 1, 26, 5),
('cfe0f292-6f70-4ef5-a524-d99c3bd7c4a9', '7531bbae-cb98-4f0b-8486-ebe6b1797d24', '44167c1c-3668-4ece-9814-ba016014619c', 473000, 15094, 1, 1, 4, 1),
('cffe7305-e083-47a4-b891-90c06ad72119', '44fd9227-f64f-4afc-875a-e10e4fd75f59', '871cea70-cd9e-4d70-98a8-0ed8206a62ff', 502000, 91549, 1, 1, 37, 4),
('d009c102-e6b4-46ad-baf9-f50fcddc8d7a', '6fc31d18-db80-4823-b4f5-03c9f4f9ec7c', 'cc9480f2-17cd-4902-8694-2356f28213d6', 1228000, 32447, 1, 1, 1, 0),
('d04b0436-c2d1-46ff-bcbb-e3a3d753bc39', 'cfa36bf5-82a4-4bb6-8b3e-ba65037531b6', '19ced1d9-222d-4df6-8a16-02a70424c4d2', 294000, 45538, 0, 2, 2, 0),
('d07a3697-2624-42eb-a0ea-0823f8d190a6', '1628e71e-a690-4826-b88f-6551d38118fb', '39e5e191-93a9-401f-b205-45e73ab228d9', 1159000, 5377, 1, 1, 1, 1),
('d08a7e61-17aa-4816-8265-cce57ccf12b7', '118530da-751c-4315-aa68-35cedc58f005', '2e714645-ca1b-4854-9e99-7601a3b0d5fe', 239000, 43569, 0, 2, 19, 2),
('d09a508d-2d4b-4e8b-8683-e55e8d3c73eb', 'e957aaf0-325c-4d18-ae3f-51ff22169868', '9399c9aa-c778-4d2d-9993-ff245ce46c6e', 398000, 89906, 0, 1, 11, 9),
('d18d033f-53ca-4075-964c-4ca05b615b63', '51c16919-816c-4c0c-b1c9-37f4d01fa133', '49fb7327-e138-44dc-bffd-485569204f2e', 280000, 90358, 0, 3, 5, 3),
('d1a99263-e6e8-4a96-acb2-2b9028b49df6', 'a590eb1b-23d3-4f42-af8f-b507de6d2788', '3940933d-fab7-4f72-b884-63bf54d0c559', 554000, 52662, 1, 2, 15, 3),
('d1b78f7a-afaf-4f06-a05e-b41d4ae5a586', '5ae99da1-2bc2-462f-99fb-7f766f44f49e', '679f2404-f8b6-4fcd-a12f-e71bfc129314', 586000, 36188, 1, 1, 8, 1),
('d1b8ed6b-9027-4abd-82a8-915f16b0df24', '7531bbae-cb98-4f0b-8486-ebe6b1797d24', '5d556af6-512d-4d9a-9d66-9ad087f7b48d', 254000, 41942, 1, 1, 23, 5),
('d1c196c9-c5a1-4de6-8dfa-89c36ba66a14', '25547234-a84e-4fba-be08-c0ea3436124b', 'b73d2094-ed79-466f-8eea-1c5eb6409b8f', 566000, 22245, 0, 1, 11, 2),
('d1d7f4b5-a1a5-41da-90e0-591f594a5d25', '717f7653-75ca-40a4-8c15-c95b8271eb20', 'fb14b9d0-5329-4c15-8bb7-4e955d4f68d5', 267000, 79659, 0, 1, 6, 13),
('d21943a8-0994-4a3a-b851-04b465990435', '2c61e4d6-b3bf-49b4-8c0b-ba9924bb9f6c', '64764942-1aa9-4677-8d69-5f2f8d15d5b0', 688000, 19437, 1, 1, 8, 1),
('d223a82d-f958-4f3c-b223-eb1c26f1ec03', 'f586bfe1-bb09-49b9-b841-f55cb3aa9d1a', '44167c1c-3668-4ece-9814-ba016014619c', 482000, 28393, 1, 1, 1, 0),
('d232690c-2af7-4586-b3f4-b9cde490194f', 'f71c082a-7648-4a50-b161-bc36cbd1f9b1', '0379f222-0131-410e-8e3a-6961683f17af', 633000, 38969, 0, 1, 4, 1),
('d2549a7d-a09a-4fef-bbd2-e76e7dd3e808', '84cb19dd-389d-45e7-a812-6cf038b2345e', 'aaf32e95-44e4-417d-9d1c-f3ee40f6eb57', 503000, 29628, 1, 1, 7, 1),
('d29e5fc0-1ad5-4865-84fa-e155386648f1', 'f0b90cdf-8983-4137-ac16-ac558f22a892', 'a347af7d-a3e2-44ff-9423-5387be1b9d1d', 515000, 77191, 0, 2, 0, 0),
('d2ea93fc-bfdc-41e0-808a-c8272f461085', '118530da-751c-4315-aa68-35cedc58f005', '13957560-c601-46a2-b2e8-90e0b49f142e', 456000, 41277, 1, 1, 4, 1),
('d322ba77-9408-4d3a-a4a9-b33dd1f8abbb', '9b1b1996-8a61-4236-9916-ca06e4c021a4', '39e5edb7-9a1f-4817-9228-c4bf4ee2bfa6', 896000, 22213, 1, 1, 5, 0),
('d33af331-ef4f-446a-b124-6c102600e7c5', 'b556def5-8570-4c4a-9772-03d838551420', '999ab148-9e32-47e6-9e91-ac91fc590615', 689000, 81814, 1, 2, 21, 5),
('d380ef5d-5e12-44cc-9e59-719fc60e337e', '856e28a2-7e5b-492d-89ae-8567f59eac85', 'fb822724-e893-48f1-8951-d4e8ef0bfc20', 556000, 96173, 0, 2, 7, 1),
('d381ba2f-7779-4d32-ab61-f1d4b79d63a4', 'b556def5-8570-4c4a-9772-03d838551420', 'a856d1ce-1261-4e4e-96d6-6ba6205c8c81', 534000, 69002, 0, 1, 21, 5),
('d38e3977-6f77-429d-9b36-3cd127c9de4a', '79f6d774-8966-4497-ab9d-1aa8111e9be6', '7ed4d7f1-f567-4b8f-8972-d1f0b68d8c04', 567000, 57560, 1, 1, 22, 5),
('d3eb7f2e-6006-445b-9853-cdfb575029cd', 'd229d796-50be-457d-9a2e-78bec74957ac', 'f6689ec3-5ec5-49f3-a4b0-a6a87e3b5db5', 589000, 58463, 0, 1, 8, 9),
('d4409914-6241-4396-aa9c-ea38e8ef5061', '2c61e4d6-b3bf-49b4-8c0b-ba9924bb9f6c', 'ac1747c9-7666-42b2-8a4f-cdf0fddac2dc', 377000, 13185, 1, 1, 8, 0),
('d44f0b64-c352-4bf4-83e4-d13dfca8fa9b', '9b1b1996-8a61-4236-9916-ca06e4c021a4', '7fe1c508-fc15-429b-90a4-7309c75bc8f7', 479000, 43407, 0, 1, 19, 4),
('d48d1c47-8049-4082-a7dd-99388302a335', 'dc2738b7-63c0-4fca-86ad-a63a56121b93', '24b40531-904b-4b3f-bdb4-d240cf56ec43', 438000, 102255, 1, 1, 14, 1),
('d4989219-4532-4dae-8838-270507600d8f', '856e28a2-7e5b-492d-89ae-8567f59eac85', '03340e84-f19e-4262-807d-f1466e6be2a5', 690000, 55997, 1, 1, 5, 3),
('d515d762-73ce-4bfa-b8fa-325c6abcbf31', '363d9210-f1a5-410f-b615-851541dafc47', '7284ae19-8d50-4e2b-bfef-8fa73e301439', 505000, 12067, 1, 1, 11, 7),
('d59b9e4c-5f77-4d71-88ca-22a7dfd6fc0a', '51c16919-816c-4c0c-b1c9-37f4d01fa133', '90ae8e56-d3ca-464f-b817-6eec6fa9efd5', 170000, 123621, 0, 2, 25, 6),
('d5c9daea-04df-4a2f-ad9d-6fdcf1249605', '537a49fc-6a72-45c1-9f14-d1fb6d65f683', 'c52cbf15-7b09-495b-b2d5-d75fd69246c0', 598000, 52423, 0, 1, 10, 1),
('d5f42105-3135-480e-9fc0-39f40d54423f', '61019ff3-a3fc-4d26-a954-6d23f1562696', 'fb0e1ee7-8a02-4afa-97aa-3df3a829df44', 299000, 82496, 1, 1, 25, 8),
('d5fd1afb-362d-40bf-b507-4b656ac5a0c9', 'deafc0e5-4441-4115-87ef-aa70d3ef2d96', 'c48792b9-9de8-4797-8c72-a1aae71ae7f8', 639000, 73371, 0, 1, 8, 2),
('d603e5e2-21c8-42c3-beb9-234eb1f4549a', '44fd9227-f64f-4afc-875a-e10e4fd75f59', 'edd4079c-baaf-4517-82c1-d41e2896d6a9', 341000, 42926, 1, 1, 3, 4),
('d60dc3e3-a40b-4417-95b7-0ce437307b87', '95d655a2-f8b2-4943-8e40-f29d4ed4c57b', 'f5f642a3-17ce-4dc0-b650-5a96b80f8243', 298000, 68062, 1, 1, 12, 2),
('d64d55f0-42f7-447f-8ab8-1b9b14ac991e', '78f782d3-7199-4210-821c-afc336390cd4', 'f6d70c40-6b8a-4b35-90d5-4829ee1908e4', 502000, 27215, 1, 2, 19, 2),
('d6609887-e16f-41c0-be14-cfa1d0ea0463', '5d7d44c0-ef9b-44c2-9297-4ae01e5e14e7', '4e728322-a1d2-4307-bda9-4c65c123cc66', 1258000, 28161, 1, 1, 1, 0),
('d6df6b81-b2c4-41b3-9fa5-c362ddcb8c8d', '6f40b8c1-c12a-447e-a190-8f2576977578', '6244fc62-2457-4789-af76-f8e06e37990b', 266000, 86421, 0, 1, 11, 6),
('d706aff9-a8e4-4b4c-917e-32dc1998b23a', '856e28a2-7e5b-492d-89ae-8567f59eac85', '743876ac-e205-4b2c-8644-16dec61ee572', 648000, 104059, 1, 1, 32, 4),
('d71bad0e-d2a7-414b-ae76-a6cf9e1b6e85', 'ff9bef60-c661-47b7-b308-c3d09f71aca8', 'e64883c0-c012-4e07-95f9-7f8f1513e2ab', 663000, 66068, 0, 1, 14, 2),
('d752f131-ebcc-4bc0-b820-b376798c6878', '9b1b1996-8a61-4236-9916-ca06e4c021a4', 'ea84aae7-ae43-4128-afb2-b96866660b33', 424000, 22789, 1, 1, 11, 2),
('d786b6ea-a3ca-4027-aee5-5b4c1302a869', '9bfd83de-0b5d-4ee8-86cb-490fd55eced2', '90ae8e56-d3ca-464f-b817-6eec6fa9efd5', 139000, 83452, 0, 1, 27, 5),
('d79e75b8-1d86-46c7-86b7-100e1211377f', '2677ef4a-2fd4-43cd-a9cf-63c68c578191', 'e353fb19-d390-4760-92ac-68f63f02f8fb', 586000, 62157, 1, 2, 16, 6),
('d7b124ee-689c-4c6e-a38d-b4cbcb25a0a0', '66bbd2f8-041c-438b-a514-03541a161906', '49fb7327-e138-44dc-bffd-485569204f2e', 349000, 34292, 1, 2, 16, 5),
('d7ba9800-1d8d-4ec1-b8a5-8214d515623b', 'd134b1fa-4e7e-4912-ad9a-38df1e24fc37', '7dadabf7-7729-4d8b-859c-07607a548e0a', 435000, 119077, 1, 1, 27, 7),
('d81a68c3-5936-4602-ba04-9a3067421fe8', '114d6c59-aeba-4256-bc46-2e105d699a3b', '02ca4635-65c8-4aeb-81a5-9e2c708df1c5', 420000, 113666, 1, 1, 20, 1),
('d842e58e-7203-48ad-946e-a193356958e3', 'cf01b625-dba6-47d6-92d7-2287b9850437', '39ef50ff-9ba1-400a-987b-d7d5b7a8826d', 692000, 101069, 0, 2, 10, 9),
('d85494d3-e69e-4edc-8b34-69334c09977a', '20ac8e30-279a-4e34-a0d0-8daa587220a8', 'b8fbc3cb-8dce-472e-9d85-5dcbd8c6b8ab', 267000, 75349, 0, 2, 13, 5),
('d8661091-1223-423c-8a3a-9d948ca8fcae', '20ac8e30-279a-4e34-a0d0-8daa587220a8', 'aaf32e95-44e4-417d-9d1c-f3ee40f6eb57', 506000, 62669, 1, 1, 20, 4),
('d8fc7b39-7017-4b33-9b05-ce4fd4eb07ba', '9b576a1b-9739-426a-afa7-b811ffddf74a', '258d5f55-cff3-4da5-84f7-5e72d9e933bf', 455000, 57073, 0, 1, 7, 15),
('d92824d3-1623-468b-bca1-5d6edc03110b', '54b273be-e37c-4aa7-838b-cbd8e5b9f81e', '783395b2-8450-4b44-a0e7-bbd4a75d1cf4', 295000, 47179, 1, 1, 7, 2),
('d929950e-0b2b-42f0-bbb8-61680180c9d1', 'b26d4a6b-6589-4d53-8893-57e3fb62785c', '97f9b6a3-927a-4135-9efc-0cab2a5d06af', 487000, 70716, 0, 1, 0, 0),
('d935c54d-38cb-4ed3-a8eb-7a4d1d80859e', '530d78e8-e1a2-40a8-bae1-82c2b1f9c521', 'c6764f1a-cb13-4297-9fe1-a4f3c6257531', 301000, 54080, 1, 2, 11, 7),
('d94ddadb-fb18-4f02-826c-bf9d71b538dc', '7aba5951-af19-4be0-8aa7-753843bdfb0f', 'd83a7c35-6536-41b1-a00a-a244552a4a3e', 562000, 30981, 1, 1, 5, 3),
('d988e4bc-1c0e-4380-8b12-f544978305da', '31c4b675-0fc8-4cf3-8b90-f404b0b5d62d', 'ea243219-960b-413e-9a70-6c4f83a8d184', 337000, 69235, 0, 3, 0, 0),
('d9a010b7-89ee-4d19-8942-56a2e651bdd3', '2c6a0988-53be-4807-96cb-c69e352ce7e9', '6d38f48d-8877-41d4-8e46-402645d151e4', 571000, 11631, 1, 1, 2, 0),
('d9dee2cf-2271-4432-9054-cac3ca3c15bb', '7607003a-212c-41c9-a1a4-02dc5ca212ba', '0ba2d2c5-1b17-4adf-bb68-e7f563a67b0f', 408000, 98745, 1, 1, 12, 4),
('d9e6a88b-5b1f-48fc-aad4-07aa046ae0de', 'a0063fba-d481-40aa-b01e-d065e4da3cc4', 'c8752801-3dbd-448f-98c6-a257cbbd42ce', 450000, 99910, 0, 2, 2, 4),
('d9ec3b81-954e-42d2-9032-828647cd1d11', '741d3006-aa27-4331-9dfe-ada10ac544b7', '47f88a26-6f33-4ee3-a4e0-d6009f6cc2d3', 427000, 18842, 1, 2, 9, 0),
('dabff6f8-cf33-4d88-92f7-80b5a53fe93e', 'd93d8e87-522c-4547-afd5-a8dafa582394', 'd66da056-00ae-436a-aef5-0668b6bcffcb', 483000, 87744, 0, 1, 6, 0),
('dae33c67-dde9-4ae7-8cdf-7d8bf7cc6ed7', '9dd4b85b-01be-4d00-9e47-cb0944c97456', 'e69ba9cc-6aa1-40df-b884-a2a4b50d6317', 233000, 28803, 1, 1, 0, 0),
('dafcdfd3-81e5-4573-85b3-81e786542e2c', '25b45a83-70e7-4685-b5f2-6b78b2e7ed2c', '16cdf0ae-fd55-43d4-9868-85245c52b2c0', 449000, 69689, 0, 1, 13, 6),
('db25ce27-346a-40e3-ae99-8f9f6bd69b2f', '114d6c59-aeba-4256-bc46-2e105d699a3b', '75a79bdc-5efc-4917-98aa-0090a4eab982', 338000, 76186, 1, 1, 9, 8),
('db4e3ce1-1c60-4e29-91e3-7f18e9b8a2cf', 'ad384e62-1875-43d3-9878-6da45dc20e4b', '0795fc5e-4898-43b7-976d-4fbe121cde2f', 366000, 8830, 0, 1, 10, 4),
('db720d88-920f-4579-92d3-3c9a29d2f93e', '2ca59f3d-0c0b-4265-9bd3-af5216f30573', '44167c1c-3668-4ece-9814-ba016014619c', 486000, 6410, 1, 1, 2, 0),
('dbae9d30-c5ec-4649-a2df-f7687d60b2a1', '5d7d44c0-ef9b-44c2-9297-4ae01e5e14e7', 'f64388cf-a87c-44b8-9123-0eb275d3d8c3', 504000, 52608, 1, 2, 0, 0),
('dbf5d5f1-1fa1-4eaa-83ce-0129e3a766ca', '856e28a2-7e5b-492d-89ae-8567f59eac85', '5dd0a1d9-6e5d-4dc9-8aae-bb3ffc0b28e1', 469000, 21607, 0, 1, 3, 6),
('dc55a103-e382-42b3-900c-1ccf32e973f5', '0d58d88d-2122-436e-8e51-1ce3e440a540', '7c724a4c-2758-4790-87d2-9619efaefca7', 303000, 75874, 1, 1, 7, 1),
('dc6b1ec3-d23a-468e-bb60-2239cb06140f', '4a67ebdf-6c32-426d-b92b-cbd6aa0bbb09', '02ca4635-65c8-4aeb-81a5-9e2c708df1c5', 404000, 33857, 1, 2, 9, 0),
('dcca7af4-dfff-41e0-b0ce-6175b954469c', '717f7653-75ca-40a4-8c15-c95b8271eb20', '749952d8-360e-4b90-a65c-070901223564', 714000, 25462, 1, 1, 7, 1),
('dcccc6fb-2b41-4031-8fbb-02b9250a3045', '900f20b0-da96-4175-93d8-2b8364b47c42', '8eee50de-cc0c-474c-bb06-09da79fdd0ba', 358000, 30292, 0, 1, 24, 4),
('dcd95cd6-0b00-43d0-a452-bfaab5838eb2', 'f71c082a-7648-4a50-b161-bc36cbd1f9b1', '3eb9bb8c-58de-4622-9bf0-848467e29710', 355000, 68891, 1, 1, 0, 0),
('dce55f43-2d75-4fa2-ad70-be5e128393b4', 'd58dbf41-cd08-4a6c-a4e8-c093f378c534', 'f65d4911-6c9f-47d6-b438-1520cf63f6d8', 501000, 12716, 1, 1, 23, 2),
('dcf938e6-7885-4512-848d-52ab579608e0', 'ea64f028-7031-4058-94a3-c6a5f48308ce', '6d1c3a57-4ebc-4137-b3c5-0698e2989560', 332000, 26213, 0, 2, 14, 4),
('defb3afc-1e90-4ddb-b2bb-cd21cae4e106', '520a7045-c07f-4711-8f71-eb04ce262de3', '7dadabf7-7729-4d8b-859c-07607a548e0a', 468000, 45312, 1, 1, 30, 4),
('dfce330f-7d90-4e62-8011-4032b65656ff', '0ceb83c7-6b16-4370-8a30-05163004c5cc', '7ed4d7f1-f567-4b8f-8972-d1f0b68d8c04', 491000, 68287, 0, 1, 30, 7),
('dfdd3376-a430-4182-a8e3-ef13327404d3', '239a6410-a8af-49fd-a1a3-7a2e3ff891bb', '8363ca3f-f917-46a3-b55b-68cdcd8377a2', 802000, 47217, 1, 2, 8, 5),
('dff426f2-5a12-44df-8cf1-d2f7742e8335', 'f0b90cdf-8983-4137-ac16-ac558f22a892', '7b71d4c5-5629-48c3-b2c3-2dd0ff2cad8a', 495000, 50509, 0, 1, 24, 2),
('dffee64d-822e-493c-8433-05c954aa18ef', 'f22e23ec-8865-4c22-a211-4f043b9cde9d', 'dd2cc0e6-1c42-489d-a382-91f88391ef58', 460000, 16385, 1, 2, 4, 2),
('e038ae80-24d6-49e1-92bc-7e0ee8aec4df', '10fd5aca-9a7c-443f-908e-842517f8eff0', '3c1f4ea3-66dd-42b6-94d5-2e9c0d276c1d', 425000, 69308, 0, 1, 23, 8),
('e06f37cb-7a53-41b8-80a2-49622aa6ba7b', '8ea42c75-661f-4f60-bd3c-a595b6ca15bc', '7b71d4c5-5629-48c3-b2c3-2dd0ff2cad8a', 590000, 49352, 1, 1, 19, 0),
('e073b5ee-90d8-4250-8a79-b16e35701f1e', '118530da-751c-4315-aa68-35cedc58f005', 'b8fbc3cb-8dce-472e-9d85-5dcbd8c6b8ab', 273000, 64400, 0, 2, 0, 0),
('e0932dfe-1121-47bc-99ea-7f50612075ba', 'a590eb1b-23d3-4f42-af8f-b507de6d2788', '23c484ac-d178-46c8-bf39-ca3157a90af9', 505000, 44499, 0, 2, 8, 4),
('e0aab6c6-08b8-4310-bf32-ca7f9bf317f1', '8d65ff84-99fc-402e-bf22-37ae8bfd5e43', '7746e8a6-6bc5-435e-b1dd-6e8a7d40ca60', 755000, 50172, 0, 1, 7, 4),
('e0abc4f7-35b2-4278-95eb-bb8b34f4a2e5', '5f25da18-6be6-4ffa-94f2-40b4e761b6f0', '711a1ab9-a557-48eb-b452-88c10a5da3ea', 657000, 2896, 1, 1, 6, 6),
('e0f72465-4501-4216-8af2-04adf40d8a3f', 'ea396f95-de4c-45a4-88e0-4420e8b3a58a', 'e295959f-4081-4c06-9ee5-47643ce298a9', 369000, 124105, 1, 1, 0, 0),
('e120b629-8818-407f-86d2-a98f0906f6aa', '54b273be-e37c-4aa7-838b-cbd8e5b9f81e', 'd6e13744-0dc1-4865-b732-8cf396fe0cd6', 699000, 24719, 1, 1, 6, 2),
('e1276aae-0968-4452-b651-b1fb84f46fe5', 'b43bc10d-c549-4d90-80f1-a517a1ca6683', '49fb7327-e138-44dc-bffd-485569204f2e', 345000, 52911, 1, 1, 23, 6),
('e180ea0c-8234-4b5d-ac67-3b64eb454086', 'f8e6b14b-a3fa-4e29-aedc-546199104084', 'ec01d3ed-dae3-47b5-bd31-ff87146c1467', 312000, 66325, 0, 1, 19, 2),
('e18f41da-5c5a-4e43-b402-72e107adec1e', '4b99d2e0-6df1-4205-8d47-b6494ec399e8', '3eb9bb8c-58de-4622-9bf0-848467e29710', 351000, 73539, 1, 2, 15, 6),
('e1b18af3-9bfa-475d-8057-647beb44b00d', 'b43bc10d-c549-4d90-80f1-a517a1ca6683', '13957560-c601-46a2-b2e8-90e0b49f142e', 412000, 124716, 1, 1, 0, 0),
('e1bc92f7-a24e-4666-a6ab-f348ef48f1ab', '7302a95e-73f5-4a5a-bdf3-51c2bec90173', '43895574-95df-4fdb-98d4-b3a5bc0e8c31', 388000, 27882, 0, 1, 16, 4),
('e1e17a3f-0264-44fe-a400-32f2ea68bdfc', '4765ee38-5f57-4a74-964c-a14565a0378e', 'd84c220f-4512-4a7c-9a4c-cb8d251b46d7', 603000, 91856, 1, 1, 3, 2),
('e1ead7b1-9577-4500-8167-ffea15898a76', '4ab451b2-8921-415b-8c8e-3934fca1f5da', '90ae8e56-d3ca-464f-b817-6eec6fa9efd5', 177000, 81585, 1, 2, 2, 13),
('e1ebcbc8-23f9-4196-a778-973268455882', 'dc749658-9697-4547-9ed7-93e82e9e36a7', '9da8c5be-ab53-441f-915f-dd545f809df8', 596000, 75940, 1, 1, 15, 2),
('e1f56c4c-390f-4715-82cf-931e3eb98363', '06d935fe-5a9b-463e-a8ab-84b4e6820502', '7e92acf5-1df9-4ad7-b375-e72e1bbf491b', 349000, 56638, 1, 1, 0, 0),
('e213686f-eb17-4598-90c1-cf04d0c131b7', '4af1de4a-34ce-41de-9b07-382ebefe73e5', 'ef179f91-b0db-4e67-965e-2b1637722a86', 702000, 26277, 1, 2, 6, 1),
('e22eb4dc-ba19-43d6-b38a-35bf6b054ba3', '9b518155-c6c7-4e01-8dd4-032531246f7c', 'b5789311-6574-44e3-a092-b4fb51dfd7da', 917000, 41774, 0, 1, 4, 0),
('e2357d59-f684-4f9a-879d-7068f9577cf5', '8694a7f8-7bd2-4422-ab4f-b61ac6106554', '1e47f51b-6a61-477d-9897-391ed06c30ae', 429000, 77579, 0, 2, 4, 4),
('e23f771b-b578-4ddd-acb7-62ee5a60cda3', '51c16919-816c-4c0c-b1c9-37f4d01fa133', '23c484ac-d178-46c8-bf39-ca3157a90af9', 472000, 75058, 1, 1, 22, 2),
('e261935c-3058-4247-89d6-24f086141593', 'ce1df218-757e-4cce-90c0-3fe9780bb377', '6e4aaf6b-bc74-4137-a470-046befb6092c', 638000, 57333, 1, 1, 6, 0),
('e27f8159-0396-4050-b3ff-2d8f9f7deb8f', '54b273be-e37c-4aa7-838b-cbd8e5b9f81e', '73a5e118-2c5d-44fb-b0c9-dcd7cf5efba1', 629000, 67275, 1, 2, 8, 7),
('e2d04b6f-01d2-4fbf-b4be-0c135ea7695d', '3b632977-5123-43ca-a97f-f2e40b4eae10', 'e1a55d96-9053-414e-a57e-0b0308f1178b', 530000, 89284, 1, 1, 31, 3),
('e2d35cc2-5df9-4e96-91fb-62cb91bd6782', '25547234-a84e-4fba-be08-c0ea3436124b', '9c521612-059a-4d80-9649-bdf5bdb66701', 556000, 29795, 0, 1, 1, 3),
('e2e00c63-423e-49e6-b99c-65efc2752f7e', 'a590eb1b-23d3-4f42-af8f-b507de6d2788', '49fb7327-e138-44dc-bffd-485569204f2e', 349000, 43688, 0, 1, 15, 9),
('e332ebee-4e7d-4c6e-8fe9-a1547581176b', '4765ee38-5f57-4a74-964c-a14565a0378e', 'f64388cf-a87c-44b8-9123-0eb275d3d8c3', 462000, 11829, 1, 2, 10, 4),
('e363e8c3-ea8e-4cab-86c0-5ffe79c79d52', '6d875df7-faa2-42e3-80bb-c134323e87a7', '1e2b00fd-23b5-41b2-9ee6-6d0244d5c7c5', 542000, 121126, 1, 1, 30, 6),
('e39f0c58-0d83-41b1-a916-708590af0266', '0cf9c0a7-8bf6-4e7d-ba3d-fc6a78405821', 'd11714ff-d970-4efe-b15a-27958b9836ce', 503000, 67693, 1, 1, 23, 4),
('e3c31222-a897-4ada-a9ed-438bd959bb68', '4a08fd06-768a-4b84-a37e-ec87ccf54a8e', '23596897-e22b-46f4-a203-0d15e75cfb4a', 620000, 29641, 1, 1, 1, 3),
('e3df2cc2-fe15-447b-88db-3236993f5e36', 'eeb92d79-d4e4-495a-9e91-4ef883faeb52', '0a0cbaac-86a5-4d7e-8f7a-2b7d09008e22', 364000, 32946, 1, 1, 7, 5),
('e3e56707-221d-4245-81b9-6a7c11ab3161', '1f9a7cb0-bf24-4a40-9f11-eaacfcca5638', '36288c8c-4343-4a51-98e9-b1da5b60f0e9', 631000, 76836, 1, 1, 7, 12),
('e458320b-6a17-4514-be60-0da8f022883b', '2b88c01e-9e9e-4687-8a9e-6906337f0343', 'dc7c88ae-9a9b-4008-9895-bad0dbef65f6', 445000, 23216, 1, 1, 9, 0),
('e4a656fa-dbc7-4f15-bab7-70ae87343e5d', '2c61e4d6-b3bf-49b4-8c0b-ba9924bb9f6c', '213eed41-0ff1-49a9-80a2-e4a1dc6b2521', 466000, 27032, 1, 1, 9, 1),
('e50ca457-d0da-46b0-b614-29a47c73f271', '4765ee38-5f57-4a74-964c-a14565a0378e', '49fb7327-e138-44dc-bffd-485569204f2e', 352000, 77640, 1, 1, 11, 3),
('e5264d88-ff14-4245-afc6-5e5a95bb03b3', '4b99d2e0-6df1-4205-8d47-b6494ec399e8', '939ab999-997b-49d4-bb14-22ef43897d7d', 362000, 14522, 1, 2, 5, 0),
('e5494df5-0cd9-46f9-a447-ad37022115b1', 'ea396f95-de4c-45a4-88e0-4420e8b3a58a', 'f6484daa-d5d9-4561-b092-a8e44ccf9df7', 608000, 58811, 1, 1, 3, 1),
('e55a1611-9bba-4fc0-870b-5e3b3e64c547', '0164f8cc-f157-4be2-ad52-d75c20349364', 'aa669e53-0c1a-45de-97d2-66e09a92fca7', 714000, 11957, 1, 2, 7, 0),
('e58824cc-a804-48ab-a0ef-51a54f9fe2b8', 'ff9bef60-c661-47b7-b308-c3d09f71aca8', '19ced1d9-222d-4df6-8a16-02a70424c4d2', 272000, 53117, 1, 1, 0, 0),
('e5b61213-bc06-4fe8-835b-c2abcbdaaebd', '327004bb-5c70-40a2-aca7-359c59fa7069', '0aa1f391-252a-4a31-b775-d1c3ab082b5d', 471000, 56124, 1, 1, 9, 4),
('e6073784-4014-465d-8865-219509a6ba41', '20ac8e30-279a-4e34-a0d0-8daa587220a8', '4115ee3c-d12b-4087-8691-aa86d2108b0e', 386000, 2632, 1, 1, 6, 1),
('e62898b5-f626-4fb0-8240-7392b34bafcf', 'f586bfe1-bb09-49b9-b841-f55cb3aa9d1a', '1c16a4b8-5409-40b9-8da1-c8ec210ea902', 481000, 59200, 1, 1, 2, 6),
('e6684896-c248-425f-b360-892bb2ab96d5', '318960ba-4ecf-4289-82c6-e92f74f6748a', '14a8ad2f-be49-4ba2-8119-fef5113985f6', 784000, 49739, 0, 1, 19, 8),
('e6b5b156-436f-402c-b96f-8b17bfc8947f', '44b82fa5-ab25-4b3e-ad61-f62647dfa54c', '71578d5b-1fb8-40df-b9e1-e38220cc2860', 492000, 35102, 1, 1, 7, 1),
('e6b5e670-a692-4e55-b13f-62156dd79eb4', '239b96fe-2e77-4cc6-b16c-87d7d2972f14', '314f1c9b-a3a5-471e-86b3-1010abf1675d', 1016000, 48740, 1, 1, 0, 0),
('e6c1e944-1a1e-4b94-aaa1-9e9b9556b8b2', '86c6f89c-ae6d-4ece-ac79-0047b5d0fcdd', '9b177793-0ecc-41ef-80aa-4180fe84895d', 405000, 2598, 1, 1, 6, 5),
('e704a3ca-1eab-4f6b-9f42-6eae9492fa50', '537a49fc-6a72-45c1-9f14-d1fb6d65f683', '0ba2d2c5-1b17-4adf-bb68-e7f563a67b0f', 397000, 72457, 1, 1, 7, 9),
('e70572b5-68d9-42c0-8bc3-c85bf09a16fb', '15499ef6-e07b-4271-b45e-d82d10f3f513', '66ab9be8-a25a-41d5-9390-f8aed2c50e74', 517000, 19602, 0, 1, 3, 0),
('e727983f-9a42-4940-9fe9-d023b89f6aa1', '530d78e8-e1a2-40a8-bae1-82c2b1f9c521', '1033b853-fb7e-4f0a-bd51-6cac89e3d4bd', 348000, 61266, 0, 1, 10, 6),
('e73098c4-b227-4a1a-9e04-c1c873ae5020', '16c0d5aa-c5da-4b5d-85f7-8d6f4dd71e30', '237d3df3-31bf-4887-9efb-446e59ba9bb3', 368000, 35273, 1, 1, 13, 2),
('e755f28c-4a62-47d5-b54f-c3fd397af007', '1628e71e-a690-4826-b88f-6551d38118fb', '7352299d-ea97-4c88-807a-5511da23f8ef', 565000, 11679, 1, 1, 7, 2),
('e76047c4-0732-47fa-97c5-3a6947d0d5ba', '2283c75e-e44d-4077-a1af-fa95d9a7cdbf', '84e6d617-3061-4840-91f3-214501563372', 506000, 51952, 1, 2, 3, 1),
('e76dfafe-fd7c-442e-9ed1-d38c811609bb', '5ba308b2-5e06-4e87-b6e3-a428062e5a45', '4647e894-5846-44d2-856e-60ae94946fcf', 707000, 35844, 1, 1, 5, 1),
('e78e4e07-7a34-4ac2-8518-e2f3d21b3a18', '4765ee38-5f57-4a74-964c-a14565a0378e', '894c9588-71e9-4f82-afee-142b6158f54d', 256000, 55994, 0, 1, 20, 9),
('e81ac83b-dbf3-4434-86cd-53bc339d22b4', '51c16919-816c-4c0c-b1c9-37f4d01fa133', '8d5875ab-f5e3-40af-8acf-2b82bae71228', 352000, 19613, 0, 2, 12, 7),
('e87fff44-4962-462a-8445-35b4437e80df', '1eed0924-316f-4758-b1c3-75d3dbde732f', '903b1813-4330-419e-9f5e-725f6abc803b', 502000, 67526, 1, 1, 11, 0),
('e888a0fe-f1ed-4ff5-9a8c-fa9a12b41dc7', 'aab374a7-b02f-415e-bbdd-9378435e82b2', '0379f222-0131-410e-8e3a-6961683f17af', 602000, 38880, 0, 1, 2, 3),
('e8b68a11-68d9-4328-99fe-ac65c6eb9991', '89be7c40-19b9-4117-b5e6-855fc80ffbe4', 'd6a3f6bf-f03f-42a4-9e1a-b929ab34a27a', 373000, 77225, 1, 1, 19, 2),
('e8be2a8f-4351-46c7-8343-6e2e3e2556cf', '712cff10-292e-41a3-ac7a-420f7bc02803', 'd19d982c-e7d7-479d-b672-a56ae015f2df', 793000, 23702, 0, 1, 15, 5),
('e8cb3acb-fa5b-4c01-bd97-ed18f3da8f79', 'dc749658-9697-4547-9ed7-93e82e9e36a7', 'a80e6a3a-2efc-41a4-80a2-bd315be963b8', 518000, 104977, 1, 1, 29, 3),
('e90a060a-13bb-41eb-aaf1-4701698fa474', 'd93d8e87-522c-4547-afd5-a8dafa582394', 'ee8c5f33-7d65-4142-a2cb-b741fa502d96', 716000, 36932, 1, 1, 17, 1),
('e9388db7-cc2b-4123-9556-658413ba8e91', 'ad384e62-1875-43d3-9878-6da45dc20e4b', '7fdf2cb3-1b73-4bcb-b11f-939c5eb7b033', 527000, 40215, 1, 1, 3, 0),
('e96ffbb7-5b7f-45a7-a7cc-035476cf6b92', '66bbd2f8-041c-438b-a514-03541a161906', '1c16a4b8-5409-40b9-8da1-c8ec210ea902', 526000, 27297, 1, 1, 5, 4),
('e977b2f8-3bd8-4eea-a5a6-1ab473ab3ba6', 'deafc0e5-4441-4115-87ef-aa70d3ef2d96', 'd6e13744-0dc1-4865-b732-8cf396fe0cd6', 726000, 46568, 1, 1, 4, 3),
('ea1b68c7-6a06-425e-93ee-7743ebc6d1e7', '79f6d774-8966-4497-ab9d-1aa8111e9be6', '6f8c5067-9ee9-4b2b-a325-d6109c782654', 600000, 24059, 0, 1, 1, 2),
('ea5274cd-4670-43c1-9093-a043a4335a37', 'ed28d6c8-caf1-4dfe-8da9-ada2b3b372f9', 'ef28fa57-4ead-4813-a2fa-14df25e66833', 497000, 18726, 1, 1, 2, 1),
('ea94bee6-401e-434b-9436-0fbbed149132', 'deafc0e5-4441-4115-87ef-aa70d3ef2d96', 'd8349991-2c7b-413c-bed0-7b3b67160fb3', 475000, 57936, 0, 1, 13, 6),
('ea9ec1e8-1274-443a-a722-79f616f79343', 'cf01b625-dba6-47d6-92d7-2287b9850437', '40ced1c5-bdaa-4aac-8f55-fa174094fb3f', 747000, 45146, 1, 1, 2, 4),
('eb31b3b8-f384-4078-8c03-08a379d155b7', 'ff53fa3e-d666-408d-a1f3-e4a07edead4e', 'd83a7c35-6536-41b1-a00a-a244552a4a3e', 562000, 23233, 1, 1, 9, 4),
('eb8ab2b3-eede-448e-b90d-3c9598adfe3c', 'ac0b5068-38a4-4102-9192-13df8abc616d', '49fb7327-e138-44dc-bffd-485569204f2e', 341000, 34384, 0, 1, 12, 0),
('eba8323c-405a-42db-b625-b858f39193fd', 'b4860a2b-94b1-4bf0-af52-46b477a4aab3', '5ac0d6fe-dbcf-4ccc-b589-c307fb448748', 336000, 39868, 1, 1, 2, 1),
('ebc05ef5-5ceb-44a3-8cc5-be200aee8be5', '6d875df7-faa2-42e3-80bb-c134323e87a7', '39e5e191-93a9-401f-b205-45e73ab228d9', 1141000, 18859, 1, 1, 6, 0),
('ebc3da66-a980-4118-8597-e906aaf9e20b', 'aab374a7-b02f-415e-bbdd-9378435e82b2', '830bfc08-2eec-43f7-8d5a-6ffc563df618', 588000, 44226, 1, 1, 4, 8),
('ec0f5117-6491-4c4c-83a8-e7341b5ef557', 'fc2b0402-8e33-4055-a4be-87b82b5659a5', 'e920ebc8-6866-4513-a5e1-8831ed28d6cb', 633000, 36969, 1, 1, 12, 2),
('ec24baa9-3d58-42c1-b67a-b784afed5d64', 'bd7a62fa-18c1-4da1-a4ad-7fc7585926f1', 'c92fd525-581a-4ad8-80dc-9120887b0dbd', 384000, 51920, 0, 1, 18, 8),
('ec2f17a1-ad08-4658-9d80-9f6d15e84d3d', '31b5d41b-9825-440b-8c83-db7fab6cf750', '65e0c609-4607-46a7-bcf7-7afe61614411', 551000, 25069, 1, 1, 6, 4),
('ec340810-d690-4a36-aad3-ae7b3a32a030', 'ebae3726-cfa4-4413-9eff-b5ce669e62f4', 'ef179f91-b0db-4e67-965e-2b1637722a86', 607000, 33155, 1, 2, 4, 0),
('ec445bd0-eece-4ebc-a698-13043878fae9', '25547234-a84e-4fba-be08-c0ea3436124b', 'd004bff0-6a72-495e-9d98-77e957b2dca9', 610000, 72273, 0, 2, 0, 0),
('eca934db-3087-451c-9b0c-72de2bed7457', '20ac8e30-279a-4e34-a0d0-8daa587220a8', 'cf36689f-9e1b-4083-a897-6a7851984671', 347000, 32701, 1, 1, 4, 2),
('ecc0eb7f-7248-4772-be30-da0f9d8e367b', '74ea14fe-10a2-42a8-a647-cd54f61fe382', 'a7098138-567b-4a1d-b6b7-76f48c80de4a', 839000, 39821, 1, 1, 5, 1),
('ed047657-670e-4189-baba-74aba2a640cb', '327004bb-5c70-40a2-aca7-359c59fa7069', '00df7d69-c0cb-42b0-8df5-0be6e2c6513b', 532000, 45037, 1, 2, 22, 18),
('ed0c901d-980e-431a-b08c-671bcdb8b029', '717f7653-75ca-40a4-8c15-c95b8271eb20', 'a260a952-eb2d-4f96-956b-5838c4520512', 211000, 56977, 0, 2, 5, 7),
('edaec36d-8423-4732-9f4e-dd88350c733f', '9b518155-c6c7-4e01-8dd4-032531246f7c', '5e552a6b-e2b1-4726-ac76-7a91e86d36d2', 369000, 84530, 0, 1, 18, 1),
('edc34623-9315-493e-9232-e19afc90e310', 'e957aaf0-325c-4d18-ae3f-51ff22169868', '88cc2f36-a567-4441-9c90-568fcbb66499', 454000, 100777, 1, 1, 20, 9),
('ee1527a3-a72b-483e-baf1-4d60c8051c10', '4af1de4a-34ce-41de-9b07-382ebefe73e5', 'c412218c-0de8-4a73-885b-2d0e63f381f8', 210000, 79677, 1, 2, 12, 18),
('ee9c1d05-7855-454a-b9dd-ee1b662dd594', 'ea396f95-de4c-45a4-88e0-4420e8b3a58a', '1091a45b-f346-4307-a316-a81e9c5bb2a6', 420000, 43731, 1, 1, 4, 9),
('eea98ea3-dfb2-497e-a816-4d19abb1fb08', '61019ff3-a3fc-4d26-a954-6d23f1562696', 'ef5341a3-9bd4-4434-bc17-0fe48ca04ca5', 356000, 65835, 1, 1, 15, 11),
('eec5cd23-0b2f-49c1-8e49-2b77f6e9e7ac', 'ea396f95-de4c-45a4-88e0-4420e8b3a58a', 'a15895b4-0ed5-48d8-9c72-f217bfdc8364', 496000, 33752, 1, 1, 24, 8),
('eedd3e3c-3fd0-44d2-a14e-5662049863ed', '75d89fb0-2033-44d5-afc3-2e57faf58126', '6f247095-143f-42bc-bd0b-c3eac7333ddf', 562000, 51852, 1, 1, 15, 3),
('eef2146f-4d40-4952-bdd4-e6e6eff266ed', 'b4860a2b-94b1-4bf0-af52-46b477a4aab3', 'c3dda1dc-2dc7-4092-9a7b-2e791c82b939', 283000, 42582, 1, 1, 11, 27),
('ef182d89-95a1-48a9-a457-77ec49c77b6a', 'deafc0e5-4441-4115-87ef-aa70d3ef2d96', '38311a45-5b15-49ce-8373-3eac576f51f7', 600000, 39516, 1, 1, 11, 7),
('ef1a4974-369b-4604-bd2c-45d4c75b8bfe', '741d3006-aa27-4331-9dfe-ada10ac544b7', '00df7d69-c0cb-42b0-8df5-0be6e2c6513b', 484000, 98346, 1, 1, 7, 3),
('ef300ed1-fe58-46a6-b2de-f012230f5d05', '0164f8cc-f157-4be2-ad52-d75c20349364', 'ea84aae7-ae43-4128-afb2-b96866660b33', 408000, 66341, 1, 1, 1, 3),
('ef5358e7-9dc1-4c7f-a01c-5ce94802b519', '2f94a7ad-e780-461e-8863-56a64bd44e8a', '47f88a26-6f33-4ee3-a4e0-d6009f6cc2d3', 472000, 10432, 0, 1, 1, 1),
('ef5640a4-1264-4898-8751-4345f37333e3', '57ccd994-133e-47f8-aaeb-f98610b4ff49', '5f117654-25f3-4d23-a242-fd7686b2e21e', 512000, 79630, 1, 1, 8, 7);
INSERT INTO `transaction` (`id_transaction`, `id_customer`, `id_model`, `price`, `km_driven`, `spare_key`, `ownership`, `imperfections`, `repainted_parts`) VALUES
('ef8067cf-6624-4f06-8ac9-78e6815576ca', '31b5d41b-9825-440b-8c83-db7fab6cf750', '64764942-1aa9-4677-8d69-5f2f8d15d5b0', 556000, 30781, 0, 2, 7, 11),
('ef839aec-4429-43f4-a5be-83dedabbbf89', '239a6410-a8af-49fd-a1a3-7a2e3ff891bb', '7c3e8ce0-e41d-4cfa-b96c-f5ab53477659', 219000, 49551, 1, 2, 3, 6),
('efa13072-441a-4834-ab59-363dbd16c9d6', '44fd9227-f64f-4afc-875a-e10e4fd75f59', 'e6ecc0aa-0bf3-4342-a137-cc4b5564deb7', 518000, 110283, 1, 2, 7, 4),
('efdbebe4-31ec-432b-b674-e0448865d80a', '2c61e4d6-b3bf-49b4-8c0b-ba9924bb9f6c', 'f125c76c-f05e-4803-b28d-b8b2216d90af', 243000, 51243, 0, 2, 6, 1),
('efe7c621-8ede-4ed5-b680-358cd8ce5c36', '6d875df7-faa2-42e3-80bb-c134323e87a7', '38b8d81d-346f-48d6-8996-8099b97c8f67', 467000, 21422, 1, 1, 1, 2),
('f040ce5a-5432-4582-b413-b59fbaadeecd', 'c7d91e97-86ee-4d10-8bf5-3b495590ebee', 'b87d7b8c-60b0-4349-a26a-8577e4da29db', 297000, 94154, 1, 2, 8, 9),
('f04edeb7-2335-45ca-818e-b0192432a870', '239a6410-a8af-49fd-a1a3-7a2e3ff891bb', 'ef5341a3-9bd4-4434-bc17-0fe48ca04ca5', 288000, 99498, 0, 2, 19, 2),
('f06d5ef6-39e4-42b9-b700-d25eef57fabc', '5ae99da1-2bc2-462f-99fb-7f766f44f49e', 'ac1747c9-7666-42b2-8a4f-cdf0fddac2dc', 390000, 24676, 1, 1, 2, 0),
('f08e36ab-4908-4d89-9da6-4bdd5a8e3d98', '924e7e20-eebc-495c-b7a1-ae04ebe45a5a', 'a78a0e60-7bf9-4ecc-8152-f0f6cac5bab7', 1044000, 22250, 0, 1, 6, 0),
('f08fed3f-0b77-4590-b9fa-7322fea185c1', '03feaffa-d14f-440b-847c-8ae04fd11520', '6edd845b-a8e5-45a0-8b84-09043a7124e5', 221000, 97698, 1, 2, 14, 6),
('f0a3c2be-a5e8-49a9-bc78-77590c5a26d2', 'd6e852a0-e98d-4632-93c5-bb3e80b42c48', 'f6484daa-d5d9-4561-b092-a8e44ccf9df7', 581000, 16952, 0, 1, 7, 2),
('f0d1c7af-9717-4643-a017-5d240a69f6ba', '7aba5951-af19-4be0-8aa7-753843bdfb0f', '5e5192fb-9fc8-4a76-afe5-7aa8c038423c', 453000, 54226, 1, 1, 20, 1),
('f0d67a1d-12e1-4a2f-bcd3-d07828ccacd2', 'a21a4edd-5d3c-4bf9-9357-b6202d613cd8', '438fa9bb-7c29-4755-af99-9d578fcecb21', 546000, 34673, 0, 1, 0, 0),
('f17f0a6e-86bd-431e-9b62-1fbe2c0795eb', '4765ee38-5f57-4a74-964c-a14565a0378e', '5ae1d52e-f24e-4c46-a19a-35f96a6cb432', 713000, 34551, 1, 2, 5, 7),
('f19eda31-d8f0-4c1a-9bf8-353a50c5d7c2', '9490722f-a305-4625-a7bb-38271ccfa2fd', 'c495a3d1-c45e-47f4-9e1a-6f5b9165b58b', 287000, 82487, 1, 2, 0, 0),
('f1e10f2f-9281-4dc7-adc1-a45b8027d520', '7693a493-2521-4c2d-8264-c94a7cb31a92', '62f812d6-b141-4305-b758-64058d9e13ca', 584000, 86069, 1, 2, 26, 14),
('f1e9bfa6-4ee0-470f-b0c8-656033ec3567', '78f782d3-7199-4210-821c-afc336390cd4', '75a79bdc-5efc-4917-98aa-0090a4eab982', 308000, 98723, 1, 2, 12, 5),
('f1fde6f9-cf0e-4087-ae38-33a9ba63eca1', '4af1de4a-34ce-41de-9b07-382ebefe73e5', 'ea84aae7-ae43-4128-afb2-b96866660b33', 379000, 34793, 0, 1, 16, 0),
('f204b065-bbc7-408b-bac4-8d22de61a179', '79f6d774-8966-4497-ab9d-1aa8111e9be6', '7c724a4c-2758-4790-87d2-9619efaefca7', 382000, 59745, 0, 1, 16, 10),
('f26312a5-4c00-4130-bb7e-fe3c01323fac', '72828d79-0796-4b70-a3ef-b3815093e160', 'dc712551-579f-4b79-8a79-3b30737ea3be', 551000, 60938, 1, 2, 19, 10),
('f295a01e-c3ff-4619-ba89-10453102e895', '9b1b1996-8a61-4236-9916-ca06e4c021a4', '0f7733b4-7e1c-46e7-88e8-d53288c0fa51', 879000, 31176, 1, 1, 7, 3),
('f297c434-56b5-4cdf-a1fd-14757be02a72', 'deafc0e5-4441-4115-87ef-aa70d3ef2d96', 'd83a7c35-6536-41b1-a00a-a244552a4a3e', 503000, 43689, 0, 1, 23, 2),
('f2d17316-7865-4d8d-a6bd-9c019b3474f1', '31a7f8a5-68bb-45ae-b1c4-0f867f1ec398', '3b1d405c-eb07-4e80-a489-9e7c1df3a198', 387000, 18403, 1, 2, 1, 1),
('f2f311d8-cd83-425c-a547-f487cc386033', '7ec5e70b-bca7-4a25-a2c6-f75dcbf87638', '47f88a26-6f33-4ee3-a4e0-d6009f6cc2d3', 456000, 34267, 0, 2, 10, 1),
('f3426a37-ae71-454f-8d14-b43f9dc2611c', 'cf01b625-dba6-47d6-92d7-2287b9850437', 'f2a4ee2f-b27f-442d-b022-35bdb94707b3', 330000, 52584, 1, 2, 31, 6),
('f40168ce-388a-42f4-a89d-e85659655c17', '9bfd83de-0b5d-4ee8-86cb-490fd55eced2', '679f2404-f8b6-4fcd-a12f-e71bfc129314', 585000, 51151, 1, 1, 3, 1),
('f4685577-8599-44ed-8a8a-e4087aa86f9c', '9b1b1996-8a61-4236-9916-ca06e4c021a4', 'a260a952-eb2d-4f96-956b-5838c4520512', 230000, 92533, 0, 2, 0, 0),
('f519d46e-8961-4000-819b-7f32779b2cf0', '7718d74e-e6eb-4932-aad1-167105a11a3a', '736e4920-7f08-41bc-bfca-64357c8bd99c', 1146000, 12590, 0, 1, 0, 0),
('f51b3a1b-9bf0-4b21-b890-67cdf5bce414', '63b55129-ca1d-49de-8a7e-bb08d8260565', 'e032f8b5-98f6-4bb9-b260-2971ac54c668', 641000, 31366, 1, 1, 7, 1),
('f559e3c5-0d0b-439f-a3e2-f23945d57d9d', '2b696c5d-9cc6-4f15-b533-47b7a35f64d2', '38311a45-5b15-49ce-8373-3eac576f51f7', 459000, 99639, 0, 1, 14, 0),
('f5788108-78a7-41d6-a0ab-7ffeea7e6134', '9bfd83de-0b5d-4ee8-86cb-490fd55eced2', '736e4920-7f08-41bc-bfca-64357c8bd99c', 1182000, 8727, 0, 1, 4, 0),
('f580b4b7-555a-41d8-ac23-3ef5f4e13abe', '08dcf23c-29a0-4522-ba5b-c8d07b4ac122', '76dfe560-820a-4f15-b15b-ffe8b7b13ab1', 600000, 37541, 0, 1, 8, 8),
('f59c38c4-a552-477b-8c98-3823eff5a1c9', '6ac95144-ca5d-4519-a196-2b10e5391e00', '28186e97-2e96-4359-83f9-a84eedaacb75', 369000, 39091, 1, 1, 22, 3),
('f5a7fc82-240c-418e-872d-da5fff01770f', '8a32412e-51a7-448e-9467-79869e9e7e99', '08b1eb08-3e65-452b-86eb-aed4b9cec228', 362000, 64036, 1, 1, 2, 4),
('f5da6223-c94d-4f8c-a822-68ef574f8598', '728d06b2-3a72-4e5b-9338-f04ecf5f8b4a', '38162518-3ce2-48fd-957c-1a2bda4b6b81', 480000, 83683, 0, 2, 14, 5),
('f6011c9a-e47b-4d5e-9259-4ef953d8156f', 'b63763de-568b-4525-85c9-b65fb31c7883', '81300974-d081-4ac6-be39-c0c271c040a5', 792000, 16690, 1, 1, 4, 2),
('f62e6470-ac13-4769-bcb2-5bd1481339ff', 'cdc72b68-8d08-43e6-824d-8677f5a057aa', '1c16a4b8-5409-40b9-8da1-c8ec210ea902', 498000, 55511, 1, 2, 12, 1),
('f65e0de4-d6fd-4f0e-975e-6ac29c93a557', 'bd7a62fa-18c1-4da1-a4ad-7fc7585926f1', '87b31981-67fd-4ca4-b0f7-6193f9b7a2d2', 449000, 34421, 0, 2, 4, 9),
('f67b9906-dad9-4d3c-8906-f52086763ed6', 'e07b43cd-2481-41d2-977b-13d3eabb4750', '03340e84-f19e-4262-807d-f1466e6be2a5', 635000, 57587, 0, 1, 6, 3),
('f72cdc63-147d-41ad-bcc9-43e4666dc4cb', '6701adba-0d86-497c-8c6b-e9547571a2d9', '994c364d-71ab-44c9-b5c4-aa60098eeb9b', 313000, 64745, 0, 1, 0, 0),
('f7378c88-48fe-46dd-869f-c903807e7a01', '15499ef6-e07b-4271-b45e-d82d10f3f513', '7746e8a6-6bc5-435e-b1dd-6e8a7d40ca60', 737000, 63804, 0, 1, 7, 5),
('f74d90d4-ff56-45fa-8f82-9d45913ff1b9', '318960ba-4ecf-4289-82c6-e92f74f6748a', '7dadabf7-7729-4d8b-859c-07607a548e0a', 462000, 109535, 1, 1, 27, 13),
('f75176c5-aa4b-4bac-93ba-26a3a2fa6138', '31b5d41b-9825-440b-8c83-db7fab6cf750', 'aaf32e95-44e4-417d-9d1c-f3ee40f6eb57', 480000, 89264, 1, 1, 0, 0),
('f755d1a0-e615-4e6b-b13d-08aab47b5790', 'a6805054-4191-4d43-ada3-a807a78f15ef', '1c16a4b8-5409-40b9-8da1-c8ec210ea902', 505000, 43273, 1, 1, 16, 3),
('f7b4e42f-2cde-49a4-a46e-0a7a97ca2668', '142ca075-7e70-4f03-a78f-70fb64e08faf', '3dbbfecf-b9cd-4b3b-a17d-bb097df0f06b', 694000, 54029, 0, 1, 14, 3),
('f7ca868b-69aa-4b78-a91f-3eb0cfb7d4a2', 'c0d3bde6-36cc-4d93-8f1f-5cb70ab92c97', 'd6a3f6bf-f03f-42a4-9e1a-b929ab34a27a', 373000, 78845, 1, 1, 8, 2),
('f7e8240d-cbcb-4c4c-a10d-eccf86570da8', '8d65ff84-99fc-402e-bf22-37ae8bfd5e43', 'e6ecc0aa-0bf3-4342-a137-cc4b5564deb7', 506000, 29508, 1, 2, 14, 0),
('f8006953-550d-4b38-bdf5-801fbe5ba4a9', '891c34da-b563-4412-9d7d-936f880b21c8', '4e6f0a56-719e-46ce-8eeb-25d2535b44bd', 374000, 54485, 1, 1, 31, 6),
('f88a7b5c-18c7-47e6-b89d-8eaa05a04e38', 'f5215375-f4d1-455d-8e9c-6268a0d693a3', '585ad6d3-d963-4719-9625-162a6caaa72b', 624000, 8524, 1, 1, 1, 0),
('f8cf1b46-c523-4bcf-9722-b1e6cc0a65a7', '2f94a7ad-e780-461e-8863-56a64bd44e8a', '0379f222-0131-410e-8e3a-6961683f17af', 643000, 12797, 1, 1, 1, 0),
('f8df3481-23c5-4d75-9347-3e1c24cfdb2e', '9bfd83de-0b5d-4ee8-86cb-490fd55eced2', '7fe1c508-fc15-429b-90a4-7309c75bc8f7', 428000, 95626, 1, 2, 5, 0),
('f8e616db-df80-4557-b9d8-c4601fc67c9c', '5ae99da1-2bc2-462f-99fb-7f766f44f49e', 'e18531a7-31a4-4376-b3d8-b97b6d44a6c9', 311000, 55346, 1, 1, 25, 9),
('f8e9fa40-9326-4f02-8e45-3a93560ab37f', '6f78dd60-44b4-4b30-b65b-0004b1586697', 'cde166c3-f785-46f2-8026-8db07a402b82', 707000, 78170, 0, 2, 12, 3),
('f8f4f58c-c9ba-4d95-b12b-ba13b37178e1', '5aa9281f-6881-42c6-8422-4548a2fee763', 'd4194976-653c-4bfb-96a1-d741d9938060', 510000, 38776, 1, 1, 0, 0),
('f8fa3c7b-0b53-409f-b301-bd625d3e5661', 'aa93b8ad-a974-42a9-9764-aaaffaa21a5f', 'b66d0e73-545e-4a8e-b7f1-c043d05a9fd2', 613000, 30892, 1, 1, 5, 2),
('f935647d-00ae-4228-a737-e308137adf9c', 'd93d8e87-522c-4547-afd5-a8dafa582394', 'e920ebc8-6866-4513-a5e1-8831ed28d6cb', 592000, 64827, 0, 1, 3, 9),
('f941c90e-c0b6-4b40-aabe-bb71d80b7dd0', '9ff0119f-6851-48da-ad2f-a946bd980cae', 'f947581d-29db-4efa-a842-a4c147c6686c', 509000, 66966, 1, 1, 5, 4),
('f98a5d4a-4ffc-4838-945e-a9153e9b09c7', '239a6410-a8af-49fd-a1a3-7a2e3ff891bb', '96e5889f-f4d4-40a2-ad9b-199b237c45e3', 411000, 50012, 0, 1, 29, 3),
('f99257f1-ec60-47f5-b5b7-834a1668e16c', '32832771-b0d6-48af-863e-acdb17c0a35d', 'c3daeb3b-6c52-4073-ac43-e6510672bfbe', 647000, 59343, 0, 2, 5, 5),
('f99a8225-37f3-4a8e-b235-93b3b38b7345', '2c6a0988-53be-4807-96cb-c69e352ce7e9', '36c9fe29-ff34-4cd2-b342-edc62f0f77e3', 393000, 35817, 1, 1, 8, 5),
('f99ab59a-2874-4865-817f-0df027730dae', 'f71c082a-7648-4a50-b161-bc36cbd1f9b1', 'dcca644c-1f45-4184-b474-bacf472bb56b', 815000, 19123, 1, 1, 0, 0),
('f9b6efa0-4885-4c57-9c6f-c1be86ef9d44', '25b45a83-70e7-4685-b5f2-6b78b2e7ed2c', '65d03885-0e57-4fda-a0c2-64dec4dd6f23', 397000, 38523, 0, 1, 8, 5),
('f9eea351-5b4b-4770-8672-022352a5106b', 'cdc72b68-8d08-43e6-824d-8677f5a057aa', '39e5e191-93a9-401f-b205-45e73ab228d9', 1058000, 66111, 0, 1, 0, 0),
('fa738bac-73cb-4f9b-b2b1-38a0c177adba', '74ea14fe-10a2-42a8-a647-cd54f61fe382', 'aed47f0e-3f66-4450-921d-c45b54d31e0c', 356000, 62234, 0, 2, 4, 12),
('fab7ed7d-e728-45fc-9c32-51caa0411020', '5d7d44c0-ef9b-44c2-9297-4ae01e5e14e7', 'cda7f543-cd8f-447d-8eda-827354e3fe90', 408000, 38333, 0, 1, 3, 1),
('fac3a963-3feb-4af2-85da-59a2ef7e5203', 'b556def5-8570-4c4a-9772-03d838551420', '429c756a-949b-424f-a9af-ef452f261617', 320000, 72832, 1, 1, 32, 7),
('fb18e7b9-37be-4fd5-b2de-64633cf5bd73', 'dc749658-9697-4547-9ed7-93e82e9e36a7', '11e6bca8-a333-4def-b0ed-258c094bdd9f', 661000, 45808, 0, 1, 6, 0),
('fb399b60-a6fa-44f2-85dd-ea8549832d12', '84cb19dd-389d-45e7-a812-6cf038b2345e', '5e5192fb-9fc8-4a76-afe5-7aa8c038423c', 412000, 26471, 1, 1, 7, 3),
('fb6dd8bb-4eab-43c2-bc38-c09688d899fc', 'c71446ba-868f-4ff8-951d-0005c98617e1', 'd08d67a0-acd9-44d3-bb13-f809b1e8b390', 626000, 33161, 1, 1, 5, 3),
('fb9e870a-96bb-4090-b832-25eb00b2f88a', '856e28a2-7e5b-492d-89ae-8567f59eac85', '2c5269bd-4afd-43ce-ad22-1e4259a0017d', 528000, 29453, 1, 1, 15, 2),
('fbcbbc68-0bab-4255-98a2-3853430ad1b3', 'd9de8d89-f2c8-4860-b17f-3f522ee5aa72', '75a79bdc-5efc-4917-98aa-0090a4eab982', 307000, 83098, 0, 2, 23, 2),
('fbd8280f-7709-4b98-8689-3dcb5d7252f0', 'ce1df218-757e-4cce-90c0-3fe9780bb377', 'b4d4ea31-62a6-4fbd-b804-861c9cf81dd6', 412000, 58200, 1, 1, 27, 6),
('fc747a88-0cdb-4857-bfdc-df8fb7e294e6', '9b576a1b-9739-426a-afa7-b811ffddf74a', '90ae8e56-d3ca-464f-b817-6eec6fa9efd5', 190000, 72134, 1, 1, 21, 6),
('fc79da87-a9a4-4231-a929-1f5d230e0aa7', '007e7b4c-2b23-4f5e-8c25-e640693776f0', '86f7823f-f408-47bb-8751-90034442e428', 757000, 88132, 1, 1, 5, 5),
('fc7b41b9-a87b-44ab-96a7-3fd3042a422e', '9b518155-c6c7-4e01-8dd4-032531246f7c', '7352299d-ea97-4c88-807a-5511da23f8ef', 536000, 17745, 1, 1, 1, 1),
('fc7efaf7-e09f-47e6-9834-baa9621043c8', 'a590eb1b-23d3-4f42-af8f-b507de6d2788', 'dc64c175-e1cd-43b6-b25b-0ed2de01a9be', 625000, 38261, 1, 1, 6, 7),
('fc8ae334-3df9-485f-ae0d-46d3eefb3b2e', '68065598-0a46-4648-b330-de4f847073d0', '83647f78-4484-44ee-85ab-469cba0f3744', 617000, 51980, 1, 1, 5, 6),
('fc8f53eb-e786-4e20-8612-7006e8a50696', '856e28a2-7e5b-492d-89ae-8567f59eac85', 'f125c76c-f05e-4803-b28d-b8b2216d90af', 243000, 75053, 1, 1, 12, 7),
('fccb02d6-e835-4951-a421-ab66f87ac917', 'ed28d6c8-caf1-4dfe-8da9-ada2b3b372f9', 'e4cb5fc2-6820-4c06-93c5-b88c77cd774c', 1220000, 8892, 1, 1, 0, 0),
('fd0cef72-6c6c-49d3-a8e6-2362e242e16a', 'b43bc10d-c549-4d90-80f1-a517a1ca6683', 'e47912ad-cb27-46a0-aacd-6606eb6b609e', 388000, 65734, 1, 1, 14, 0),
('fd2e40c1-ece3-453b-afd6-663c36d830c1', 'cf24e1f0-154f-48f8-ab3f-f55d6c2c342f', 'd4194976-653c-4bfb-96a1-d741d9938060', 477000, 58159, 1, 1, 13, 2),
('fd3ae99e-292a-4054-92d7-efc616ac1c68', '95d655a2-f8b2-4943-8e40-f29d4ed4c57b', 'a856d1ce-1261-4e4e-96d6-6ba6205c8c81', 631000, 78967, 0, 1, 11, 7),
('fd6a8f8c-36d5-4b46-98e1-56340a9fe093', '856e28a2-7e5b-492d-89ae-8567f59eac85', '20c254d4-b841-4503-9cf6-e5b0e3fc9a34', 542000, 16495, 1, 1, 8, 0),
('fd6cae03-ab98-4eb4-9052-980f1e366e99', '537a49fc-6a72-45c1-9f14-d1fb6d65f683', 'ef5341a3-9bd4-4434-bc17-0fe48ca04ca5', 358000, 82634, 1, 1, 0, 0),
('fdaccb68-2066-4161-a436-97e3d7bccf6d', 'a6805054-4191-4d43-ada3-a807a78f15ef', 'ea4e1156-c834-4437-8820-4ac71548fac3', 567000, 3136, 0, 1, 1, 0),
('fdd10fbb-9b08-4c2c-9c39-e0907afb1ca0', '0f23090d-793c-4d8d-9ab3-c95e5a923042', '44d80cc5-f6a9-47cf-b7d9-a111ee774172', 327000, 98581, 1, 2, 0, 0),
('fdeb78c7-844b-41bf-8a22-5ea51a6740e3', 'cdc72b68-8d08-43e6-824d-8677f5a057aa', '7e46aff2-7d1d-44b3-9683-dbd4300bb9c4', 476000, 25824, 1, 1, 0, 0),
('fdf20e07-814d-4470-9aca-df71542a971e', '53c1a694-97db-4576-902a-c07d49a907be', '7352299d-ea97-4c88-807a-5511da23f8ef', 612000, 7097, 1, 1, 1, 0),
('fe2789b2-228a-4f99-b544-d3af80c08343', 'ad384e62-1875-43d3-9878-6da45dc20e4b', '4d3d2b26-9032-40b1-a493-4ee6ff9fe7c8', 916000, 46533, 1, 2, 13, 0),
('fe4127a3-6112-4de2-80ce-1c06a3f94416', 'e07b43cd-2481-41d2-977b-13d3eabb4750', 'd5b4569f-8d2e-47e9-ad13-76c8fae686f0', 790000, 32142, 1, 1, 8, 4),
('fe4a345b-d3da-4c38-a4e4-2f3a197723a2', '2677ef4a-2fd4-43cd-a9cf-63c68c578191', 'a80e6a3a-2efc-41a4-80a2-bd315be963b8', 581000, 33974, 1, 1, 8, 4),
('feb4c164-deb5-45ba-a261-2a7fea8321e4', 'ea64f028-7031-4058-94a3-c6a5f48308ce', '47f88a26-6f33-4ee3-a4e0-d6009f6cc2d3', 452000, 21839, 1, 2, 6, 2),
('feeff1da-cf4f-4cca-a76b-f8b4291d50b4', '2ca59f3d-0c0b-4265-9bd3-af5216f30573', '97f9b6a3-927a-4135-9efc-0cab2a5d06af', 377000, 80409, 1, 1, 0, 0),
('ff20acab-a900-4e8c-bdf4-fb78d258f2f4', '4af1de4a-34ce-41de-9b07-382ebefe73e5', '999ab148-9e32-47e6-9e91-ac91fc590615', 709000, 88267, 1, 1, 5, 2),
('ff7050c9-d256-4d55-94db-d356d3db3f31', 'd3d9e1f5-b590-4042-8ef8-63783f1d8249', 'ef179f91-b0db-4e67-965e-2b1637722a86', 580000, 44613, 1, 2, 5, 8),
('ffd8572d-a539-4e4d-9272-d24f20c1f476', '5f25da18-6be6-4ffa-94f2-40b4e761b6f0', 'd4b09c43-aaa6-46e8-b638-14a1ae70a78b', 690000, 45407, 1, 1, 11, 8);

-- --------------------------------------------------------

--
-- Table structure for table `transmission`
--

CREATE TABLE `transmission` (
  `id_transmission` varchar(255) NOT NULL,
  `transmission_type` varchar(50) DEFAULT NULL
) ENGINE=InnoDB DEFAULT CHARSET=utf8mb4 COLLATE=utf8mb4_0900_ai_ci;

--
-- Dumping data for table `transmission`
--

INSERT INTO `transmission` (`id_transmission`, `transmission_type`) VALUES
('81df1b3c-ec67-46bc-9afd-0ef81974be74', 'Manual'),
('aa54da78-124c-4a4e-a240-9b1026a8b453', 'Automatic');

--
-- Indexes for dumped tables
--

--
-- Indexes for table `customer`
--
ALTER TABLE `customer`
  ADD PRIMARY KEY (`id_customer`);

--
-- Indexes for table `engine`
--
ALTER TABLE `engine`
  ADD PRIMARY KEY (`id_engine`);

--
-- Indexes for table `model`
--
ALTER TABLE `model`
  ADD PRIMARY KEY (`id_model`);

--
-- Indexes for table `transaction`
--
ALTER TABLE `transaction`
  ADD PRIMARY KEY (`id_transaction`);

--
-- Indexes for table `transmission`
--
ALTER TABLE `transmission`
  ADD PRIMARY KEY (`id_transmission`);
COMMIT;

/*!40101 SET CHARACTER_SET_CLIENT=@OLD_CHARACTER_SET_CLIENT */;
/*!40101 SET CHARACTER_SET_RESULTS=@OLD_CHARACTER_SET_RESULTS */;
/*!40101 SET COLLATION_CONNECTION=@OLD_COLLATION_CONNECTION */;
